id,effort,effort_weight,effort_space,effort_time,placement,air,age,size,tempo,volume,attitude
1,dab,light,direct,sudden,nasal,breathy,kid-ish,tiny,slow,hushed,friendly
2,dab,light,direct,sudden,nasal,breathy,kid-ish,tiny,slow,hushed,deadpan
3,dab,light,direct,sudden,nasal,breathy,kid-ish,tiny,slow,hushed,menacing
4,dab,light,direct,sudden,nasal,breathy,kid-ish,tiny,slow,medium,friendly
5,dab,light,direct,sudden,nasal,breathy,kid-ish,tiny,slow,medium,deadpan
6,dab,light,direct,sudden,nasal,breathy,kid-ish,tiny,slow,medium,menacing
7,dab,light,direct,sudden,nasal,breathy,kid-ish,tiny,slow,big,friendly
8,dab,light,direct,sudden,nasal,breathy,kid-ish,tiny,slow,big,deadpan
9,dab,light,direct,sudden,nasal,breathy,kid-ish,tiny,slow,big,menacing
10,dab,light,direct,sudden,nasal,breathy,kid-ish,tiny,steady,hushed,friendly
11,dab,light,direct,sudden,nasal,breathy,kid-ish,tiny,steady,hushed,deadpan
12,dab,light,direct,sudden,nasal,breathy,kid-ish,tiny,steady,hushed,menacing
13,dab,light,direct,sudden,nasal,breathy,kid-ish,tiny,steady,medium,friendly
14,dab,light,direct,sudden,nasal,breathy,kid-ish,tiny,steady,medium,deadpan
15,dab,light,direct,sudden,nasal,breathy,kid-ish,tiny,steady,medium,menacing
16,dab,light,direct,sudden,nasal,breathy,kid-ish,tiny,steady,big,friendly
17,dab,light,direct,sudden,nasal,breathy,kid-ish,tiny,steady,big,deadpan
18,dab,light,direct,sudden,nasal,breathy,kid-ish,tiny,steady,big,menacing
19,dab,light,direct,sudden,nasal,breathy,kid-ish,tiny,rapid,hushed,friendly
20,dab,light,direct,sudden,nasal,breathy,kid-ish,tiny,rapid,hushed,deadpan
21,dab,light,direct,sudden,nasal,breathy,kid-ish,tiny,rapid,hushed,menacing
22,dab,light,direct,sudden,nasal,breathy,kid-ish,tiny,rapid,medium,friendly
23,dab,light,direct,sudden,nasal,breathy,kid-ish,tiny,rapid,medium,deadpan
24,dab,light,direct,sudden,nasal,breathy,kid-ish,tiny,rapid,medium,menacing
25,dab,light,direct,sudden,nasal,breathy,kid-ish,tiny,rapid,big,friendly
26,dab,light,direct,sudden,nasal,breathy,kid-ish,tiny,rapid,big,deadpan
27,dab,light,direct,sudden,nasal,breathy,kid-ish,tiny,rapid,big,menacing
28,dab,light,direct,sudden,nasal,breathy,kid-ish,medium,slow,hushed,friendly
29,dab,light,direct,sudden,nasal,breathy,kid-ish,medium,slow,hushed,deadpan
30,dab,light,direct,sudden,nasal,breathy,kid-ish,medium,slow,hushed,menacing
31,dab,light,direct,sudden,nasal,breathy,kid-ish,medium,slow,medium,friendly
32,dab,light,direct,sudden,nasal,breathy,kid-ish,medium,slow,medium,deadpan
33,dab,light,direct,sudden,nasal,breathy,kid-ish,medium,slow,medium,menacing
34,dab,light,direct,sudden,nasal,breathy,kid-ish,medium,slow,big,friendly
35,dab,light,direct,sudden,nasal,breathy,kid-ish,medium,slow,big,deadpan
36,dab,light,direct,sudden,nasal,breathy,kid-ish,medium,slow,big,menacing
37,dab,light,direct,sudden,nasal,breathy,kid-ish,medium,steady,hushed,friendly
38,dab,light,direct,sudden,nasal,breathy,kid-ish,medium,steady,hushed,deadpan
39,dab,light,direct,sudden,nasal,breathy,kid-ish,medium,steady,hushed,menacing
40,dab,light,direct,sudden,nasal,breathy,kid-ish,medium,steady,medium,friendly
41,dab,light,direct,sudden,nasal,breathy,kid-ish,medium,steady,medium,deadpan
42,dab,light,direct,sudden,nasal,breathy,kid-ish,medium,steady,medium,menacing
43,dab,light,direct,sudden,nasal,breathy,kid-ish,medium,steady,big,friendly
44,dab,light,direct,sudden,nasal,breathy,kid-ish,medium,steady,big,deadpan
45,dab,light,direct,sudden,nasal,breathy,kid-ish,medium,steady,big,menacing
46,dab,light,direct,sudden,nasal,breathy,kid-ish,medium,rapid,hushed,friendly
47,dab,light,direct,sudden,nasal,breathy,kid-ish,medium,rapid,hushed,deadpan
48,dab,light,direct,sudden,nasal,breathy,kid-ish,medium,rapid,hushed,menacing
49,dab,light,direct,sudden,nasal,breathy,kid-ish,medium,rapid,medium,friendly
50,dab,light,direct,sudden,nasal,breathy,kid-ish,medium,rapid,medium,deadpan
51,dab,light,direct,sudden,nasal,breathy,kid-ish,medium,rapid,medium,menacing
52,dab,light,direct,sudden,nasal,breathy,kid-ish,medium,rapid,big,friendly
53,dab,light,direct,sudden,nasal,breathy,kid-ish,medium,rapid,big,deadpan
54,dab,light,direct,sudden,nasal,breathy,kid-ish,medium,rapid,big,menacing
55,dab,light,direct,sudden,nasal,breathy,kid-ish,huge,slow,hushed,friendly
56,dab,light,direct,sudden,nasal,breathy,kid-ish,huge,slow,hushed,deadpan
57,dab,light,direct,sudden,nasal,breathy,kid-ish,huge,slow,hushed,menacing
58,dab,light,direct,sudden,nasal,breathy,kid-ish,huge,slow,medium,friendly
59,dab,light,direct,sudden,nasal,breathy,kid-ish,huge,slow,medium,deadpan
60,dab,light,direct,sudden,nasal,breathy,kid-ish,huge,slow,medium,menacing
61,dab,light,direct,sudden,nasal,breathy,kid-ish,huge,slow,big,friendly
62,dab,light,direct,sudden,nasal,breathy,kid-ish,huge,slow,big,deadpan
63,dab,light,direct,sudden,nasal,breathy,kid-ish,huge,slow,big,menacing
64,dab,light,direct,sudden,nasal,breathy,kid-ish,huge,steady,hushed,friendly
65,dab,light,direct,sudden,nasal,breathy,kid-ish,huge,steady,hushed,deadpan
66,dab,light,direct,sudden,nasal,breathy,kid-ish,huge,steady,hushed,menacing
67,dab,light,direct,sudden,nasal,breathy,kid-ish,huge,steady,medium,friendly
68,dab,light,direct,sudden,nasal,breathy,kid-ish,huge,steady,medium,deadpan
69,dab,light,direct,sudden,nasal,breathy,kid-ish,huge,steady,medium,menacing
70,dab,light,direct,sudden,nasal,breathy,kid-ish,huge,steady,big,friendly
71,dab,light,direct,sudden,nasal,breathy,kid-ish,huge,steady,big,deadpan
72,dab,light,direct,sudden,nasal,breathy,kid-ish,huge,steady,big,menacing
73,dab,light,direct,sudden,nasal,breathy,kid-ish,huge,rapid,hushed,friendly
74,dab,light,direct,sudden,nasal,breathy,kid-ish,huge,rapid,hushed,deadpan
75,dab,light,direct,sudden,nasal,breathy,kid-ish,huge,rapid,hushed,menacing
76,dab,light,direct,sudden,nasal,breathy,kid-ish,huge,rapid,medium,friendly
77,dab,light,direct,sudden,nasal,breathy,kid-ish,huge,rapid,medium,deadpan
78,dab,light,direct,sudden,nasal,breathy,kid-ish,huge,rapid,medium,menacing
79,dab,light,direct,sudden,nasal,breathy,kid-ish,huge,rapid,big,friendly
80,dab,light,direct,sudden,nasal,breathy,kid-ish,huge,rapid,big,deadpan
81,dab,light,direct,sudden,nasal,breathy,kid-ish,huge,rapid,big,menacing
82,dab,light,direct,sudden,nasal,breathy,adult,tiny,slow,hushed,friendly
83,dab,light,direct,sudden,nasal,breathy,adult,tiny,slow,hushed,deadpan
84,dab,light,direct,sudden,nasal,breathy,adult,tiny,slow,hushed,menacing
85,dab,light,direct,sudden,nasal,breathy,adult,tiny,slow,medium,friendly
86,dab,light,direct,sudden,nasal,breathy,adult,tiny,slow,medium,deadpan
87,dab,light,direct,sudden,nasal,breathy,adult,tiny,slow,medium,menacing
88,dab,light,direct,sudden,nasal,breathy,adult,tiny,slow,big,friendly
89,dab,light,direct,sudden,nasal,breathy,adult,tiny,slow,big,deadpan
90,dab,light,direct,sudden,nasal,breathy,adult,tiny,slow,big,menacing
91,dab,light,direct,sudden,nasal,breathy,adult,tiny,steady,hushed,friendly
92,dab,light,direct,sudden,nasal,breathy,adult,tiny,steady,hushed,deadpan
93,dab,light,direct,sudden,nasal,breathy,adult,tiny,steady,hushed,menacing
94,dab,light,direct,sudden,nasal,breathy,adult,tiny,steady,medium,friendly
95,dab,light,direct,sudden,nasal,breathy,adult,tiny,steady,medium,deadpan
96,dab,light,direct,sudden,nasal,breathy,adult,tiny,steady,medium,menacing
97,dab,light,direct,sudden,nasal,breathy,adult,tiny,steady,big,friendly
98,dab,light,direct,sudden,nasal,breathy,adult,tiny,steady,big,deadpan
99,dab,light,direct,sudden,nasal,breathy,adult,tiny,steady,big,menacing
100,dab,light,direct,sudden,nasal,breathy,adult,tiny,rapid,hushed,friendly
101,dab,light,direct,sudden,nasal,breathy,adult,tiny,rapid,hushed,deadpan
102,dab,light,direct,sudden,nasal,breathy,adult,tiny,rapid,hushed,menacing
103,dab,light,direct,sudden,nasal,breathy,adult,tiny,rapid,medium,friendly
104,dab,light,direct,sudden,nasal,breathy,adult,tiny,rapid,medium,deadpan
105,dab,light,direct,sudden,nasal,breathy,adult,tiny,rapid,medium,menacing
106,dab,light,direct,sudden,nasal,breathy,adult,tiny,rapid,big,friendly
107,dab,light,direct,sudden,nasal,breathy,adult,tiny,rapid,big,deadpan
108,dab,light,direct,sudden,nasal,breathy,adult,tiny,rapid,big,menacing
109,dab,light,direct,sudden,nasal,breathy,adult,medium,slow,hushed,friendly
110,dab,light,direct,sudden,nasal,breathy,adult,medium,slow,hushed,deadpan
111,dab,light,direct,sudden,nasal,breathy,adult,medium,slow,hushed,menacing
112,dab,light,direct,sudden,nasal,breathy,adult,medium,slow,medium,friendly
113,dab,light,direct,sudden,nasal,breathy,adult,medium,slow,medium,deadpan
114,dab,light,direct,sudden,nasal,breathy,adult,medium,slow,medium,menacing
115,dab,light,direct,sudden,nasal,breathy,adult,medium,slow,big,friendly
116,dab,light,direct,sudden,nasal,breathy,adult,medium,slow,big,deadpan
117,dab,light,direct,sudden,nasal,breathy,adult,medium,slow,big,menacing
118,dab,light,direct,sudden,nasal,breathy,adult,medium,steady,hushed,friendly
119,dab,light,direct,sudden,nasal,breathy,adult,medium,steady,hushed,deadpan
120,dab,light,direct,sudden,nasal,breathy,adult,medium,steady,hushed,menacing
121,dab,light,direct,sudden,nasal,breathy,adult,medium,steady,medium,friendly
122,dab,light,direct,sudden,nasal,breathy,adult,medium,steady,medium,deadpan
123,dab,light,direct,sudden,nasal,breathy,adult,medium,steady,medium,menacing
124,dab,light,direct,sudden,nasal,breathy,adult,medium,steady,big,friendly
125,dab,light,direct,sudden,nasal,breathy,adult,medium,steady,big,deadpan
126,dab,light,direct,sudden,nasal,breathy,adult,medium,steady,big,menacing
127,dab,light,direct,sudden,nasal,breathy,adult,medium,rapid,hushed,friendly
128,dab,light,direct,sudden,nasal,breathy,adult,medium,rapid,hushed,deadpan
129,dab,light,direct,sudden,nasal,breathy,adult,medium,rapid,hushed,menacing
130,dab,light,direct,sudden,nasal,breathy,adult,medium,rapid,medium,friendly
131,dab,light,direct,sudden,nasal,breathy,adult,medium,rapid,medium,deadpan
132,dab,light,direct,sudden,nasal,breathy,adult,medium,rapid,medium,menacing
133,dab,light,direct,sudden,nasal,breathy,adult,medium,rapid,big,friendly
134,dab,light,direct,sudden,nasal,breathy,adult,medium,rapid,big,deadpan
135,dab,light,direct,sudden,nasal,breathy,adult,medium,rapid,big,menacing
136,dab,light,direct,sudden,nasal,breathy,adult,huge,slow,hushed,friendly
137,dab,light,direct,sudden,nasal,breathy,adult,huge,slow,hushed,deadpan
138,dab,light,direct,sudden,nasal,breathy,adult,huge,slow,hushed,menacing
139,dab,light,direct,sudden,nasal,breathy,adult,huge,slow,medium,friendly
140,dab,light,direct,sudden,nasal,breathy,adult,huge,slow,medium,deadpan
141,dab,light,direct,sudden,nasal,breathy,adult,huge,slow,medium,menacing
142,dab,light,direct,sudden,nasal,breathy,adult,huge,slow,big,friendly
143,dab,light,direct,sudden,nasal,breathy,adult,huge,slow,big,deadpan
144,dab,light,direct,sudden,nasal,breathy,adult,huge,slow,big,menacing
145,dab,light,direct,sudden,nasal,breathy,adult,huge,steady,hushed,friendly
146,dab,light,direct,sudden,nasal,breathy,adult,huge,steady,hushed,deadpan
147,dab,light,direct,sudden,nasal,breathy,adult,huge,steady,hushed,menacing
148,dab,light,direct,sudden,nasal,breathy,adult,huge,steady,medium,friendly
149,dab,light,direct,sudden,nasal,breathy,adult,huge,steady,medium,deadpan
150,dab,light,direct,sudden,nasal,breathy,adult,huge,steady,medium,menacing
151,dab,light,direct,sudden,nasal,breathy,adult,huge,steady,big,friendly
152,dab,light,direct,sudden,nasal,breathy,adult,huge,steady,big,deadpan
153,dab,light,direct,sudden,nasal,breathy,adult,huge,steady,big,menacing
154,dab,light,direct,sudden,nasal,breathy,adult,huge,rapid,hushed,friendly
155,dab,light,direct,sudden,nasal,breathy,adult,huge,rapid,hushed,deadpan
156,dab,light,direct,sudden,nasal,breathy,adult,huge,rapid,hushed,menacing
157,dab,light,direct,sudden,nasal,breathy,adult,huge,rapid,medium,friendly
158,dab,light,direct,sudden,nasal,breathy,adult,huge,rapid,medium,deadpan
159,dab,light,direct,sudden,nasal,breathy,adult,huge,rapid,medium,menacing
160,dab,light,direct,sudden,nasal,breathy,adult,huge,rapid,big,friendly
161,dab,light,direct,sudden,nasal,breathy,adult,huge,rapid,big,deadpan
162,dab,light,direct,sudden,nasal,breathy,adult,huge,rapid,big,menacing
163,dab,light,direct,sudden,nasal,breathy,elder,tiny,slow,hushed,friendly
164,dab,light,direct,sudden,nasal,breathy,elder,tiny,slow,hushed,deadpan
165,dab,light,direct,sudden,nasal,breathy,elder,tiny,slow,hushed,menacing
166,dab,light,direct,sudden,nasal,breathy,elder,tiny,slow,medium,friendly
167,dab,light,direct,sudden,nasal,breathy,elder,tiny,slow,medium,deadpan
168,dab,light,direct,sudden,nasal,breathy,elder,tiny,slow,medium,menacing
169,dab,light,direct,sudden,nasal,breathy,elder,tiny,slow,big,friendly
170,dab,light,direct,sudden,nasal,breathy,elder,tiny,slow,big,deadpan
171,dab,light,direct,sudden,nasal,breathy,elder,tiny,slow,big,menacing
172,dab,light,direct,sudden,nasal,breathy,elder,tiny,steady,hushed,friendly
173,dab,light,direct,sudden,nasal,breathy,elder,tiny,steady,hushed,deadpan
174,dab,light,direct,sudden,nasal,breathy,elder,tiny,steady,hushed,menacing
175,dab,light,direct,sudden,nasal,breathy,elder,tiny,steady,medium,friendly
176,dab,light,direct,sudden,nasal,breathy,elder,tiny,steady,medium,deadpan
177,dab,light,direct,sudden,nasal,breathy,elder,tiny,steady,medium,menacing
178,dab,light,direct,sudden,nasal,breathy,elder,tiny,steady,big,friendly
179,dab,light,direct,sudden,nasal,breathy,elder,tiny,steady,big,deadpan
180,dab,light,direct,sudden,nasal,breathy,elder,tiny,steady,big,menacing
181,dab,light,direct,sudden,nasal,breathy,elder,tiny,rapid,hushed,friendly
182,dab,light,direct,sudden,nasal,breathy,elder,tiny,rapid,hushed,deadpan
183,dab,light,direct,sudden,nasal,breathy,elder,tiny,rapid,hushed,menacing
184,dab,light,direct,sudden,nasal,breathy,elder,tiny,rapid,medium,friendly
185,dab,light,direct,sudden,nasal,breathy,elder,tiny,rapid,medium,deadpan
186,dab,light,direct,sudden,nasal,breathy,elder,tiny,rapid,medium,menacing
187,dab,light,direct,sudden,nasal,breathy,elder,tiny,rapid,big,friendly
188,dab,light,direct,sudden,nasal,breathy,elder,tiny,rapid,big,deadpan
189,dab,light,direct,sudden,nasal,breathy,elder,tiny,rapid,big,menacing
190,dab,light,direct,sudden,nasal,breathy,elder,medium,slow,hushed,friendly
191,dab,light,direct,sudden,nasal,breathy,elder,medium,slow,hushed,deadpan
192,dab,light,direct,sudden,nasal,breathy,elder,medium,slow,hushed,menacing
193,dab,light,direct,sudden,nasal,breathy,elder,medium,slow,medium,friendly
194,dab,light,direct,sudden,nasal,breathy,elder,medium,slow,medium,deadpan
195,dab,light,direct,sudden,nasal,breathy,elder,medium,slow,medium,menacing
196,dab,light,direct,sudden,nasal,breathy,elder,medium,slow,big,friendly
197,dab,light,direct,sudden,nasal,breathy,elder,medium,slow,big,deadpan
198,dab,light,direct,sudden,nasal,breathy,elder,medium,slow,big,menacing
199,dab,light,direct,sudden,nasal,breathy,elder,medium,steady,hushed,friendly
200,dab,light,direct,sudden,nasal,breathy,elder,medium,steady,hushed,deadpan
201,dab,light,direct,sudden,nasal,breathy,elder,medium,steady,hushed,menacing
202,dab,light,direct,sudden,nasal,breathy,elder,medium,steady,medium,friendly
203,dab,light,direct,sudden,nasal,breathy,elder,medium,steady,medium,deadpan
204,dab,light,direct,sudden,nasal,breathy,elder,medium,steady,medium,menacing
205,dab,light,direct,sudden,nasal,breathy,elder,medium,steady,big,friendly
206,dab,light,direct,sudden,nasal,breathy,elder,medium,steady,big,deadpan
207,dab,light,direct,sudden,nasal,breathy,elder,medium,steady,big,menacing
208,dab,light,direct,sudden,nasal,breathy,elder,medium,rapid,hushed,friendly
209,dab,light,direct,sudden,nasal,breathy,elder,medium,rapid,hushed,deadpan
210,dab,light,direct,sudden,nasal,breathy,elder,medium,rapid,hushed,menacing
211,dab,light,direct,sudden,nasal,breathy,elder,medium,rapid,medium,friendly
212,dab,light,direct,sudden,nasal,breathy,elder,medium,rapid,medium,deadpan
213,dab,light,direct,sudden,nasal,breathy,elder,medium,rapid,medium,menacing
214,dab,light,direct,sudden,nasal,breathy,elder,medium,rapid,big,friendly
215,dab,light,direct,sudden,nasal,breathy,elder,medium,rapid,big,deadpan
216,dab,light,direct,sudden,nasal,breathy,elder,medium,rapid,big,menacing
217,dab,light,direct,sudden,nasal,breathy,elder,huge,slow,hushed,friendly
218,dab,light,direct,sudden,nasal,breathy,elder,huge,slow,hushed,deadpan
219,dab,light,direct,sudden,nasal,breathy,elder,huge,slow,hushed,menacing
220,dab,light,direct,sudden,nasal,breathy,elder,huge,slow,medium,friendly
221,dab,light,direct,sudden,nasal,breathy,elder,huge,slow,medium,deadpan
222,dab,light,direct,sudden,nasal,breathy,elder,huge,slow,medium,menacing
223,dab,light,direct,sudden,nasal,breathy,elder,huge,slow,big,friendly
224,dab,light,direct,sudden,nasal,breathy,elder,huge,slow,big,deadpan
225,dab,light,direct,sudden,nasal,breathy,elder,huge,slow,big,menacing
226,dab,light,direct,sudden,nasal,breathy,elder,huge,steady,hushed,friendly
227,dab,light,direct,sudden,nasal,breathy,elder,huge,steady,hushed,deadpan
228,dab,light,direct,sudden,nasal,breathy,elder,huge,steady,hushed,menacing
229,dab,light,direct,sudden,nasal,breathy,elder,huge,steady,medium,friendly
230,dab,light,direct,sudden,nasal,breathy,elder,huge,steady,medium,deadpan
231,dab,light,direct,sudden,nasal,breathy,elder,huge,steady,medium,menacing
232,dab,light,direct,sudden,nasal,breathy,elder,huge,steady,big,friendly
233,dab,light,direct,sudden,nasal,breathy,elder,huge,steady,big,deadpan
234,dab,light,direct,sudden,nasal,breathy,elder,huge,steady,big,menacing
235,dab,light,direct,sudden,nasal,breathy,elder,huge,rapid,hushed,friendly
236,dab,light,direct,sudden,nasal,breathy,elder,huge,rapid,hushed,deadpan
237,dab,light,direct,sudden,nasal,breathy,elder,huge,rapid,hushed,menacing
238,dab,light,direct,sudden,nasal,breathy,elder,huge,rapid,medium,friendly
239,dab,light,direct,sudden,nasal,breathy,elder,huge,rapid,medium,deadpan
240,dab,light,direct,sudden,nasal,breathy,elder,huge,rapid,medium,menacing
241,dab,light,direct,sudden,nasal,breathy,elder,huge,rapid,big,friendly
242,dab,light,direct,sudden,nasal,breathy,elder,huge,rapid,big,deadpan
243,dab,light,direct,sudden,nasal,breathy,elder,huge,rapid,big,menacing
244,dab,light,direct,sudden,nasal,dry,kid-ish,tiny,slow,hushed,friendly
245,dab,light,direct,sudden,nasal,dry,kid-ish,tiny,slow,hushed,deadpan
246,dab,light,direct,sudden,nasal,dry,kid-ish,tiny,slow,hushed,menacing
247,dab,light,direct,sudden,nasal,dry,kid-ish,tiny,slow,medium,friendly
248,dab,light,direct,sudden,nasal,dry,kid-ish,tiny,slow,medium,deadpan
249,dab,light,direct,sudden,nasal,dry,kid-ish,tiny,slow,medium,menacing
250,dab,light,direct,sudden,nasal,dry,kid-ish,tiny,slow,big,friendly
251,dab,light,direct,sudden,nasal,dry,kid-ish,tiny,slow,big,deadpan
252,dab,light,direct,sudden,nasal,dry,kid-ish,tiny,slow,big,menacing
253,dab,light,direct,sudden,nasal,dry,kid-ish,tiny,steady,hushed,friendly
254,dab,light,direct,sudden,nasal,dry,kid-ish,tiny,steady,hushed,deadpan
255,dab,light,direct,sudden,nasal,dry,kid-ish,tiny,steady,hushed,menacing
256,dab,light,direct,sudden,nasal,dry,kid-ish,tiny,steady,medium,friendly
257,dab,light,direct,sudden,nasal,dry,kid-ish,tiny,steady,medium,deadpan
258,dab,light,direct,sudden,nasal,dry,kid-ish,tiny,steady,medium,menacing
259,dab,light,direct,sudden,nasal,dry,kid-ish,tiny,steady,big,friendly
260,dab,light,direct,sudden,nasal,dry,kid-ish,tiny,steady,big,deadpan
261,dab,light,direct,sudden,nasal,dry,kid-ish,tiny,steady,big,menacing
262,dab,light,direct,sudden,nasal,dry,kid-ish,tiny,rapid,hushed,friendly
263,dab,light,direct,sudden,nasal,dry,kid-ish,tiny,rapid,hushed,deadpan
264,dab,light,direct,sudden,nasal,dry,kid-ish,tiny,rapid,hushed,menacing
265,dab,light,direct,sudden,nasal,dry,kid-ish,tiny,rapid,medium,friendly
266,dab,light,direct,sudden,nasal,dry,kid-ish,tiny,rapid,medium,deadpan
267,dab,light,direct,sudden,nasal,dry,kid-ish,tiny,rapid,medium,menacing
268,dab,light,direct,sudden,nasal,dry,kid-ish,tiny,rapid,big,friendly
269,dab,light,direct,sudden,nasal,dry,kid-ish,tiny,rapid,big,deadpan
270,dab,light,direct,sudden,nasal,dry,kid-ish,tiny,rapid,big,menacing
271,dab,light,direct,sudden,nasal,dry,kid-ish,medium,slow,hushed,friendly
272,dab,light,direct,sudden,nasal,dry,kid-ish,medium,slow,hushed,deadpan
273,dab,light,direct,sudden,nasal,dry,kid-ish,medium,slow,hushed,menacing
274,dab,light,direct,sudden,nasal,dry,kid-ish,medium,slow,medium,friendly
275,dab,light,direct,sudden,nasal,dry,kid-ish,medium,slow,medium,deadpan
276,dab,light,direct,sudden,nasal,dry,kid-ish,medium,slow,medium,menacing
277,dab,light,direct,sudden,nasal,dry,kid-ish,medium,slow,big,friendly
278,dab,light,direct,sudden,nasal,dry,kid-ish,medium,slow,big,deadpan
279,dab,light,direct,sudden,nasal,dry,kid-ish,medium,slow,big,menacing
280,dab,light,direct,sudden,nasal,dry,kid-ish,medium,steady,hushed,friendly
281,dab,light,direct,sudden,nasal,dry,kid-ish,medium,steady,hushed,deadpan
282,dab,light,direct,sudden,nasal,dry,kid-ish,medium,steady,hushed,menacing
283,dab,light,direct,sudden,nasal,dry,kid-ish,medium,steady,medium,friendly
284,dab,light,direct,sudden,nasal,dry,kid-ish,medium,steady,medium,deadpan
285,dab,light,direct,sudden,nasal,dry,kid-ish,medium,steady,medium,menacing
286,dab,light,direct,sudden,nasal,dry,kid-ish,medium,steady,big,friendly
287,dab,light,direct,sudden,nasal,dry,kid-ish,medium,steady,big,deadpan
288,dab,light,direct,sudden,nasal,dry,kid-ish,medium,steady,big,menacing
289,dab,light,direct,sudden,nasal,dry,kid-ish,medium,rapid,hushed,friendly
290,dab,light,direct,sudden,nasal,dry,kid-ish,medium,rapid,hushed,deadpan
291,dab,light,direct,sudden,nasal,dry,kid-ish,medium,rapid,hushed,menacing
292,dab,light,direct,sudden,nasal,dry,kid-ish,medium,rapid,medium,friendly
293,dab,light,direct,sudden,nasal,dry,kid-ish,medium,rapid,medium,deadpan
294,dab,light,direct,sudden,nasal,dry,kid-ish,medium,rapid,medium,menacing
295,dab,light,direct,sudden,nasal,dry,kid-ish,medium,rapid,big,friendly
296,dab,light,direct,sudden,nasal,dry,kid-ish,medium,rapid,big,deadpan
297,dab,light,direct,sudden,nasal,dry,kid-ish,medium,rapid,big,menacing
298,dab,light,direct,sudden,nasal,dry,kid-ish,huge,slow,hushed,friendly
299,dab,light,direct,sudden,nasal,dry,kid-ish,huge,slow,hushed,deadpan
300,dab,light,direct,sudden,nasal,dry,kid-ish,huge,slow,hushed,menacing
301,dab,light,direct,sudden,nasal,dry,kid-ish,huge,slow,medium,friendly
302,dab,light,direct,sudden,nasal,dry,kid-ish,huge,slow,medium,deadpan
303,dab,light,direct,sudden,nasal,dry,kid-ish,huge,slow,medium,menacing
304,dab,light,direct,sudden,nasal,dry,kid-ish,huge,slow,big,friendly
305,dab,light,direct,sudden,nasal,dry,kid-ish,huge,slow,big,deadpan
306,dab,light,direct,sudden,nasal,dry,kid-ish,huge,slow,big,menacing
307,dab,light,direct,sudden,nasal,dry,kid-ish,huge,steady,hushed,friendly
308,dab,light,direct,sudden,nasal,dry,kid-ish,huge,steady,hushed,deadpan
309,dab,light,direct,sudden,nasal,dry,kid-ish,huge,steady,hushed,menacing
310,dab,light,direct,sudden,nasal,dry,kid-ish,huge,steady,medium,friendly
311,dab,light,direct,sudden,nasal,dry,kid-ish,huge,steady,medium,deadpan
312,dab,light,direct,sudden,nasal,dry,kid-ish,huge,steady,medium,menacing
313,dab,light,direct,sudden,nasal,dry,kid-ish,huge,steady,big,friendly
314,dab,light,direct,sudden,nasal,dry,kid-ish,huge,steady,big,deadpan
315,dab,light,direct,sudden,nasal,dry,kid-ish,huge,steady,big,menacing
316,dab,light,direct,sudden,nasal,dry,kid-ish,huge,rapid,hushed,friendly
317,dab,light,direct,sudden,nasal,dry,kid-ish,huge,rapid,hushed,deadpan
318,dab,light,direct,sudden,nasal,dry,kid-ish,huge,rapid,hushed,menacing
319,dab,light,direct,sudden,nasal,dry,kid-ish,huge,rapid,medium,friendly
320,dab,light,direct,sudden,nasal,dry,kid-ish,huge,rapid,medium,deadpan
321,dab,light,direct,sudden,nasal,dry,kid-ish,huge,rapid,medium,menacing
322,dab,light,direct,sudden,nasal,dry,kid-ish,huge,rapid,big,friendly
323,dab,light,direct,sudden,nasal,dry,kid-ish,huge,rapid,big,deadpan
324,dab,light,direct,sudden,nasal,dry,kid-ish,huge,rapid,big,menacing
325,dab,light,direct,sudden,nasal,dry,adult,tiny,slow,hushed,friendly
326,dab,light,direct,sudden,nasal,dry,adult,tiny,slow,hushed,deadpan
327,dab,light,direct,sudden,nasal,dry,adult,tiny,slow,hushed,menacing
328,dab,light,direct,sudden,nasal,dry,adult,tiny,slow,medium,friendly
329,dab,light,direct,sudden,nasal,dry,adult,tiny,slow,medium,deadpan
330,dab,light,direct,sudden,nasal,dry,adult,tiny,slow,medium,menacing
331,dab,light,direct,sudden,nasal,dry,adult,tiny,slow,big,friendly
332,dab,light,direct,sudden,nasal,dry,adult,tiny,slow,big,deadpan
333,dab,light,direct,sudden,nasal,dry,adult,tiny,slow,big,menacing
334,dab,light,direct,sudden,nasal,dry,adult,tiny,steady,hushed,friendly
335,dab,light,direct,sudden,nasal,dry,adult,tiny,steady,hushed,deadpan
336,dab,light,direct,sudden,nasal,dry,adult,tiny,steady,hushed,menacing
337,dab,light,direct,sudden,nasal,dry,adult,tiny,steady,medium,friendly
338,dab,light,direct,sudden,nasal,dry,adult,tiny,steady,medium,deadpan
339,dab,light,direct,sudden,nasal,dry,adult,tiny,steady,medium,menacing
340,dab,light,direct,sudden,nasal,dry,adult,tiny,steady,big,friendly
341,dab,light,direct,sudden,nasal,dry,adult,tiny,steady,big,deadpan
342,dab,light,direct,sudden,nasal,dry,adult,tiny,steady,big,menacing
343,dab,light,direct,sudden,nasal,dry,adult,tiny,rapid,hushed,friendly
344,dab,light,direct,sudden,nasal,dry,adult,tiny,rapid,hushed,deadpan
345,dab,light,direct,sudden,nasal,dry,adult,tiny,rapid,hushed,menacing
346,dab,light,direct,sudden,nasal,dry,adult,tiny,rapid,medium,friendly
347,dab,light,direct,sudden,nasal,dry,adult,tiny,rapid,medium,deadpan
348,dab,light,direct,sudden,nasal,dry,adult,tiny,rapid,medium,menacing
349,dab,light,direct,sudden,nasal,dry,adult,tiny,rapid,big,friendly
350,dab,light,direct,sudden,nasal,dry,adult,tiny,rapid,big,deadpan
351,dab,light,direct,sudden,nasal,dry,adult,tiny,rapid,big,menacing
352,dab,light,direct,sudden,nasal,dry,adult,medium,slow,hushed,friendly
353,dab,light,direct,sudden,nasal,dry,adult,medium,slow,hushed,deadpan
354,dab,light,direct,sudden,nasal,dry,adult,medium,slow,hushed,menacing
355,dab,light,direct,sudden,nasal,dry,adult,medium,slow,medium,friendly
356,dab,light,direct,sudden,nasal,dry,adult,medium,slow,medium,deadpan
357,dab,light,direct,sudden,nasal,dry,adult,medium,slow,medium,menacing
358,dab,light,direct,sudden,nasal,dry,adult,medium,slow,big,friendly
359,dab,light,direct,sudden,nasal,dry,adult,medium,slow,big,deadpan
360,dab,light,direct,sudden,nasal,dry,adult,medium,slow,big,menacing
361,dab,light,direct,sudden,nasal,dry,adult,medium,steady,hushed,friendly
362,dab,light,direct,sudden,nasal,dry,adult,medium,steady,hushed,deadpan
363,dab,light,direct,sudden,nasal,dry,adult,medium,steady,hushed,menacing
364,dab,light,direct,sudden,nasal,dry,adult,medium,steady,medium,friendly
365,dab,light,direct,sudden,nasal,dry,adult,medium,steady,medium,deadpan
366,dab,light,direct,sudden,nasal,dry,adult,medium,steady,medium,menacing
367,dab,light,direct,sudden,nasal,dry,adult,medium,steady,big,friendly
368,dab,light,direct,sudden,nasal,dry,adult,medium,steady,big,deadpan
369,dab,light,direct,sudden,nasal,dry,adult,medium,steady,big,menacing
370,dab,light,direct,sudden,nasal,dry,adult,medium,rapid,hushed,friendly
371,dab,light,direct,sudden,nasal,dry,adult,medium,rapid,hushed,deadpan
372,dab,light,direct,sudden,nasal,dry,adult,medium,rapid,hushed,menacing
373,dab,light,direct,sudden,nasal,dry,adult,medium,rapid,medium,friendly
374,dab,light,direct,sudden,nasal,dry,adult,medium,rapid,medium,deadpan
375,dab,light,direct,sudden,nasal,dry,adult,medium,rapid,medium,menacing
376,dab,light,direct,sudden,nasal,dry,adult,medium,rapid,big,friendly
377,dab,light,direct,sudden,nasal,dry,adult,medium,rapid,big,deadpan
378,dab,light,direct,sudden,nasal,dry,adult,medium,rapid,big,menacing
379,dab,light,direct,sudden,nasal,dry,adult,huge,slow,hushed,friendly
380,dab,light,direct,sudden,nasal,dry,adult,huge,slow,hushed,deadpan
381,dab,light,direct,sudden,nasal,dry,adult,huge,slow,hushed,menacing
382,dab,light,direct,sudden,nasal,dry,adult,huge,slow,medium,friendly
383,dab,light,direct,sudden,nasal,dry,adult,huge,slow,medium,deadpan
384,dab,light,direct,sudden,nasal,dry,adult,huge,slow,medium,menacing
385,dab,light,direct,sudden,nasal,dry,adult,huge,slow,big,friendly
386,dab,light,direct,sudden,nasal,dry,adult,huge,slow,big,deadpan
387,dab,light,direct,sudden,nasal,dry,adult,huge,slow,big,menacing
388,dab,light,direct,sudden,nasal,dry,adult,huge,steady,hushed,friendly
389,dab,light,direct,sudden,nasal,dry,adult,huge,steady,hushed,deadpan
390,dab,light,direct,sudden,nasal,dry,adult,huge,steady,hushed,menacing
391,dab,light,direct,sudden,nasal,dry,adult,huge,steady,medium,friendly
392,dab,light,direct,sudden,nasal,dry,adult,huge,steady,medium,deadpan
393,dab,light,direct,sudden,nasal,dry,adult,huge,steady,medium,menacing
394,dab,light,direct,sudden,nasal,dry,adult,huge,steady,big,friendly
395,dab,light,direct,sudden,nasal,dry,adult,huge,steady,big,deadpan
396,dab,light,direct,sudden,nasal,dry,adult,huge,steady,big,menacing
397,dab,light,direct,sudden,nasal,dry,adult,huge,rapid,hushed,friendly
398,dab,light,direct,sudden,nasal,dry,adult,huge,rapid,hushed,deadpan
399,dab,light,direct,sudden,nasal,dry,adult,huge,rapid,hushed,menacing
400,dab,light,direct,sudden,nasal,dry,adult,huge,rapid,medium,friendly
401,dab,light,direct,sudden,nasal,dry,adult,huge,rapid,medium,deadpan
402,dab,light,direct,sudden,nasal,dry,adult,huge,rapid,medium,menacing
403,dab,light,direct,sudden,nasal,dry,adult,huge,rapid,big,friendly
404,dab,light,direct,sudden,nasal,dry,adult,huge,rapid,big,deadpan
405,dab,light,direct,sudden,nasal,dry,adult,huge,rapid,big,menacing
406,dab,light,direct,sudden,nasal,dry,elder,tiny,slow,hushed,friendly
407,dab,light,direct,sudden,nasal,dry,elder,tiny,slow,hushed,deadpan
408,dab,light,direct,sudden,nasal,dry,elder,tiny,slow,hushed,menacing
409,dab,light,direct,sudden,nasal,dry,elder,tiny,slow,medium,friendly
410,dab,light,direct,sudden,nasal,dry,elder,tiny,slow,medium,deadpan
411,dab,light,direct,sudden,nasal,dry,elder,tiny,slow,medium,menacing
412,dab,light,direct,sudden,nasal,dry,elder,tiny,slow,big,friendly
413,dab,light,direct,sudden,nasal,dry,elder,tiny,slow,big,deadpan
414,dab,light,direct,sudden,nasal,dry,elder,tiny,slow,big,menacing
415,dab,light,direct,sudden,nasal,dry,elder,tiny,steady,hushed,friendly
416,dab,light,direct,sudden,nasal,dry,elder,tiny,steady,hushed,deadpan
417,dab,light,direct,sudden,nasal,dry,elder,tiny,steady,hushed,menacing
418,dab,light,direct,sudden,nasal,dry,elder,tiny,steady,medium,friendly
419,dab,light,direct,sudden,nasal,dry,elder,tiny,steady,medium,deadpan
420,dab,light,direct,sudden,nasal,dry,elder,tiny,steady,medium,menacing
421,dab,light,direct,sudden,nasal,dry,elder,tiny,steady,big,friendly
422,dab,light,direct,sudden,nasal,dry,elder,tiny,steady,big,deadpan
423,dab,light,direct,sudden,nasal,dry,elder,tiny,steady,big,menacing
424,dab,light,direct,sudden,nasal,dry,elder,tiny,rapid,hushed,friendly
425,dab,light,direct,sudden,nasal,dry,elder,tiny,rapid,hushed,deadpan
426,dab,light,direct,sudden,nasal,dry,elder,tiny,rapid,hushed,menacing
427,dab,light,direct,sudden,nasal,dry,elder,tiny,rapid,medium,friendly
428,dab,light,direct,sudden,nasal,dry,elder,tiny,rapid,medium,deadpan
429,dab,light,direct,sudden,nasal,dry,elder,tiny,rapid,medium,menacing
430,dab,light,direct,sudden,nasal,dry,elder,tiny,rapid,big,friendly
431,dab,light,direct,sudden,nasal,dry,elder,tiny,rapid,big,deadpan
432,dab,light,direct,sudden,nasal,dry,elder,tiny,rapid,big,menacing
433,dab,light,direct,sudden,nasal,dry,elder,medium,slow,hushed,friendly
434,dab,light,direct,sudden,nasal,dry,elder,medium,slow,hushed,deadpan
435,dab,light,direct,sudden,nasal,dry,elder,medium,slow,hushed,menacing
436,dab,light,direct,sudden,nasal,dry,elder,medium,slow,medium,friendly
437,dab,light,direct,sudden,nasal,dry,elder,medium,slow,medium,deadpan
438,dab,light,direct,sudden,nasal,dry,elder,medium,slow,medium,menacing
439,dab,light,direct,sudden,nasal,dry,elder,medium,slow,big,friendly
440,dab,light,direct,sudden,nasal,dry,elder,medium,slow,big,deadpan
441,dab,light,direct,sudden,nasal,dry,elder,medium,slow,big,menacing
442,dab,light,direct,sudden,nasal,dry,elder,medium,steady,hushed,friendly
443,dab,light,direct,sudden,nasal,dry,elder,medium,steady,hushed,deadpan
444,dab,light,direct,sudden,nasal,dry,elder,medium,steady,hushed,menacing
445,dab,light,direct,sudden,nasal,dry,elder,medium,steady,medium,friendly
446,dab,light,direct,sudden,nasal,dry,elder,medium,steady,medium,deadpan
447,dab,light,direct,sudden,nasal,dry,elder,medium,steady,medium,menacing
448,dab,light,direct,sudden,nasal,dry,elder,medium,steady,big,friendly
449,dab,light,direct,sudden,nasal,dry,elder,medium,steady,big,deadpan
450,dab,light,direct,sudden,nasal,dry,elder,medium,steady,big,menacing
451,dab,light,direct,sudden,nasal,dry,elder,medium,rapid,hushed,friendly
452,dab,light,direct,sudden,nasal,dry,elder,medium,rapid,hushed,deadpan
453,dab,light,direct,sudden,nasal,dry,elder,medium,rapid,hushed,menacing
454,dab,light,direct,sudden,nasal,dry,elder,medium,rapid,medium,friendly
455,dab,light,direct,sudden,nasal,dry,elder,medium,rapid,medium,deadpan
456,dab,light,direct,sudden,nasal,dry,elder,medium,rapid,medium,menacing
457,dab,light,direct,sudden,nasal,dry,elder,medium,rapid,big,friendly
458,dab,light,direct,sudden,nasal,dry,elder,medium,rapid,big,deadpan
459,dab,light,direct,sudden,nasal,dry,elder,medium,rapid,big,menacing
460,dab,light,direct,sudden,nasal,dry,elder,huge,slow,hushed,friendly
461,dab,light,direct,sudden,nasal,dry,elder,huge,slow,hushed,deadpan
462,dab,light,direct,sudden,nasal,dry,elder,huge,slow,hushed,menacing
463,dab,light,direct,sudden,nasal,dry,elder,huge,slow,medium,friendly
464,dab,light,direct,sudden,nasal,dry,elder,huge,slow,medium,deadpan
465,dab,light,direct,sudden,nasal,dry,elder,huge,slow,medium,menacing
466,dab,light,direct,sudden,nasal,dry,elder,huge,slow,big,friendly
467,dab,light,direct,sudden,nasal,dry,elder,huge,slow,big,deadpan
468,dab,light,direct,sudden,nasal,dry,elder,huge,slow,big,menacing
469,dab,light,direct,sudden,nasal,dry,elder,huge,steady,hushed,friendly
470,dab,light,direct,sudden,nasal,dry,elder,huge,steady,hushed,deadpan
471,dab,light,direct,sudden,nasal,dry,elder,huge,steady,hushed,menacing
472,dab,light,direct,sudden,nasal,dry,elder,huge,steady,medium,friendly
473,dab,light,direct,sudden,nasal,dry,elder,huge,steady,medium,deadpan
474,dab,light,direct,sudden,nasal,dry,elder,huge,steady,medium,menacing
475,dab,light,direct,sudden,nasal,dry,elder,huge,steady,big,friendly
476,dab,light,direct,sudden,nasal,dry,elder,huge,steady,big,deadpan
477,dab,light,direct,sudden,nasal,dry,elder,huge,steady,big,menacing
478,dab,light,direct,sudden,nasal,dry,elder,huge,rapid,hushed,friendly
479,dab,light,direct,sudden,nasal,dry,elder,huge,rapid,hushed,deadpan
480,dab,light,direct,sudden,nasal,dry,elder,huge,rapid,hushed,menacing
481,dab,light,direct,sudden,nasal,dry,elder,huge,rapid,medium,friendly
482,dab,light,direct,sudden,nasal,dry,elder,huge,rapid,medium,deadpan
483,dab,light,direct,sudden,nasal,dry,elder,huge,rapid,medium,menacing
484,dab,light,direct,sudden,nasal,dry,elder,huge,rapid,big,friendly
485,dab,light,direct,sudden,nasal,dry,elder,huge,rapid,big,deadpan
486,dab,light,direct,sudden,nasal,dry,elder,huge,rapid,big,menacing
487,dab,light,direct,sudden,throaty,breathy,kid-ish,tiny,slow,hushed,friendly
488,dab,light,direct,sudden,throaty,breathy,kid-ish,tiny,slow,hushed,deadpan
489,dab,light,direct,sudden,throaty,breathy,kid-ish,tiny,slow,hushed,menacing
490,dab,light,direct,sudden,throaty,breathy,kid-ish,tiny,slow,medium,friendly
491,dab,light,direct,sudden,throaty,breathy,kid-ish,tiny,slow,medium,deadpan
492,dab,light,direct,sudden,throaty,breathy,kid-ish,tiny,slow,medium,menacing
493,dab,light,direct,sudden,throaty,breathy,kid-ish,tiny,slow,big,friendly
494,dab,light,direct,sudden,throaty,breathy,kid-ish,tiny,slow,big,deadpan
495,dab,light,direct,sudden,throaty,breathy,kid-ish,tiny,slow,big,menacing
496,dab,light,direct,sudden,throaty,breathy,kid-ish,tiny,steady,hushed,friendly
497,dab,light,direct,sudden,throaty,breathy,kid-ish,tiny,steady,hushed,deadpan
498,dab,light,direct,sudden,throaty,breathy,kid-ish,tiny,steady,hushed,menacing
499,dab,light,direct,sudden,throaty,breathy,kid-ish,tiny,steady,medium,friendly
500,dab,light,direct,sudden,throaty,breathy,kid-ish,tiny,steady,medium,deadpan
501,dab,light,direct,sudden,throaty,breathy,kid-ish,tiny,steady,medium,menacing
502,dab,light,direct,sudden,throaty,breathy,kid-ish,tiny,steady,big,friendly
503,dab,light,direct,sudden,throaty,breathy,kid-ish,tiny,steady,big,deadpan
504,dab,light,direct,sudden,throaty,breathy,kid-ish,tiny,steady,big,menacing
505,dab,light,direct,sudden,throaty,breathy,kid-ish,tiny,rapid,hushed,friendly
506,dab,light,direct,sudden,throaty,breathy,kid-ish,tiny,rapid,hushed,deadpan
507,dab,light,direct,sudden,throaty,breathy,kid-ish,tiny,rapid,hushed,menacing
508,dab,light,direct,sudden,throaty,breathy,kid-ish,tiny,rapid,medium,friendly
509,dab,light,direct,sudden,throaty,breathy,kid-ish,tiny,rapid,medium,deadpan
510,dab,light,direct,sudden,throaty,breathy,kid-ish,tiny,rapid,medium,menacing
511,dab,light,direct,sudden,throaty,breathy,kid-ish,tiny,rapid,big,friendly
512,dab,light,direct,sudden,throaty,breathy,kid-ish,tiny,rapid,big,deadpan
513,dab,light,direct,sudden,throaty,breathy,kid-ish,tiny,rapid,big,menacing
514,dab,light,direct,sudden,throaty,breathy,kid-ish,medium,slow,hushed,friendly
515,dab,light,direct,sudden,throaty,breathy,kid-ish,medium,slow,hushed,deadpan
516,dab,light,direct,sudden,throaty,breathy,kid-ish,medium,slow,hushed,menacing
517,dab,light,direct,sudden,throaty,breathy,kid-ish,medium,slow,medium,friendly
518,dab,light,direct,sudden,throaty,breathy,kid-ish,medium,slow,medium,deadpan
519,dab,light,direct,sudden,throaty,breathy,kid-ish,medium,slow,medium,menacing
520,dab,light,direct,sudden,throaty,breathy,kid-ish,medium,slow,big,friendly
521,dab,light,direct,sudden,throaty,breathy,kid-ish,medium,slow,big,deadpan
522,dab,light,direct,sudden,throaty,breathy,kid-ish,medium,slow,big,menacing
523,dab,light,direct,sudden,throaty,breathy,kid-ish,medium,steady,hushed,friendly
524,dab,light,direct,sudden,throaty,breathy,kid-ish,medium,steady,hushed,deadpan
525,dab,light,direct,sudden,throaty,breathy,kid-ish,medium,steady,hushed,menacing
526,dab,light,direct,sudden,throaty,breathy,kid-ish,medium,steady,medium,friendly
527,dab,light,direct,sudden,throaty,breathy,kid-ish,medium,steady,medium,deadpan
528,dab,light,direct,sudden,throaty,breathy,kid-ish,medium,steady,medium,menacing
529,dab,light,direct,sudden,throaty,breathy,kid-ish,medium,steady,big,friendly
530,dab,light,direct,sudden,throaty,breathy,kid-ish,medium,steady,big,deadpan
531,dab,light,direct,sudden,throaty,breathy,kid-ish,medium,steady,big,menacing
532,dab,light,direct,sudden,throaty,breathy,kid-ish,medium,rapid,hushed,friendly
533,dab,light,direct,sudden,throaty,breathy,kid-ish,medium,rapid,hushed,deadpan
534,dab,light,direct,sudden,throaty,breathy,kid-ish,medium,rapid,hushed,menacing
535,dab,light,direct,sudden,throaty,breathy,kid-ish,medium,rapid,medium,friendly
536,dab,light,direct,sudden,throaty,breathy,kid-ish,medium,rapid,medium,deadpan
537,dab,light,direct,sudden,throaty,breathy,kid-ish,medium,rapid,medium,menacing
538,dab,light,direct,sudden,throaty,breathy,kid-ish,medium,rapid,big,friendly
539,dab,light,direct,sudden,throaty,breathy,kid-ish,medium,rapid,big,deadpan
540,dab,light,direct,sudden,throaty,breathy,kid-ish,medium,rapid,big,menacing
541,dab,light,direct,sudden,throaty,breathy,kid-ish,huge,slow,hushed,friendly
542,dab,light,direct,sudden,throaty,breathy,kid-ish,huge,slow,hushed,deadpan
543,dab,light,direct,sudden,throaty,breathy,kid-ish,huge,slow,hushed,menacing
544,dab,light,direct,sudden,throaty,breathy,kid-ish,huge,slow,medium,friendly
545,dab,light,direct,sudden,throaty,breathy,kid-ish,huge,slow,medium,deadpan
546,dab,light,direct,sudden,throaty,breathy,kid-ish,huge,slow,medium,menacing
547,dab,light,direct,sudden,throaty,breathy,kid-ish,huge,slow,big,friendly
548,dab,light,direct,sudden,throaty,breathy,kid-ish,huge,slow,big,deadpan
549,dab,light,direct,sudden,throaty,breathy,kid-ish,huge,slow,big,menacing
550,dab,light,direct,sudden,throaty,breathy,kid-ish,huge,steady,hushed,friendly
551,dab,light,direct,sudden,throaty,breathy,kid-ish,huge,steady,hushed,deadpan
552,dab,light,direct,sudden,throaty,breathy,kid-ish,huge,steady,hushed,menacing
553,dab,light,direct,sudden,throaty,breathy,kid-ish,huge,steady,medium,friendly
554,dab,light,direct,sudden,throaty,breathy,kid-ish,huge,steady,medium,deadpan
555,dab,light,direct,sudden,throaty,breathy,kid-ish,huge,steady,medium,menacing
556,dab,light,direct,sudden,throaty,breathy,kid-ish,huge,steady,big,friendly
557,dab,light,direct,sudden,throaty,breathy,kid-ish,huge,steady,big,deadpan
558,dab,light,direct,sudden,throaty,breathy,kid-ish,huge,steady,big,menacing
559,dab,light,direct,sudden,throaty,breathy,kid-ish,huge,rapid,hushed,friendly
560,dab,light,direct,sudden,throaty,breathy,kid-ish,huge,rapid,hushed,deadpan
561,dab,light,direct,sudden,throaty,breathy,kid-ish,huge,rapid,hushed,menacing
562,dab,light,direct,sudden,throaty,breathy,kid-ish,huge,rapid,medium,friendly
563,dab,light,direct,sudden,throaty,breathy,kid-ish,huge,rapid,medium,deadpan
564,dab,light,direct,sudden,throaty,breathy,kid-ish,huge,rapid,medium,menacing
565,dab,light,direct,sudden,throaty,breathy,kid-ish,huge,rapid,big,friendly
566,dab,light,direct,sudden,throaty,breathy,kid-ish,huge,rapid,big,deadpan
567,dab,light,direct,sudden,throaty,breathy,kid-ish,huge,rapid,big,menacing
568,dab,light,direct,sudden,throaty,breathy,adult,tiny,slow,hushed,friendly
569,dab,light,direct,sudden,throaty,breathy,adult,tiny,slow,hushed,deadpan
570,dab,light,direct,sudden,throaty,breathy,adult,tiny,slow,hushed,menacing
571,dab,light,direct,sudden,throaty,breathy,adult,tiny,slow,medium,friendly
572,dab,light,direct,sudden,throaty,breathy,adult,tiny,slow,medium,deadpan
573,dab,light,direct,sudden,throaty,breathy,adult,tiny,slow,medium,menacing
574,dab,light,direct,sudden,throaty,breathy,adult,tiny,slow,big,friendly
575,dab,light,direct,sudden,throaty,breathy,adult,tiny,slow,big,deadpan
576,dab,light,direct,sudden,throaty,breathy,adult,tiny,slow,big,menacing
577,dab,light,direct,sudden,throaty,breathy,adult,tiny,steady,hushed,friendly
578,dab,light,direct,sudden,throaty,breathy,adult,tiny,steady,hushed,deadpan
579,dab,light,direct,sudden,throaty,breathy,adult,tiny,steady,hushed,menacing
580,dab,light,direct,sudden,throaty,breathy,adult,tiny,steady,medium,friendly
581,dab,light,direct,sudden,throaty,breathy,adult,tiny,steady,medium,deadpan
582,dab,light,direct,sudden,throaty,breathy,adult,tiny,steady,medium,menacing
583,dab,light,direct,sudden,throaty,breathy,adult,tiny,steady,big,friendly
584,dab,light,direct,sudden,throaty,breathy,adult,tiny,steady,big,deadpan
585,dab,light,direct,sudden,throaty,breathy,adult,tiny,steady,big,menacing
586,dab,light,direct,sudden,throaty,breathy,adult,tiny,rapid,hushed,friendly
587,dab,light,direct,sudden,throaty,breathy,adult,tiny,rapid,hushed,deadpan
588,dab,light,direct,sudden,throaty,breathy,adult,tiny,rapid,hushed,menacing
589,dab,light,direct,sudden,throaty,breathy,adult,tiny,rapid,medium,friendly
590,dab,light,direct,sudden,throaty,breathy,adult,tiny,rapid,medium,deadpan
591,dab,light,direct,sudden,throaty,breathy,adult,tiny,rapid,medium,menacing
592,dab,light,direct,sudden,throaty,breathy,adult,tiny,rapid,big,friendly
593,dab,light,direct,sudden,throaty,breathy,adult,tiny,rapid,big,deadpan
594,dab,light,direct,sudden,throaty,breathy,adult,tiny,rapid,big,menacing
595,dab,light,direct,sudden,throaty,breathy,adult,medium,slow,hushed,friendly
596,dab,light,direct,sudden,throaty,breathy,adult,medium,slow,hushed,deadpan
597,dab,light,direct,sudden,throaty,breathy,adult,medium,slow,hushed,menacing
598,dab,light,direct,sudden,throaty,breathy,adult,medium,slow,medium,friendly
599,dab,light,direct,sudden,throaty,breathy,adult,medium,slow,medium,deadpan
600,dab,light,direct,sudden,throaty,breathy,adult,medium,slow,medium,menacing
601,dab,light,direct,sudden,throaty,breathy,adult,medium,slow,big,friendly
602,dab,light,direct,sudden,throaty,breathy,adult,medium,slow,big,deadpan
603,dab,light,direct,sudden,throaty,breathy,adult,medium,slow,big,menacing
604,dab,light,direct,sudden,throaty,breathy,adult,medium,steady,hushed,friendly
605,dab,light,direct,sudden,throaty,breathy,adult,medium,steady,hushed,deadpan
606,dab,light,direct,sudden,throaty,breathy,adult,medium,steady,hushed,menacing
607,dab,light,direct,sudden,throaty,breathy,adult,medium,steady,medium,friendly
608,dab,light,direct,sudden,throaty,breathy,adult,medium,steady,medium,deadpan
609,dab,light,direct,sudden,throaty,breathy,adult,medium,steady,medium,menacing
610,dab,light,direct,sudden,throaty,breathy,adult,medium,steady,big,friendly
611,dab,light,direct,sudden,throaty,breathy,adult,medium,steady,big,deadpan
612,dab,light,direct,sudden,throaty,breathy,adult,medium,steady,big,menacing
613,dab,light,direct,sudden,throaty,breathy,adult,medium,rapid,hushed,friendly
614,dab,light,direct,sudden,throaty,breathy,adult,medium,rapid,hushed,deadpan
615,dab,light,direct,sudden,throaty,breathy,adult,medium,rapid,hushed,menacing
616,dab,light,direct,sudden,throaty,breathy,adult,medium,rapid,medium,friendly
617,dab,light,direct,sudden,throaty,breathy,adult,medium,rapid,medium,deadpan
618,dab,light,direct,sudden,throaty,breathy,adult,medium,rapid,medium,menacing
619,dab,light,direct,sudden,throaty,breathy,adult,medium,rapid,big,friendly
620,dab,light,direct,sudden,throaty,breathy,adult,medium,rapid,big,deadpan
621,dab,light,direct,sudden,throaty,breathy,adult,medium,rapid,big,menacing
622,dab,light,direct,sudden,throaty,breathy,adult,huge,slow,hushed,friendly
623,dab,light,direct,sudden,throaty,breathy,adult,huge,slow,hushed,deadpan
624,dab,light,direct,sudden,throaty,breathy,adult,huge,slow,hushed,menacing
625,dab,light,direct,sudden,throaty,breathy,adult,huge,slow,medium,friendly
626,dab,light,direct,sudden,throaty,breathy,adult,huge,slow,medium,deadpan
627,dab,light,direct,sudden,throaty,breathy,adult,huge,slow,medium,menacing
628,dab,light,direct,sudden,throaty,breathy,adult,huge,slow,big,friendly
629,dab,light,direct,sudden,throaty,breathy,adult,huge,slow,big,deadpan
630,dab,light,direct,sudden,throaty,breathy,adult,huge,slow,big,menacing
631,dab,light,direct,sudden,throaty,breathy,adult,huge,steady,hushed,friendly
632,dab,light,direct,sudden,throaty,breathy,adult,huge,steady,hushed,deadpan
633,dab,light,direct,sudden,throaty,breathy,adult,huge,steady,hushed,menacing
634,dab,light,direct,sudden,throaty,breathy,adult,huge,steady,medium,friendly
635,dab,light,direct,sudden,throaty,breathy,adult,huge,steady,medium,deadpan
636,dab,light,direct,sudden,throaty,breathy,adult,huge,steady,medium,menacing
637,dab,light,direct,sudden,throaty,breathy,adult,huge,steady,big,friendly
638,dab,light,direct,sudden,throaty,breathy,adult,huge,steady,big,deadpan
639,dab,light,direct,sudden,throaty,breathy,adult,huge,steady,big,menacing
640,dab,light,direct,sudden,throaty,breathy,adult,huge,rapid,hushed,friendly
641,dab,light,direct,sudden,throaty,breathy,adult,huge,rapid,hushed,deadpan
642,dab,light,direct,sudden,throaty,breathy,adult,huge,rapid,hushed,menacing
643,dab,light,direct,sudden,throaty,breathy,adult,huge,rapid,medium,friendly
644,dab,light,direct,sudden,throaty,breathy,adult,huge,rapid,medium,deadpan
645,dab,light,direct,sudden,throaty,breathy,adult,huge,rapid,medium,menacing
646,dab,light,direct,sudden,throaty,breathy,adult,huge,rapid,big,friendly
647,dab,light,direct,sudden,throaty,breathy,adult,huge,rapid,big,deadpan
648,dab,light,direct,sudden,throaty,breathy,adult,huge,rapid,big,menacing
649,dab,light,direct,sudden,throaty,breathy,elder,tiny,slow,hushed,friendly
650,dab,light,direct,sudden,throaty,breathy,elder,tiny,slow,hushed,deadpan
651,dab,light,direct,sudden,throaty,breathy,elder,tiny,slow,hushed,menacing
652,dab,light,direct,sudden,throaty,breathy,elder,tiny,slow,medium,friendly
653,dab,light,direct,sudden,throaty,breathy,elder,tiny,slow,medium,deadpan
654,dab,light,direct,sudden,throaty,breathy,elder,tiny,slow,medium,menacing
655,dab,light,direct,sudden,throaty,breathy,elder,tiny,slow,big,friendly
656,dab,light,direct,sudden,throaty,breathy,elder,tiny,slow,big,deadpan
657,dab,light,direct,sudden,throaty,breathy,elder,tiny,slow,big,menacing
658,dab,light,direct,sudden,throaty,breathy,elder,tiny,steady,hushed,friendly
659,dab,light,direct,sudden,throaty,breathy,elder,tiny,steady,hushed,deadpan
660,dab,light,direct,sudden,throaty,breathy,elder,tiny,steady,hushed,menacing
661,dab,light,direct,sudden,throaty,breathy,elder,tiny,steady,medium,friendly
662,dab,light,direct,sudden,throaty,breathy,elder,tiny,steady,medium,deadpan
663,dab,light,direct,sudden,throaty,breathy,elder,tiny,steady,medium,menacing
664,dab,light,direct,sudden,throaty,breathy,elder,tiny,steady,big,friendly
665,dab,light,direct,sudden,throaty,breathy,elder,tiny,steady,big,deadpan
666,dab,light,direct,sudden,throaty,breathy,elder,tiny,steady,big,menacing
667,dab,light,direct,sudden,throaty,breathy,elder,tiny,rapid,hushed,friendly
668,dab,light,direct,sudden,throaty,breathy,elder,tiny,rapid,hushed,deadpan
669,dab,light,direct,sudden,throaty,breathy,elder,tiny,rapid,hushed,menacing
670,dab,light,direct,sudden,throaty,breathy,elder,tiny,rapid,medium,friendly
671,dab,light,direct,sudden,throaty,breathy,elder,tiny,rapid,medium,deadpan
672,dab,light,direct,sudden,throaty,breathy,elder,tiny,rapid,medium,menacing
673,dab,light,direct,sudden,throaty,breathy,elder,tiny,rapid,big,friendly
674,dab,light,direct,sudden,throaty,breathy,elder,tiny,rapid,big,deadpan
675,dab,light,direct,sudden,throaty,breathy,elder,tiny,rapid,big,menacing
676,dab,light,direct,sudden,throaty,breathy,elder,medium,slow,hushed,friendly
677,dab,light,direct,sudden,throaty,breathy,elder,medium,slow,hushed,deadpan
678,dab,light,direct,sudden,throaty,breathy,elder,medium,slow,hushed,menacing
679,dab,light,direct,sudden,throaty,breathy,elder,medium,slow,medium,friendly
680,dab,light,direct,sudden,throaty,breathy,elder,medium,slow,medium,deadpan
681,dab,light,direct,sudden,throaty,breathy,elder,medium,slow,medium,menacing
682,dab,light,direct,sudden,throaty,breathy,elder,medium,slow,big,friendly
683,dab,light,direct,sudden,throaty,breathy,elder,medium,slow,big,deadpan
684,dab,light,direct,sudden,throaty,breathy,elder,medium,slow,big,menacing
685,dab,light,direct,sudden,throaty,breathy,elder,medium,steady,hushed,friendly
686,dab,light,direct,sudden,throaty,breathy,elder,medium,steady,hushed,deadpan
687,dab,light,direct,sudden,throaty,breathy,elder,medium,steady,hushed,menacing
688,dab,light,direct,sudden,throaty,breathy,elder,medium,steady,medium,friendly
689,dab,light,direct,sudden,throaty,breathy,elder,medium,steady,medium,deadpan
690,dab,light,direct,sudden,throaty,breathy,elder,medium,steady,medium,menacing
691,dab,light,direct,sudden,throaty,breathy,elder,medium,steady,big,friendly
692,dab,light,direct,sudden,throaty,breathy,elder,medium,steady,big,deadpan
693,dab,light,direct,sudden,throaty,breathy,elder,medium,steady,big,menacing
694,dab,light,direct,sudden,throaty,breathy,elder,medium,rapid,hushed,friendly
695,dab,light,direct,sudden,throaty,breathy,elder,medium,rapid,hushed,deadpan
696,dab,light,direct,sudden,throaty,breathy,elder,medium,rapid,hushed,menacing
697,dab,light,direct,sudden,throaty,breathy,elder,medium,rapid,medium,friendly
698,dab,light,direct,sudden,throaty,breathy,elder,medium,rapid,medium,deadpan
699,dab,light,direct,sudden,throaty,breathy,elder,medium,rapid,medium,menacing
700,dab,light,direct,sudden,throaty,breathy,elder,medium,rapid,big,friendly
701,dab,light,direct,sudden,throaty,breathy,elder,medium,rapid,big,deadpan
702,dab,light,direct,sudden,throaty,breathy,elder,medium,rapid,big,menacing
703,dab,light,direct,sudden,throaty,breathy,elder,huge,slow,hushed,friendly
704,dab,light,direct,sudden,throaty,breathy,elder,huge,slow,hushed,deadpan
705,dab,light,direct,sudden,throaty,breathy,elder,huge,slow,hushed,menacing
706,dab,light,direct,sudden,throaty,breathy,elder,huge,slow,medium,friendly
707,dab,light,direct,sudden,throaty,breathy,elder,huge,slow,medium,deadpan
708,dab,light,direct,sudden,throaty,breathy,elder,huge,slow,medium,menacing
709,dab,light,direct,sudden,throaty,breathy,elder,huge,slow,big,friendly
710,dab,light,direct,sudden,throaty,breathy,elder,huge,slow,big,deadpan
711,dab,light,direct,sudden,throaty,breathy,elder,huge,slow,big,menacing
712,dab,light,direct,sudden,throaty,breathy,elder,huge,steady,hushed,friendly
713,dab,light,direct,sudden,throaty,breathy,elder,huge,steady,hushed,deadpan
714,dab,light,direct,sudden,throaty,breathy,elder,huge,steady,hushed,menacing
715,dab,light,direct,sudden,throaty,breathy,elder,huge,steady,medium,friendly
716,dab,light,direct,sudden,throaty,breathy,elder,huge,steady,medium,deadpan
717,dab,light,direct,sudden,throaty,breathy,elder,huge,steady,medium,menacing
718,dab,light,direct,sudden,throaty,breathy,elder,huge,steady,big,friendly
719,dab,light,direct,sudden,throaty,breathy,elder,huge,steady,big,deadpan
720,dab,light,direct,sudden,throaty,breathy,elder,huge,steady,big,menacing
721,dab,light,direct,sudden,throaty,breathy,elder,huge,rapid,hushed,friendly
722,dab,light,direct,sudden,throaty,breathy,elder,huge,rapid,hushed,deadpan
723,dab,light,direct,sudden,throaty,breathy,elder,huge,rapid,hushed,menacing
724,dab,light,direct,sudden,throaty,breathy,elder,huge,rapid,medium,friendly
725,dab,light,direct,sudden,throaty,breathy,elder,huge,rapid,medium,deadpan
726,dab,light,direct,sudden,throaty,breathy,elder,huge,rapid,medium,menacing
727,dab,light,direct,sudden,throaty,breathy,elder,huge,rapid,big,friendly
728,dab,light,direct,sudden,throaty,breathy,elder,huge,rapid,big,deadpan
729,dab,light,direct,sudden,throaty,breathy,elder,huge,rapid,big,menacing
730,dab,light,direct,sudden,throaty,dry,kid-ish,tiny,slow,hushed,friendly
731,dab,light,direct,sudden,throaty,dry,kid-ish,tiny,slow,hushed,deadpan
732,dab,light,direct,sudden,throaty,dry,kid-ish,tiny,slow,hushed,menacing
733,dab,light,direct,sudden,throaty,dry,kid-ish,tiny,slow,medium,friendly
734,dab,light,direct,sudden,throaty,dry,kid-ish,tiny,slow,medium,deadpan
735,dab,light,direct,sudden,throaty,dry,kid-ish,tiny,slow,medium,menacing
736,dab,light,direct,sudden,throaty,dry,kid-ish,tiny,slow,big,friendly
737,dab,light,direct,sudden,throaty,dry,kid-ish,tiny,slow,big,deadpan
738,dab,light,direct,sudden,throaty,dry,kid-ish,tiny,slow,big,menacing
739,dab,light,direct,sudden,throaty,dry,kid-ish,tiny,steady,hushed,friendly
740,dab,light,direct,sudden,throaty,dry,kid-ish,tiny,steady,hushed,deadpan
741,dab,light,direct,sudden,throaty,dry,kid-ish,tiny,steady,hushed,menacing
742,dab,light,direct,sudden,throaty,dry,kid-ish,tiny,steady,medium,friendly
743,dab,light,direct,sudden,throaty,dry,kid-ish,tiny,steady,medium,deadpan
744,dab,light,direct,sudden,throaty,dry,kid-ish,tiny,steady,medium,menacing
745,dab,light,direct,sudden,throaty,dry,kid-ish,tiny,steady,big,friendly
746,dab,light,direct,sudden,throaty,dry,kid-ish,tiny,steady,big,deadpan
747,dab,light,direct,sudden,throaty,dry,kid-ish,tiny,steady,big,menacing
748,dab,light,direct,sudden,throaty,dry,kid-ish,tiny,rapid,hushed,friendly
749,dab,light,direct,sudden,throaty,dry,kid-ish,tiny,rapid,hushed,deadpan
750,dab,light,direct,sudden,throaty,dry,kid-ish,tiny,rapid,hushed,menacing
751,dab,light,direct,sudden,throaty,dry,kid-ish,tiny,rapid,medium,friendly
752,dab,light,direct,sudden,throaty,dry,kid-ish,tiny,rapid,medium,deadpan
753,dab,light,direct,sudden,throaty,dry,kid-ish,tiny,rapid,medium,menacing
754,dab,light,direct,sudden,throaty,dry,kid-ish,tiny,rapid,big,friendly
755,dab,light,direct,sudden,throaty,dry,kid-ish,tiny,rapid,big,deadpan
756,dab,light,direct,sudden,throaty,dry,kid-ish,tiny,rapid,big,menacing
757,dab,light,direct,sudden,throaty,dry,kid-ish,medium,slow,hushed,friendly
758,dab,light,direct,sudden,throaty,dry,kid-ish,medium,slow,hushed,deadpan
759,dab,light,direct,sudden,throaty,dry,kid-ish,medium,slow,hushed,menacing
760,dab,light,direct,sudden,throaty,dry,kid-ish,medium,slow,medium,friendly
761,dab,light,direct,sudden,throaty,dry,kid-ish,medium,slow,medium,deadpan
762,dab,light,direct,sudden,throaty,dry,kid-ish,medium,slow,medium,menacing
763,dab,light,direct,sudden,throaty,dry,kid-ish,medium,slow,big,friendly
764,dab,light,direct,sudden,throaty,dry,kid-ish,medium,slow,big,deadpan
765,dab,light,direct,sudden,throaty,dry,kid-ish,medium,slow,big,menacing
766,dab,light,direct,sudden,throaty,dry,kid-ish,medium,steady,hushed,friendly
767,dab,light,direct,sudden,throaty,dry,kid-ish,medium,steady,hushed,deadpan
768,dab,light,direct,sudden,throaty,dry,kid-ish,medium,steady,hushed,menacing
769,dab,light,direct,sudden,throaty,dry,kid-ish,medium,steady,medium,friendly
770,dab,light,direct,sudden,throaty,dry,kid-ish,medium,steady,medium,deadpan
771,dab,light,direct,sudden,throaty,dry,kid-ish,medium,steady,medium,menacing
772,dab,light,direct,sudden,throaty,dry,kid-ish,medium,steady,big,friendly
773,dab,light,direct,sudden,throaty,dry,kid-ish,medium,steady,big,deadpan
774,dab,light,direct,sudden,throaty,dry,kid-ish,medium,steady,big,menacing
775,dab,light,direct,sudden,throaty,dry,kid-ish,medium,rapid,hushed,friendly
776,dab,light,direct,sudden,throaty,dry,kid-ish,medium,rapid,hushed,deadpan
777,dab,light,direct,sudden,throaty,dry,kid-ish,medium,rapid,hushed,menacing
778,dab,light,direct,sudden,throaty,dry,kid-ish,medium,rapid,medium,friendly
779,dab,light,direct,sudden,throaty,dry,kid-ish,medium,rapid,medium,deadpan
780,dab,light,direct,sudden,throaty,dry,kid-ish,medium,rapid,medium,menacing
781,dab,light,direct,sudden,throaty,dry,kid-ish,medium,rapid,big,friendly
782,dab,light,direct,sudden,throaty,dry,kid-ish,medium,rapid,big,deadpan
783,dab,light,direct,sudden,throaty,dry,kid-ish,medium,rapid,big,menacing
784,dab,light,direct,sudden,throaty,dry,kid-ish,huge,slow,hushed,friendly
785,dab,light,direct,sudden,throaty,dry,kid-ish,huge,slow,hushed,deadpan
786,dab,light,direct,sudden,throaty,dry,kid-ish,huge,slow,hushed,menacing
787,dab,light,direct,sudden,throaty,dry,kid-ish,huge,slow,medium,friendly
788,dab,light,direct,sudden,throaty,dry,kid-ish,huge,slow,medium,deadpan
789,dab,light,direct,sudden,throaty,dry,kid-ish,huge,slow,medium,menacing
790,dab,light,direct,sudden,throaty,dry,kid-ish,huge,slow,big,friendly
791,dab,light,direct,sudden,throaty,dry,kid-ish,huge,slow,big,deadpan
792,dab,light,direct,sudden,throaty,dry,kid-ish,huge,slow,big,menacing
793,dab,light,direct,sudden,throaty,dry,kid-ish,huge,steady,hushed,friendly
794,dab,light,direct,sudden,throaty,dry,kid-ish,huge,steady,hushed,deadpan
795,dab,light,direct,sudden,throaty,dry,kid-ish,huge,steady,hushed,menacing
796,dab,light,direct,sudden,throaty,dry,kid-ish,huge,steady,medium,friendly
797,dab,light,direct,sudden,throaty,dry,kid-ish,huge,steady,medium,deadpan
798,dab,light,direct,sudden,throaty,dry,kid-ish,huge,steady,medium,menacing
799,dab,light,direct,sudden,throaty,dry,kid-ish,huge,steady,big,friendly
800,dab,light,direct,sudden,throaty,dry,kid-ish,huge,steady,big,deadpan
801,dab,light,direct,sudden,throaty,dry,kid-ish,huge,steady,big,menacing
802,dab,light,direct,sudden,throaty,dry,kid-ish,huge,rapid,hushed,friendly
803,dab,light,direct,sudden,throaty,dry,kid-ish,huge,rapid,hushed,deadpan
804,dab,light,direct,sudden,throaty,dry,kid-ish,huge,rapid,hushed,menacing
805,dab,light,direct,sudden,throaty,dry,kid-ish,huge,rapid,medium,friendly
806,dab,light,direct,sudden,throaty,dry,kid-ish,huge,rapid,medium,deadpan
807,dab,light,direct,sudden,throaty,dry,kid-ish,huge,rapid,medium,menacing
808,dab,light,direct,sudden,throaty,dry,kid-ish,huge,rapid,big,friendly
809,dab,light,direct,sudden,throaty,dry,kid-ish,huge,rapid,big,deadpan
810,dab,light,direct,sudden,throaty,dry,kid-ish,huge,rapid,big,menacing
811,dab,light,direct,sudden,throaty,dry,adult,tiny,slow,hushed,friendly
812,dab,light,direct,sudden,throaty,dry,adult,tiny,slow,hushed,deadpan
813,dab,light,direct,sudden,throaty,dry,adult,tiny,slow,hushed,menacing
814,dab,light,direct,sudden,throaty,dry,adult,tiny,slow,medium,friendly
815,dab,light,direct,sudden,throaty,dry,adult,tiny,slow,medium,deadpan
816,dab,light,direct,sudden,throaty,dry,adult,tiny,slow,medium,menacing
817,dab,light,direct,sudden,throaty,dry,adult,tiny,slow,big,friendly
818,dab,light,direct,sudden,throaty,dry,adult,tiny,slow,big,deadpan
819,dab,light,direct,sudden,throaty,dry,adult,tiny,slow,big,menacing
820,dab,light,direct,sudden,throaty,dry,adult,tiny,steady,hushed,friendly
821,dab,light,direct,sudden,throaty,dry,adult,tiny,steady,hushed,deadpan
822,dab,light,direct,sudden,throaty,dry,adult,tiny,steady,hushed,menacing
823,dab,light,direct,sudden,throaty,dry,adult,tiny,steady,medium,friendly
824,dab,light,direct,sudden,throaty,dry,adult,tiny,steady,medium,deadpan
825,dab,light,direct,sudden,throaty,dry,adult,tiny,steady,medium,menacing
826,dab,light,direct,sudden,throaty,dry,adult,tiny,steady,big,friendly
827,dab,light,direct,sudden,throaty,dry,adult,tiny,steady,big,deadpan
828,dab,light,direct,sudden,throaty,dry,adult,tiny,steady,big,menacing
829,dab,light,direct,sudden,throaty,dry,adult,tiny,rapid,hushed,friendly
830,dab,light,direct,sudden,throaty,dry,adult,tiny,rapid,hushed,deadpan
831,dab,light,direct,sudden,throaty,dry,adult,tiny,rapid,hushed,menacing
832,dab,light,direct,sudden,throaty,dry,adult,tiny,rapid,medium,friendly
833,dab,light,direct,sudden,throaty,dry,adult,tiny,rapid,medium,deadpan
834,dab,light,direct,sudden,throaty,dry,adult,tiny,rapid,medium,menacing
835,dab,light,direct,sudden,throaty,dry,adult,tiny,rapid,big,friendly
836,dab,light,direct,sudden,throaty,dry,adult,tiny,rapid,big,deadpan
837,dab,light,direct,sudden,throaty,dry,adult,tiny,rapid,big,menacing
838,dab,light,direct,sudden,throaty,dry,adult,medium,slow,hushed,friendly
839,dab,light,direct,sudden,throaty,dry,adult,medium,slow,hushed,deadpan
840,dab,light,direct,sudden,throaty,dry,adult,medium,slow,hushed,menacing
841,dab,light,direct,sudden,throaty,dry,adult,medium,slow,medium,friendly
842,dab,light,direct,sudden,throaty,dry,adult,medium,slow,medium,deadpan
843,dab,light,direct,sudden,throaty,dry,adult,medium,slow,medium,menacing
844,dab,light,direct,sudden,throaty,dry,adult,medium,slow,big,friendly
845,dab,light,direct,sudden,throaty,dry,adult,medium,slow,big,deadpan
846,dab,light,direct,sudden,throaty,dry,adult,medium,slow,big,menacing
847,dab,light,direct,sudden,throaty,dry,adult,medium,steady,hushed,friendly
848,dab,light,direct,sudden,throaty,dry,adult,medium,steady,hushed,deadpan
849,dab,light,direct,sudden,throaty,dry,adult,medium,steady,hushed,menacing
850,dab,light,direct,sudden,throaty,dry,adult,medium,steady,medium,friendly
851,dab,light,direct,sudden,throaty,dry,adult,medium,steady,medium,deadpan
852,dab,light,direct,sudden,throaty,dry,adult,medium,steady,medium,menacing
853,dab,light,direct,sudden,throaty,dry,adult,medium,steady,big,friendly
854,dab,light,direct,sudden,throaty,dry,adult,medium,steady,big,deadpan
855,dab,light,direct,sudden,throaty,dry,adult,medium,steady,big,menacing
856,dab,light,direct,sudden,throaty,dry,adult,medium,rapid,hushed,friendly
857,dab,light,direct,sudden,throaty,dry,adult,medium,rapid,hushed,deadpan
858,dab,light,direct,sudden,throaty,dry,adult,medium,rapid,hushed,menacing
859,dab,light,direct,sudden,throaty,dry,adult,medium,rapid,medium,friendly
860,dab,light,direct,sudden,throaty,dry,adult,medium,rapid,medium,deadpan
861,dab,light,direct,sudden,throaty,dry,adult,medium,rapid,medium,menacing
862,dab,light,direct,sudden,throaty,dry,adult,medium,rapid,big,friendly
863,dab,light,direct,sudden,throaty,dry,adult,medium,rapid,big,deadpan
864,dab,light,direct,sudden,throaty,dry,adult,medium,rapid,big,menacing
865,dab,light,direct,sudden,throaty,dry,adult,huge,slow,hushed,friendly
866,dab,light,direct,sudden,throaty,dry,adult,huge,slow,hushed,deadpan
867,dab,light,direct,sudden,throaty,dry,adult,huge,slow,hushed,menacing
868,dab,light,direct,sudden,throaty,dry,adult,huge,slow,medium,friendly
869,dab,light,direct,sudden,throaty,dry,adult,huge,slow,medium,deadpan
870,dab,light,direct,sudden,throaty,dry,adult,huge,slow,medium,menacing
871,dab,light,direct,sudden,throaty,dry,adult,huge,slow,big,friendly
872,dab,light,direct,sudden,throaty,dry,adult,huge,slow,big,deadpan
873,dab,light,direct,sudden,throaty,dry,adult,huge,slow,big,menacing
874,dab,light,direct,sudden,throaty,dry,adult,huge,steady,hushed,friendly
875,dab,light,direct,sudden,throaty,dry,adult,huge,steady,hushed,deadpan
876,dab,light,direct,sudden,throaty,dry,adult,huge,steady,hushed,menacing
877,dab,light,direct,sudden,throaty,dry,adult,huge,steady,medium,friendly
878,dab,light,direct,sudden,throaty,dry,adult,huge,steady,medium,deadpan
879,dab,light,direct,sudden,throaty,dry,adult,huge,steady,medium,menacing
880,dab,light,direct,sudden,throaty,dry,adult,huge,steady,big,friendly
881,dab,light,direct,sudden,throaty,dry,adult,huge,steady,big,deadpan
882,dab,light,direct,sudden,throaty,dry,adult,huge,steady,big,menacing
883,dab,light,direct,sudden,throaty,dry,adult,huge,rapid,hushed,friendly
884,dab,light,direct,sudden,throaty,dry,adult,huge,rapid,hushed,deadpan
885,dab,light,direct,sudden,throaty,dry,adult,huge,rapid,hushed,menacing
886,dab,light,direct,sudden,throaty,dry,adult,huge,rapid,medium,friendly
887,dab,light,direct,sudden,throaty,dry,adult,huge,rapid,medium,deadpan
888,dab,light,direct,sudden,throaty,dry,adult,huge,rapid,medium,menacing
889,dab,light,direct,sudden,throaty,dry,adult,huge,rapid,big,friendly
890,dab,light,direct,sudden,throaty,dry,adult,huge,rapid,big,deadpan
891,dab,light,direct,sudden,throaty,dry,adult,huge,rapid,big,menacing
892,dab,light,direct,sudden,throaty,dry,elder,tiny,slow,hushed,friendly
893,dab,light,direct,sudden,throaty,dry,elder,tiny,slow,hushed,deadpan
894,dab,light,direct,sudden,throaty,dry,elder,tiny,slow,hushed,menacing
895,dab,light,direct,sudden,throaty,dry,elder,tiny,slow,medium,friendly
896,dab,light,direct,sudden,throaty,dry,elder,tiny,slow,medium,deadpan
897,dab,light,direct,sudden,throaty,dry,elder,tiny,slow,medium,menacing
898,dab,light,direct,sudden,throaty,dry,elder,tiny,slow,big,friendly
899,dab,light,direct,sudden,throaty,dry,elder,tiny,slow,big,deadpan
900,dab,light,direct,sudden,throaty,dry,elder,tiny,slow,big,menacing
901,dab,light,direct,sudden,throaty,dry,elder,tiny,steady,hushed,friendly
902,dab,light,direct,sudden,throaty,dry,elder,tiny,steady,hushed,deadpan
903,dab,light,direct,sudden,throaty,dry,elder,tiny,steady,hushed,menacing
904,dab,light,direct,sudden,throaty,dry,elder,tiny,steady,medium,friendly
905,dab,light,direct,sudden,throaty,dry,elder,tiny,steady,medium,deadpan
906,dab,light,direct,sudden,throaty,dry,elder,tiny,steady,medium,menacing
907,dab,light,direct,sudden,throaty,dry,elder,tiny,steady,big,friendly
908,dab,light,direct,sudden,throaty,dry,elder,tiny,steady,big,deadpan
909,dab,light,direct,sudden,throaty,dry,elder,tiny,steady,big,menacing
910,dab,light,direct,sudden,throaty,dry,elder,tiny,rapid,hushed,friendly
911,dab,light,direct,sudden,throaty,dry,elder,tiny,rapid,hushed,deadpan
912,dab,light,direct,sudden,throaty,dry,elder,tiny,rapid,hushed,menacing
913,dab,light,direct,sudden,throaty,dry,elder,tiny,rapid,medium,friendly
914,dab,light,direct,sudden,throaty,dry,elder,tiny,rapid,medium,deadpan
915,dab,light,direct,sudden,throaty,dry,elder,tiny,rapid,medium,menacing
916,dab,light,direct,sudden,throaty,dry,elder,tiny,rapid,big,friendly
917,dab,light,direct,sudden,throaty,dry,elder,tiny,rapid,big,deadpan
918,dab,light,direct,sudden,throaty,dry,elder,tiny,rapid,big,menacing
919,dab,light,direct,sudden,throaty,dry,elder,medium,slow,hushed,friendly
920,dab,light,direct,sudden,throaty,dry,elder,medium,slow,hushed,deadpan
921,dab,light,direct,sudden,throaty,dry,elder,medium,slow,hushed,menacing
922,dab,light,direct,sudden,throaty,dry,elder,medium,slow,medium,friendly
923,dab,light,direct,sudden,throaty,dry,elder,medium,slow,medium,deadpan
924,dab,light,direct,sudden,throaty,dry,elder,medium,slow,medium,menacing
925,dab,light,direct,sudden,throaty,dry,elder,medium,slow,big,friendly
926,dab,light,direct,sudden,throaty,dry,elder,medium,slow,big,deadpan
927,dab,light,direct,sudden,throaty,dry,elder,medium,slow,big,menacing
928,dab,light,direct,sudden,throaty,dry,elder,medium,steady,hushed,friendly
929,dab,light,direct,sudden,throaty,dry,elder,medium,steady,hushed,deadpan
930,dab,light,direct,sudden,throaty,dry,elder,medium,steady,hushed,menacing
931,dab,light,direct,sudden,throaty,dry,elder,medium,steady,medium,friendly
932,dab,light,direct,sudden,throaty,dry,elder,medium,steady,medium,deadpan
933,dab,light,direct,sudden,throaty,dry,elder,medium,steady,medium,menacing
934,dab,light,direct,sudden,throaty,dry,elder,medium,steady,big,friendly
935,dab,light,direct,sudden,throaty,dry,elder,medium,steady,big,deadpan
936,dab,light,direct,sudden,throaty,dry,elder,medium,steady,big,menacing
937,dab,light,direct,sudden,throaty,dry,elder,medium,rapid,hushed,friendly
938,dab,light,direct,sudden,throaty,dry,elder,medium,rapid,hushed,deadpan
939,dab,light,direct,sudden,throaty,dry,elder,medium,rapid,hushed,menacing
940,dab,light,direct,sudden,throaty,dry,elder,medium,rapid,medium,friendly
941,dab,light,direct,sudden,throaty,dry,elder,medium,rapid,medium,deadpan
942,dab,light,direct,sudden,throaty,dry,elder,medium,rapid,medium,menacing
943,dab,light,direct,sudden,throaty,dry,elder,medium,rapid,big,friendly
944,dab,light,direct,sudden,throaty,dry,elder,medium,rapid,big,deadpan
945,dab,light,direct,sudden,throaty,dry,elder,medium,rapid,big,menacing
946,dab,light,direct,sudden,throaty,dry,elder,huge,slow,hushed,friendly
947,dab,light,direct,sudden,throaty,dry,elder,huge,slow,hushed,deadpan
948,dab,light,direct,sudden,throaty,dry,elder,huge,slow,hushed,menacing
949,dab,light,direct,sudden,throaty,dry,elder,huge,slow,medium,friendly
950,dab,light,direct,sudden,throaty,dry,elder,huge,slow,medium,deadpan
951,dab,light,direct,sudden,throaty,dry,elder,huge,slow,medium,menacing
952,dab,light,direct,sudden,throaty,dry,elder,huge,slow,big,friendly
953,dab,light,direct,sudden,throaty,dry,elder,huge,slow,big,deadpan
954,dab,light,direct,sudden,throaty,dry,elder,huge,slow,big,menacing
955,dab,light,direct,sudden,throaty,dry,elder,huge,steady,hushed,friendly
956,dab,light,direct,sudden,throaty,dry,elder,huge,steady,hushed,deadpan
957,dab,light,direct,sudden,throaty,dry,elder,huge,steady,hushed,menacing
958,dab,light,direct,sudden,throaty,dry,elder,huge,steady,medium,friendly
959,dab,light,direct,sudden,throaty,dry,elder,huge,steady,medium,deadpan
960,dab,light,direct,sudden,throaty,dry,elder,huge,steady,medium,menacing
961,dab,light,direct,sudden,throaty,dry,elder,huge,steady,big,friendly
962,dab,light,direct,sudden,throaty,dry,elder,huge,steady,big,deadpan
963,dab,light,direct,sudden,throaty,dry,elder,huge,steady,big,menacing
964,dab,light,direct,sudden,throaty,dry,elder,huge,rapid,hushed,friendly
965,dab,light,direct,sudden,throaty,dry,elder,huge,rapid,hushed,deadpan
966,dab,light,direct,sudden,throaty,dry,elder,huge,rapid,hushed,menacing
967,dab,light,direct,sudden,throaty,dry,elder,huge,rapid,medium,friendly
968,dab,light,direct,sudden,throaty,dry,elder,huge,rapid,medium,deadpan
969,dab,light,direct,sudden,throaty,dry,elder,huge,rapid,medium,menacing
970,dab,light,direct,sudden,throaty,dry,elder,huge,rapid,big,friendly
971,dab,light,direct,sudden,throaty,dry,elder,huge,rapid,big,deadpan
972,dab,light,direct,sudden,throaty,dry,elder,huge,rapid,big,menacing
973,dab,light,direct,sudden,balanced,breathy,kid-ish,tiny,slow,hushed,friendly
974,dab,light,direct,sudden,balanced,breathy,kid-ish,tiny,slow,hushed,deadpan
975,dab,light,direct,sudden,balanced,breathy,kid-ish,tiny,slow,hushed,menacing
976,dab,light,direct,sudden,balanced,breathy,kid-ish,tiny,slow,medium,friendly
977,dab,light,direct,sudden,balanced,breathy,kid-ish,tiny,slow,medium,deadpan
978,dab,light,direct,sudden,balanced,breathy,kid-ish,tiny,slow,medium,menacing
979,dab,light,direct,sudden,balanced,breathy,kid-ish,tiny,slow,big,friendly
980,dab,light,direct,sudden,balanced,breathy,kid-ish,tiny,slow,big,deadpan
981,dab,light,direct,sudden,balanced,breathy,kid-ish,tiny,slow,big,menacing
982,dab,light,direct,sudden,balanced,breathy,kid-ish,tiny,steady,hushed,friendly
983,dab,light,direct,sudden,balanced,breathy,kid-ish,tiny,steady,hushed,deadpan
984,dab,light,direct,sudden,balanced,breathy,kid-ish,tiny,steady,hushed,menacing
985,dab,light,direct,sudden,balanced,breathy,kid-ish,tiny,steady,medium,friendly
986,dab,light,direct,sudden,balanced,breathy,kid-ish,tiny,steady,medium,deadpan
987,dab,light,direct,sudden,balanced,breathy,kid-ish,tiny,steady,medium,menacing
988,dab,light,direct,sudden,balanced,breathy,kid-ish,tiny,steady,big,friendly
989,dab,light,direct,sudden,balanced,breathy,kid-ish,tiny,steady,big,deadpan
990,dab,light,direct,sudden,balanced,breathy,kid-ish,tiny,steady,big,menacing
991,dab,light,direct,sudden,balanced,breathy,kid-ish,tiny,rapid,hushed,friendly
992,dab,light,direct,sudden,balanced,breathy,kid-ish,tiny,rapid,hushed,deadpan
993,dab,light,direct,sudden,balanced,breathy,kid-ish,tiny,rapid,hushed,menacing
994,dab,light,direct,sudden,balanced,breathy,kid-ish,tiny,rapid,medium,friendly
995,dab,light,direct,sudden,balanced,breathy,kid-ish,tiny,rapid,medium,deadpan
996,dab,light,direct,sudden,balanced,breathy,kid-ish,tiny,rapid,medium,menacing
997,dab,light,direct,sudden,balanced,breathy,kid-ish,tiny,rapid,big,friendly
998,dab,light,direct,sudden,balanced,breathy,kid-ish,tiny,rapid,big,deadpan
999,dab,light,direct,sudden,balanced,breathy,kid-ish,tiny,rapid,big,menacing
1000,dab,light,direct,sudden,balanced,breathy,kid-ish,medium,slow,hushed,friendly
1001,dab,light,direct,sudden,balanced,breathy,kid-ish,medium,slow,hushed,deadpan
1002,dab,light,direct,sudden,balanced,breathy,kid-ish,medium,slow,hushed,menacing
1003,dab,light,direct,sudden,balanced,breathy,kid-ish,medium,slow,medium,friendly
1004,dab,light,direct,sudden,balanced,breathy,kid-ish,medium,slow,medium,deadpan
1005,dab,light,direct,sudden,balanced,breathy,kid-ish,medium,slow,medium,menacing
1006,dab,light,direct,sudden,balanced,breathy,kid-ish,medium,slow,big,friendly
1007,dab,light,direct,sudden,balanced,breathy,kid-ish,medium,slow,big,deadpan
1008,dab,light,direct,sudden,balanced,breathy,kid-ish,medium,slow,big,menacing
1009,dab,light,direct,sudden,balanced,breathy,kid-ish,medium,steady,hushed,friendly
1010,dab,light,direct,sudden,balanced,breathy,kid-ish,medium,steady,hushed,deadpan
1011,dab,light,direct,sudden,balanced,breathy,kid-ish,medium,steady,hushed,menacing
1012,dab,light,direct,sudden,balanced,breathy,kid-ish,medium,steady,medium,friendly
1013,dab,light,direct,sudden,balanced,breathy,kid-ish,medium,steady,medium,deadpan
1014,dab,light,direct,sudden,balanced,breathy,kid-ish,medium,steady,medium,menacing
1015,dab,light,direct,sudden,balanced,breathy,kid-ish,medium,steady,big,friendly
1016,dab,light,direct,sudden,balanced,breathy,kid-ish,medium,steady,big,deadpan
1017,dab,light,direct,sudden,balanced,breathy,kid-ish,medium,steady,big,menacing
1018,dab,light,direct,sudden,balanced,breathy,kid-ish,medium,rapid,hushed,friendly
1019,dab,light,direct,sudden,balanced,breathy,kid-ish,medium,rapid,hushed,deadpan
1020,dab,light,direct,sudden,balanced,breathy,kid-ish,medium,rapid,hushed,menacing
1021,dab,light,direct,sudden,balanced,breathy,kid-ish,medium,rapid,medium,friendly
1022,dab,light,direct,sudden,balanced,breathy,kid-ish,medium,rapid,medium,deadpan
1023,dab,light,direct,sudden,balanced,breathy,kid-ish,medium,rapid,medium,menacing
1024,dab,light,direct,sudden,balanced,breathy,kid-ish,medium,rapid,big,friendly
1025,dab,light,direct,sudden,balanced,breathy,kid-ish,medium,rapid,big,deadpan
1026,dab,light,direct,sudden,balanced,breathy,kid-ish,medium,rapid,big,menacing
1027,dab,light,direct,sudden,balanced,breathy,kid-ish,huge,slow,hushed,friendly
1028,dab,light,direct,sudden,balanced,breathy,kid-ish,huge,slow,hushed,deadpan
1029,dab,light,direct,sudden,balanced,breathy,kid-ish,huge,slow,hushed,menacing
1030,dab,light,direct,sudden,balanced,breathy,kid-ish,huge,slow,medium,friendly
1031,dab,light,direct,sudden,balanced,breathy,kid-ish,huge,slow,medium,deadpan
1032,dab,light,direct,sudden,balanced,breathy,kid-ish,huge,slow,medium,menacing
1033,dab,light,direct,sudden,balanced,breathy,kid-ish,huge,slow,big,friendly
1034,dab,light,direct,sudden,balanced,breathy,kid-ish,huge,slow,big,deadpan
1035,dab,light,direct,sudden,balanced,breathy,kid-ish,huge,slow,big,menacing
1036,dab,light,direct,sudden,balanced,breathy,kid-ish,huge,steady,hushed,friendly
1037,dab,light,direct,sudden,balanced,breathy,kid-ish,huge,steady,hushed,deadpan
1038,dab,light,direct,sudden,balanced,breathy,kid-ish,huge,steady,hushed,menacing
1039,dab,light,direct,sudden,balanced,breathy,kid-ish,huge,steady,medium,friendly
1040,dab,light,direct,sudden,balanced,breathy,kid-ish,huge,steady,medium,deadpan
1041,dab,light,direct,sudden,balanced,breathy,kid-ish,huge,steady,medium,menacing
1042,dab,light,direct,sudden,balanced,breathy,kid-ish,huge,steady,big,friendly
1043,dab,light,direct,sudden,balanced,breathy,kid-ish,huge,steady,big,deadpan
1044,dab,light,direct,sudden,balanced,breathy,kid-ish,huge,steady,big,menacing
1045,dab,light,direct,sudden,balanced,breathy,kid-ish,huge,rapid,hushed,friendly
1046,dab,light,direct,sudden,balanced,breathy,kid-ish,huge,rapid,hushed,deadpan
1047,dab,light,direct,sudden,balanced,breathy,kid-ish,huge,rapid,hushed,menacing
1048,dab,light,direct,sudden,balanced,breathy,kid-ish,huge,rapid,medium,friendly
1049,dab,light,direct,sudden,balanced,breathy,kid-ish,huge,rapid,medium,deadpan
1050,dab,light,direct,sudden,balanced,breathy,kid-ish,huge,rapid,medium,menacing
1051,dab,light,direct,sudden,balanced,breathy,kid-ish,huge,rapid,big,friendly
1052,dab,light,direct,sudden,balanced,breathy,kid-ish,huge,rapid,big,deadpan
1053,dab,light,direct,sudden,balanced,breathy,kid-ish,huge,rapid,big,menacing
1054,dab,light,direct,sudden,balanced,breathy,adult,tiny,slow,hushed,friendly
1055,dab,light,direct,sudden,balanced,breathy,adult,tiny,slow,hushed,deadpan
1056,dab,light,direct,sudden,balanced,breathy,adult,tiny,slow,hushed,menacing
1057,dab,light,direct,sudden,balanced,breathy,adult,tiny,slow,medium,friendly
1058,dab,light,direct,sudden,balanced,breathy,adult,tiny,slow,medium,deadpan
1059,dab,light,direct,sudden,balanced,breathy,adult,tiny,slow,medium,menacing
1060,dab,light,direct,sudden,balanced,breathy,adult,tiny,slow,big,friendly
1061,dab,light,direct,sudden,balanced,breathy,adult,tiny,slow,big,deadpan
1062,dab,light,direct,sudden,balanced,breathy,adult,tiny,slow,big,menacing
1063,dab,light,direct,sudden,balanced,breathy,adult,tiny,steady,hushed,friendly
1064,dab,light,direct,sudden,balanced,breathy,adult,tiny,steady,hushed,deadpan
1065,dab,light,direct,sudden,balanced,breathy,adult,tiny,steady,hushed,menacing
1066,dab,light,direct,sudden,balanced,breathy,adult,tiny,steady,medium,friendly
1067,dab,light,direct,sudden,balanced,breathy,adult,tiny,steady,medium,deadpan
1068,dab,light,direct,sudden,balanced,breathy,adult,tiny,steady,medium,menacing
1069,dab,light,direct,sudden,balanced,breathy,adult,tiny,steady,big,friendly
1070,dab,light,direct,sudden,balanced,breathy,adult,tiny,steady,big,deadpan
1071,dab,light,direct,sudden,balanced,breathy,adult,tiny,steady,big,menacing
1072,dab,light,direct,sudden,balanced,breathy,adult,tiny,rapid,hushed,friendly
1073,dab,light,direct,sudden,balanced,breathy,adult,tiny,rapid,hushed,deadpan
1074,dab,light,direct,sudden,balanced,breathy,adult,tiny,rapid,hushed,menacing
1075,dab,light,direct,sudden,balanced,breathy,adult,tiny,rapid,medium,friendly
1076,dab,light,direct,sudden,balanced,breathy,adult,tiny,rapid,medium,deadpan
1077,dab,light,direct,sudden,balanced,breathy,adult,tiny,rapid,medium,menacing
1078,dab,light,direct,sudden,balanced,breathy,adult,tiny,rapid,big,friendly
1079,dab,light,direct,sudden,balanced,breathy,adult,tiny,rapid,big,deadpan
1080,dab,light,direct,sudden,balanced,breathy,adult,tiny,rapid,big,menacing
1081,dab,light,direct,sudden,balanced,breathy,adult,medium,slow,hushed,friendly
1082,dab,light,direct,sudden,balanced,breathy,adult,medium,slow,hushed,deadpan
1083,dab,light,direct,sudden,balanced,breathy,adult,medium,slow,hushed,menacing
1084,dab,light,direct,sudden,balanced,breathy,adult,medium,slow,medium,friendly
1085,dab,light,direct,sudden,balanced,breathy,adult,medium,slow,medium,deadpan
1086,dab,light,direct,sudden,balanced,breathy,adult,medium,slow,medium,menacing
1087,dab,light,direct,sudden,balanced,breathy,adult,medium,slow,big,friendly
1088,dab,light,direct,sudden,balanced,breathy,adult,medium,slow,big,deadpan
1089,dab,light,direct,sudden,balanced,breathy,adult,medium,slow,big,menacing
1090,dab,light,direct,sudden,balanced,breathy,adult,medium,steady,hushed,friendly
1091,dab,light,direct,sudden,balanced,breathy,adult,medium,steady,hushed,deadpan
1092,dab,light,direct,sudden,balanced,breathy,adult,medium,steady,hushed,menacing
1093,dab,light,direct,sudden,balanced,breathy,adult,medium,steady,medium,friendly
1094,dab,light,direct,sudden,balanced,breathy,adult,medium,steady,medium,deadpan
1095,dab,light,direct,sudden,balanced,breathy,adult,medium,steady,medium,menacing
1096,dab,light,direct,sudden,balanced,breathy,adult,medium,steady,big,friendly
1097,dab,light,direct,sudden,balanced,breathy,adult,medium,steady,big,deadpan
1098,dab,light,direct,sudden,balanced,breathy,adult,medium,steady,big,menacing
1099,dab,light,direct,sudden,balanced,breathy,adult,medium,rapid,hushed,friendly
1100,dab,light,direct,sudden,balanced,breathy,adult,medium,rapid,hushed,deadpan
1101,dab,light,direct,sudden,balanced,breathy,adult,medium,rapid,hushed,menacing
1102,dab,light,direct,sudden,balanced,breathy,adult,medium,rapid,medium,friendly
1103,dab,light,direct,sudden,balanced,breathy,adult,medium,rapid,medium,deadpan
1104,dab,light,direct,sudden,balanced,breathy,adult,medium,rapid,medium,menacing
1105,dab,light,direct,sudden,balanced,breathy,adult,medium,rapid,big,friendly
1106,dab,light,direct,sudden,balanced,breathy,adult,medium,rapid,big,deadpan
1107,dab,light,direct,sudden,balanced,breathy,adult,medium,rapid,big,menacing
1108,dab,light,direct,sudden,balanced,breathy,adult,huge,slow,hushed,friendly
1109,dab,light,direct,sudden,balanced,breathy,adult,huge,slow,hushed,deadpan
1110,dab,light,direct,sudden,balanced,breathy,adult,huge,slow,hushed,menacing
1111,dab,light,direct,sudden,balanced,breathy,adult,huge,slow,medium,friendly
1112,dab,light,direct,sudden,balanced,breathy,adult,huge,slow,medium,deadpan
1113,dab,light,direct,sudden,balanced,breathy,adult,huge,slow,medium,menacing
1114,dab,light,direct,sudden,balanced,breathy,adult,huge,slow,big,friendly
1115,dab,light,direct,sudden,balanced,breathy,adult,huge,slow,big,deadpan
1116,dab,light,direct,sudden,balanced,breathy,adult,huge,slow,big,menacing
1117,dab,light,direct,sudden,balanced,breathy,adult,huge,steady,hushed,friendly
1118,dab,light,direct,sudden,balanced,breathy,adult,huge,steady,hushed,deadpan
1119,dab,light,direct,sudden,balanced,breathy,adult,huge,steady,hushed,menacing
1120,dab,light,direct,sudden,balanced,breathy,adult,huge,steady,medium,friendly
1121,dab,light,direct,sudden,balanced,breathy,adult,huge,steady,medium,deadpan
1122,dab,light,direct,sudden,balanced,breathy,adult,huge,steady,medium,menacing
1123,dab,light,direct,sudden,balanced,breathy,adult,huge,steady,big,friendly
1124,dab,light,direct,sudden,balanced,breathy,adult,huge,steady,big,deadpan
1125,dab,light,direct,sudden,balanced,breathy,adult,huge,steady,big,menacing
1126,dab,light,direct,sudden,balanced,breathy,adult,huge,rapid,hushed,friendly
1127,dab,light,direct,sudden,balanced,breathy,adult,huge,rapid,hushed,deadpan
1128,dab,light,direct,sudden,balanced,breathy,adult,huge,rapid,hushed,menacing
1129,dab,light,direct,sudden,balanced,breathy,adult,huge,rapid,medium,friendly
1130,dab,light,direct,sudden,balanced,breathy,adult,huge,rapid,medium,deadpan
1131,dab,light,direct,sudden,balanced,breathy,adult,huge,rapid,medium,menacing
1132,dab,light,direct,sudden,balanced,breathy,adult,huge,rapid,big,friendly
1133,dab,light,direct,sudden,balanced,breathy,adult,huge,rapid,big,deadpan
1134,dab,light,direct,sudden,balanced,breathy,adult,huge,rapid,big,menacing
1135,dab,light,direct,sudden,balanced,breathy,elder,tiny,slow,hushed,friendly
1136,dab,light,direct,sudden,balanced,breathy,elder,tiny,slow,hushed,deadpan
1137,dab,light,direct,sudden,balanced,breathy,elder,tiny,slow,hushed,menacing
1138,dab,light,direct,sudden,balanced,breathy,elder,tiny,slow,medium,friendly
1139,dab,light,direct,sudden,balanced,breathy,elder,tiny,slow,medium,deadpan
1140,dab,light,direct,sudden,balanced,breathy,elder,tiny,slow,medium,menacing
1141,dab,light,direct,sudden,balanced,breathy,elder,tiny,slow,big,friendly
1142,dab,light,direct,sudden,balanced,breathy,elder,tiny,slow,big,deadpan
1143,dab,light,direct,sudden,balanced,breathy,elder,tiny,slow,big,menacing
1144,dab,light,direct,sudden,balanced,breathy,elder,tiny,steady,hushed,friendly
1145,dab,light,direct,sudden,balanced,breathy,elder,tiny,steady,hushed,deadpan
1146,dab,light,direct,sudden,balanced,breathy,elder,tiny,steady,hushed,menacing
1147,dab,light,direct,sudden,balanced,breathy,elder,tiny,steady,medium,friendly
1148,dab,light,direct,sudden,balanced,breathy,elder,tiny,steady,medium,deadpan
1149,dab,light,direct,sudden,balanced,breathy,elder,tiny,steady,medium,menacing
1150,dab,light,direct,sudden,balanced,breathy,elder,tiny,steady,big,friendly
1151,dab,light,direct,sudden,balanced,breathy,elder,tiny,steady,big,deadpan
1152,dab,light,direct,sudden,balanced,breathy,elder,tiny,steady,big,menacing
1153,dab,light,direct,sudden,balanced,breathy,elder,tiny,rapid,hushed,friendly
1154,dab,light,direct,sudden,balanced,breathy,elder,tiny,rapid,hushed,deadpan
1155,dab,light,direct,sudden,balanced,breathy,elder,tiny,rapid,hushed,menacing
1156,dab,light,direct,sudden,balanced,breathy,elder,tiny,rapid,medium,friendly
1157,dab,light,direct,sudden,balanced,breathy,elder,tiny,rapid,medium,deadpan
1158,dab,light,direct,sudden,balanced,breathy,elder,tiny,rapid,medium,menacing
1159,dab,light,direct,sudden,balanced,breathy,elder,tiny,rapid,big,friendly
1160,dab,light,direct,sudden,balanced,breathy,elder,tiny,rapid,big,deadpan
1161,dab,light,direct,sudden,balanced,breathy,elder,tiny,rapid,big,menacing
1162,dab,light,direct,sudden,balanced,breathy,elder,medium,slow,hushed,friendly
1163,dab,light,direct,sudden,balanced,breathy,elder,medium,slow,hushed,deadpan
1164,dab,light,direct,sudden,balanced,breathy,elder,medium,slow,hushed,menacing
1165,dab,light,direct,sudden,balanced,breathy,elder,medium,slow,medium,friendly
1166,dab,light,direct,sudden,balanced,breathy,elder,medium,slow,medium,deadpan
1167,dab,light,direct,sudden,balanced,breathy,elder,medium,slow,medium,menacing
1168,dab,light,direct,sudden,balanced,breathy,elder,medium,slow,big,friendly
1169,dab,light,direct,sudden,balanced,breathy,elder,medium,slow,big,deadpan
1170,dab,light,direct,sudden,balanced,breathy,elder,medium,slow,big,menacing
1171,dab,light,direct,sudden,balanced,breathy,elder,medium,steady,hushed,friendly
1172,dab,light,direct,sudden,balanced,breathy,elder,medium,steady,hushed,deadpan
1173,dab,light,direct,sudden,balanced,breathy,elder,medium,steady,hushed,menacing
1174,dab,light,direct,sudden,balanced,breathy,elder,medium,steady,medium,friendly
1175,dab,light,direct,sudden,balanced,breathy,elder,medium,steady,medium,deadpan
1176,dab,light,direct,sudden,balanced,breathy,elder,medium,steady,medium,menacing
1177,dab,light,direct,sudden,balanced,breathy,elder,medium,steady,big,friendly
1178,dab,light,direct,sudden,balanced,breathy,elder,medium,steady,big,deadpan
1179,dab,light,direct,sudden,balanced,breathy,elder,medium,steady,big,menacing
1180,dab,light,direct,sudden,balanced,breathy,elder,medium,rapid,hushed,friendly
1181,dab,light,direct,sudden,balanced,breathy,elder,medium,rapid,hushed,deadpan
1182,dab,light,direct,sudden,balanced,breathy,elder,medium,rapid,hushed,menacing
1183,dab,light,direct,sudden,balanced,breathy,elder,medium,rapid,medium,friendly
1184,dab,light,direct,sudden,balanced,breathy,elder,medium,rapid,medium,deadpan
1185,dab,light,direct,sudden,balanced,breathy,elder,medium,rapid,medium,menacing
1186,dab,light,direct,sudden,balanced,breathy,elder,medium,rapid,big,friendly
1187,dab,light,direct,sudden,balanced,breathy,elder,medium,rapid,big,deadpan
1188,dab,light,direct,sudden,balanced,breathy,elder,medium,rapid,big,menacing
1189,dab,light,direct,sudden,balanced,breathy,elder,huge,slow,hushed,friendly
1190,dab,light,direct,sudden,balanced,breathy,elder,huge,slow,hushed,deadpan
1191,dab,light,direct,sudden,balanced,breathy,elder,huge,slow,hushed,menacing
1192,dab,light,direct,sudden,balanced,breathy,elder,huge,slow,medium,friendly
1193,dab,light,direct,sudden,balanced,breathy,elder,huge,slow,medium,deadpan
1194,dab,light,direct,sudden,balanced,breathy,elder,huge,slow,medium,menacing
1195,dab,light,direct,sudden,balanced,breathy,elder,huge,slow,big,friendly
1196,dab,light,direct,sudden,balanced,breathy,elder,huge,slow,big,deadpan
1197,dab,light,direct,sudden,balanced,breathy,elder,huge,slow,big,menacing
1198,dab,light,direct,sudden,balanced,breathy,elder,huge,steady,hushed,friendly
1199,dab,light,direct,sudden,balanced,breathy,elder,huge,steady,hushed,deadpan
1200,dab,light,direct,sudden,balanced,breathy,elder,huge,steady,hushed,menacing
1201,dab,light,direct,sudden,balanced,breathy,elder,huge,steady,medium,friendly
1202,dab,light,direct,sudden,balanced,breathy,elder,huge,steady,medium,deadpan
1203,dab,light,direct,sudden,balanced,breathy,elder,huge,steady,medium,menacing
1204,dab,light,direct,sudden,balanced,breathy,elder,huge,steady,big,friendly
1205,dab,light,direct,sudden,balanced,breathy,elder,huge,steady,big,deadpan
1206,dab,light,direct,sudden,balanced,breathy,elder,huge,steady,big,menacing
1207,dab,light,direct,sudden,balanced,breathy,elder,huge,rapid,hushed,friendly
1208,dab,light,direct,sudden,balanced,breathy,elder,huge,rapid,hushed,deadpan
1209,dab,light,direct,sudden,balanced,breathy,elder,huge,rapid,hushed,menacing
1210,dab,light,direct,sudden,balanced,breathy,elder,huge,rapid,medium,friendly
1211,dab,light,direct,sudden,balanced,breathy,elder,huge,rapid,medium,deadpan
1212,dab,light,direct,sudden,balanced,breathy,elder,huge,rapid,medium,menacing
1213,dab,light,direct,sudden,balanced,breathy,elder,huge,rapid,big,friendly
1214,dab,light,direct,sudden,balanced,breathy,elder,huge,rapid,big,deadpan
1215,dab,light,direct,sudden,balanced,breathy,elder,huge,rapid,big,menacing
1216,dab,light,direct,sudden,balanced,dry,kid-ish,tiny,slow,hushed,friendly
1217,dab,light,direct,sudden,balanced,dry,kid-ish,tiny,slow,hushed,deadpan
1218,dab,light,direct,sudden,balanced,dry,kid-ish,tiny,slow,hushed,menacing
1219,dab,light,direct,sudden,balanced,dry,kid-ish,tiny,slow,medium,friendly
1220,dab,light,direct,sudden,balanced,dry,kid-ish,tiny,slow,medium,deadpan
1221,dab,light,direct,sudden,balanced,dry,kid-ish,tiny,slow,medium,menacing
1222,dab,light,direct,sudden,balanced,dry,kid-ish,tiny,slow,big,friendly
1223,dab,light,direct,sudden,balanced,dry,kid-ish,tiny,slow,big,deadpan
1224,dab,light,direct,sudden,balanced,dry,kid-ish,tiny,slow,big,menacing
1225,dab,light,direct,sudden,balanced,dry,kid-ish,tiny,steady,hushed,friendly
1226,dab,light,direct,sudden,balanced,dry,kid-ish,tiny,steady,hushed,deadpan
1227,dab,light,direct,sudden,balanced,dry,kid-ish,tiny,steady,hushed,menacing
1228,dab,light,direct,sudden,balanced,dry,kid-ish,tiny,steady,medium,friendly
1229,dab,light,direct,sudden,balanced,dry,kid-ish,tiny,steady,medium,deadpan
1230,dab,light,direct,sudden,balanced,dry,kid-ish,tiny,steady,medium,menacing
1231,dab,light,direct,sudden,balanced,dry,kid-ish,tiny,steady,big,friendly
1232,dab,light,direct,sudden,balanced,dry,kid-ish,tiny,steady,big,deadpan
1233,dab,light,direct,sudden,balanced,dry,kid-ish,tiny,steady,big,menacing
1234,dab,light,direct,sudden,balanced,dry,kid-ish,tiny,rapid,hushed,friendly
1235,dab,light,direct,sudden,balanced,dry,kid-ish,tiny,rapid,hushed,deadpan
1236,dab,light,direct,sudden,balanced,dry,kid-ish,tiny,rapid,hushed,menacing
1237,dab,light,direct,sudden,balanced,dry,kid-ish,tiny,rapid,medium,friendly
1238,dab,light,direct,sudden,balanced,dry,kid-ish,tiny,rapid,medium,deadpan
1239,dab,light,direct,sudden,balanced,dry,kid-ish,tiny,rapid,medium,menacing
1240,dab,light,direct,sudden,balanced,dry,kid-ish,tiny,rapid,big,friendly
1241,dab,light,direct,sudden,balanced,dry,kid-ish,tiny,rapid,big,deadpan
1242,dab,light,direct,sudden,balanced,dry,kid-ish,tiny,rapid,big,menacing
1243,dab,light,direct,sudden,balanced,dry,kid-ish,medium,slow,hushed,friendly
1244,dab,light,direct,sudden,balanced,dry,kid-ish,medium,slow,hushed,deadpan
1245,dab,light,direct,sudden,balanced,dry,kid-ish,medium,slow,hushed,menacing
1246,dab,light,direct,sudden,balanced,dry,kid-ish,medium,slow,medium,friendly
1247,dab,light,direct,sudden,balanced,dry,kid-ish,medium,slow,medium,deadpan
1248,dab,light,direct,sudden,balanced,dry,kid-ish,medium,slow,medium,menacing
1249,dab,light,direct,sudden,balanced,dry,kid-ish,medium,slow,big,friendly
1250,dab,light,direct,sudden,balanced,dry,kid-ish,medium,slow,big,deadpan
1251,dab,light,direct,sudden,balanced,dry,kid-ish,medium,slow,big,menacing
1252,dab,light,direct,sudden,balanced,dry,kid-ish,medium,steady,hushed,friendly
1253,dab,light,direct,sudden,balanced,dry,kid-ish,medium,steady,hushed,deadpan
1254,dab,light,direct,sudden,balanced,dry,kid-ish,medium,steady,hushed,menacing
1255,dab,light,direct,sudden,balanced,dry,kid-ish,medium,steady,medium,friendly
1256,dab,light,direct,sudden,balanced,dry,kid-ish,medium,steady,medium,deadpan
1257,dab,light,direct,sudden,balanced,dry,kid-ish,medium,steady,medium,menacing
1258,dab,light,direct,sudden,balanced,dry,kid-ish,medium,steady,big,friendly
1259,dab,light,direct,sudden,balanced,dry,kid-ish,medium,steady,big,deadpan
1260,dab,light,direct,sudden,balanced,dry,kid-ish,medium,steady,big,menacing
1261,dab,light,direct,sudden,balanced,dry,kid-ish,medium,rapid,hushed,friendly
1262,dab,light,direct,sudden,balanced,dry,kid-ish,medium,rapid,hushed,deadpan
1263,dab,light,direct,sudden,balanced,dry,kid-ish,medium,rapid,hushed,menacing
1264,dab,light,direct,sudden,balanced,dry,kid-ish,medium,rapid,medium,friendly
1265,dab,light,direct,sudden,balanced,dry,kid-ish,medium,rapid,medium,deadpan
1266,dab,light,direct,sudden,balanced,dry,kid-ish,medium,rapid,medium,menacing
1267,dab,light,direct,sudden,balanced,dry,kid-ish,medium,rapid,big,friendly
1268,dab,light,direct,sudden,balanced,dry,kid-ish,medium,rapid,big,deadpan
1269,dab,light,direct,sudden,balanced,dry,kid-ish,medium,rapid,big,menacing
1270,dab,light,direct,sudden,balanced,dry,kid-ish,huge,slow,hushed,friendly
1271,dab,light,direct,sudden,balanced,dry,kid-ish,huge,slow,hushed,deadpan
1272,dab,light,direct,sudden,balanced,dry,kid-ish,huge,slow,hushed,menacing
1273,dab,light,direct,sudden,balanced,dry,kid-ish,huge,slow,medium,friendly
1274,dab,light,direct,sudden,balanced,dry,kid-ish,huge,slow,medium,deadpan
1275,dab,light,direct,sudden,balanced,dry,kid-ish,huge,slow,medium,menacing
1276,dab,light,direct,sudden,balanced,dry,kid-ish,huge,slow,big,friendly
1277,dab,light,direct,sudden,balanced,dry,kid-ish,huge,slow,big,deadpan
1278,dab,light,direct,sudden,balanced,dry,kid-ish,huge,slow,big,menacing
1279,dab,light,direct,sudden,balanced,dry,kid-ish,huge,steady,hushed,friendly
1280,dab,light,direct,sudden,balanced,dry,kid-ish,huge,steady,hushed,deadpan
1281,dab,light,direct,sudden,balanced,dry,kid-ish,huge,steady,hushed,menacing
1282,dab,light,direct,sudden,balanced,dry,kid-ish,huge,steady,medium,friendly
1283,dab,light,direct,sudden,balanced,dry,kid-ish,huge,steady,medium,deadpan
1284,dab,light,direct,sudden,balanced,dry,kid-ish,huge,steady,medium,menacing
1285,dab,light,direct,sudden,balanced,dry,kid-ish,huge,steady,big,friendly
1286,dab,light,direct,sudden,balanced,dry,kid-ish,huge,steady,big,deadpan
1287,dab,light,direct,sudden,balanced,dry,kid-ish,huge,steady,big,menacing
1288,dab,light,direct,sudden,balanced,dry,kid-ish,huge,rapid,hushed,friendly
1289,dab,light,direct,sudden,balanced,dry,kid-ish,huge,rapid,hushed,deadpan
1290,dab,light,direct,sudden,balanced,dry,kid-ish,huge,rapid,hushed,menacing
1291,dab,light,direct,sudden,balanced,dry,kid-ish,huge,rapid,medium,friendly
1292,dab,light,direct,sudden,balanced,dry,kid-ish,huge,rapid,medium,deadpan
1293,dab,light,direct,sudden,balanced,dry,kid-ish,huge,rapid,medium,menacing
1294,dab,light,direct,sudden,balanced,dry,kid-ish,huge,rapid,big,friendly
1295,dab,light,direct,sudden,balanced,dry,kid-ish,huge,rapid,big,deadpan
1296,dab,light,direct,sudden,balanced,dry,kid-ish,huge,rapid,big,menacing
1297,dab,light,direct,sudden,balanced,dry,adult,tiny,slow,hushed,friendly
1298,dab,light,direct,sudden,balanced,dry,adult,tiny,slow,hushed,deadpan
1299,dab,light,direct,sudden,balanced,dry,adult,tiny,slow,hushed,menacing
1300,dab,light,direct,sudden,balanced,dry,adult,tiny,slow,medium,friendly
1301,dab,light,direct,sudden,balanced,dry,adult,tiny,slow,medium,deadpan
1302,dab,light,direct,sudden,balanced,dry,adult,tiny,slow,medium,menacing
1303,dab,light,direct,sudden,balanced,dry,adult,tiny,slow,big,friendly
1304,dab,light,direct,sudden,balanced,dry,adult,tiny,slow,big,deadpan
1305,dab,light,direct,sudden,balanced,dry,adult,tiny,slow,big,menacing
1306,dab,light,direct,sudden,balanced,dry,adult,tiny,steady,hushed,friendly
1307,dab,light,direct,sudden,balanced,dry,adult,tiny,steady,hushed,deadpan
1308,dab,light,direct,sudden,balanced,dry,adult,tiny,steady,hushed,menacing
1309,dab,light,direct,sudden,balanced,dry,adult,tiny,steady,medium,friendly
1310,dab,light,direct,sudden,balanced,dry,adult,tiny,steady,medium,deadpan
1311,dab,light,direct,sudden,balanced,dry,adult,tiny,steady,medium,menacing
1312,dab,light,direct,sudden,balanced,dry,adult,tiny,steady,big,friendly
1313,dab,light,direct,sudden,balanced,dry,adult,tiny,steady,big,deadpan
1314,dab,light,direct,sudden,balanced,dry,adult,tiny,steady,big,menacing
1315,dab,light,direct,sudden,balanced,dry,adult,tiny,rapid,hushed,friendly
1316,dab,light,direct,sudden,balanced,dry,adult,tiny,rapid,hushed,deadpan
1317,dab,light,direct,sudden,balanced,dry,adult,tiny,rapid,hushed,menacing
1318,dab,light,direct,sudden,balanced,dry,adult,tiny,rapid,medium,friendly
1319,dab,light,direct,sudden,balanced,dry,adult,tiny,rapid,medium,deadpan
1320,dab,light,direct,sudden,balanced,dry,adult,tiny,rapid,medium,menacing
1321,dab,light,direct,sudden,balanced,dry,adult,tiny,rapid,big,friendly
1322,dab,light,direct,sudden,balanced,dry,adult,tiny,rapid,big,deadpan
1323,dab,light,direct,sudden,balanced,dry,adult,tiny,rapid,big,menacing
1324,dab,light,direct,sudden,balanced,dry,adult,medium,slow,hushed,friendly
1325,dab,light,direct,sudden,balanced,dry,adult,medium,slow,hushed,deadpan
1326,dab,light,direct,sudden,balanced,dry,adult,medium,slow,hushed,menacing
1327,dab,light,direct,sudden,balanced,dry,adult,medium,slow,medium,friendly
1328,dab,light,direct,sudden,balanced,dry,adult,medium,slow,medium,deadpan
1329,dab,light,direct,sudden,balanced,dry,adult,medium,slow,medium,menacing
1330,dab,light,direct,sudden,balanced,dry,adult,medium,slow,big,friendly
1331,dab,light,direct,sudden,balanced,dry,adult,medium,slow,big,deadpan
1332,dab,light,direct,sudden,balanced,dry,adult,medium,slow,big,menacing
1333,dab,light,direct,sudden,balanced,dry,adult,medium,steady,hushed,friendly
1334,dab,light,direct,sudden,balanced,dry,adult,medium,steady,hushed,deadpan
1335,dab,light,direct,sudden,balanced,dry,adult,medium,steady,hushed,menacing
1336,dab,light,direct,sudden,balanced,dry,adult,medium,steady,medium,friendly
1337,dab,light,direct,sudden,balanced,dry,adult,medium,steady,medium,deadpan
1338,dab,light,direct,sudden,balanced,dry,adult,medium,steady,medium,menacing
1339,dab,light,direct,sudden,balanced,dry,adult,medium,steady,big,friendly
1340,dab,light,direct,sudden,balanced,dry,adult,medium,steady,big,deadpan
1341,dab,light,direct,sudden,balanced,dry,adult,medium,steady,big,menacing
1342,dab,light,direct,sudden,balanced,dry,adult,medium,rapid,hushed,friendly
1343,dab,light,direct,sudden,balanced,dry,adult,medium,rapid,hushed,deadpan
1344,dab,light,direct,sudden,balanced,dry,adult,medium,rapid,hushed,menacing
1345,dab,light,direct,sudden,balanced,dry,adult,medium,rapid,medium,friendly
1346,dab,light,direct,sudden,balanced,dry,adult,medium,rapid,medium,deadpan
1347,dab,light,direct,sudden,balanced,dry,adult,medium,rapid,medium,menacing
1348,dab,light,direct,sudden,balanced,dry,adult,medium,rapid,big,friendly
1349,dab,light,direct,sudden,balanced,dry,adult,medium,rapid,big,deadpan
1350,dab,light,direct,sudden,balanced,dry,adult,medium,rapid,big,menacing
1351,dab,light,direct,sudden,balanced,dry,adult,huge,slow,hushed,friendly
1352,dab,light,direct,sudden,balanced,dry,adult,huge,slow,hushed,deadpan
1353,dab,light,direct,sudden,balanced,dry,adult,huge,slow,hushed,menacing
1354,dab,light,direct,sudden,balanced,dry,adult,huge,slow,medium,friendly
1355,dab,light,direct,sudden,balanced,dry,adult,huge,slow,medium,deadpan
1356,dab,light,direct,sudden,balanced,dry,adult,huge,slow,medium,menacing
1357,dab,light,direct,sudden,balanced,dry,adult,huge,slow,big,friendly
1358,dab,light,direct,sudden,balanced,dry,adult,huge,slow,big,deadpan
1359,dab,light,direct,sudden,balanced,dry,adult,huge,slow,big,menacing
1360,dab,light,direct,sudden,balanced,dry,adult,huge,steady,hushed,friendly
1361,dab,light,direct,sudden,balanced,dry,adult,huge,steady,hushed,deadpan
1362,dab,light,direct,sudden,balanced,dry,adult,huge,steady,hushed,menacing
1363,dab,light,direct,sudden,balanced,dry,adult,huge,steady,medium,friendly
1364,dab,light,direct,sudden,balanced,dry,adult,huge,steady,medium,deadpan
1365,dab,light,direct,sudden,balanced,dry,adult,huge,steady,medium,menacing
1366,dab,light,direct,sudden,balanced,dry,adult,huge,steady,big,friendly
1367,dab,light,direct,sudden,balanced,dry,adult,huge,steady,big,deadpan
1368,dab,light,direct,sudden,balanced,dry,adult,huge,steady,big,menacing
1369,dab,light,direct,sudden,balanced,dry,adult,huge,rapid,hushed,friendly
1370,dab,light,direct,sudden,balanced,dry,adult,huge,rapid,hushed,deadpan
1371,dab,light,direct,sudden,balanced,dry,adult,huge,rapid,hushed,menacing
1372,dab,light,direct,sudden,balanced,dry,adult,huge,rapid,medium,friendly
1373,dab,light,direct,sudden,balanced,dry,adult,huge,rapid,medium,deadpan
1374,dab,light,direct,sudden,balanced,dry,adult,huge,rapid,medium,menacing
1375,dab,light,direct,sudden,balanced,dry,adult,huge,rapid,big,friendly
1376,dab,light,direct,sudden,balanced,dry,adult,huge,rapid,big,deadpan
1377,dab,light,direct,sudden,balanced,dry,adult,huge,rapid,big,menacing
1378,dab,light,direct,sudden,balanced,dry,elder,tiny,slow,hushed,friendly
1379,dab,light,direct,sudden,balanced,dry,elder,tiny,slow,hushed,deadpan
1380,dab,light,direct,sudden,balanced,dry,elder,tiny,slow,hushed,menacing
1381,dab,light,direct,sudden,balanced,dry,elder,tiny,slow,medium,friendly
1382,dab,light,direct,sudden,balanced,dry,elder,tiny,slow,medium,deadpan
1383,dab,light,direct,sudden,balanced,dry,elder,tiny,slow,medium,menacing
1384,dab,light,direct,sudden,balanced,dry,elder,tiny,slow,big,friendly
1385,dab,light,direct,sudden,balanced,dry,elder,tiny,slow,big,deadpan
1386,dab,light,direct,sudden,balanced,dry,elder,tiny,slow,big,menacing
1387,dab,light,direct,sudden,balanced,dry,elder,tiny,steady,hushed,friendly
1388,dab,light,direct,sudden,balanced,dry,elder,tiny,steady,hushed,deadpan
1389,dab,light,direct,sudden,balanced,dry,elder,tiny,steady,hushed,menacing
1390,dab,light,direct,sudden,balanced,dry,elder,tiny,steady,medium,friendly
1391,dab,light,direct,sudden,balanced,dry,elder,tiny,steady,medium,deadpan
1392,dab,light,direct,sudden,balanced,dry,elder,tiny,steady,medium,menacing
1393,dab,light,direct,sudden,balanced,dry,elder,tiny,steady,big,friendly
1394,dab,light,direct,sudden,balanced,dry,elder,tiny,steady,big,deadpan
1395,dab,light,direct,sudden,balanced,dry,elder,tiny,steady,big,menacing
1396,dab,light,direct,sudden,balanced,dry,elder,tiny,rapid,hushed,friendly
1397,dab,light,direct,sudden,balanced,dry,elder,tiny,rapid,hushed,deadpan
1398,dab,light,direct,sudden,balanced,dry,elder,tiny,rapid,hushed,menacing
1399,dab,light,direct,sudden,balanced,dry,elder,tiny,rapid,medium,friendly
1400,dab,light,direct,sudden,balanced,dry,elder,tiny,rapid,medium,deadpan
1401,dab,light,direct,sudden,balanced,dry,elder,tiny,rapid,medium,menacing
1402,dab,light,direct,sudden,balanced,dry,elder,tiny,rapid,big,friendly
1403,dab,light,direct,sudden,balanced,dry,elder,tiny,rapid,big,deadpan
1404,dab,light,direct,sudden,balanced,dry,elder,tiny,rapid,big,menacing
1405,dab,light,direct,sudden,balanced,dry,elder,medium,slow,hushed,friendly
1406,dab,light,direct,sudden,balanced,dry,elder,medium,slow,hushed,deadpan
1407,dab,light,direct,sudden,balanced,dry,elder,medium,slow,hushed,menacing
1408,dab,light,direct,sudden,balanced,dry,elder,medium,slow,medium,friendly
1409,dab,light,direct,sudden,balanced,dry,elder,medium,slow,medium,deadpan
1410,dab,light,direct,sudden,balanced,dry,elder,medium,slow,medium,menacing
1411,dab,light,direct,sudden,balanced,dry,elder,medium,slow,big,friendly
1412,dab,light,direct,sudden,balanced,dry,elder,medium,slow,big,deadpan
1413,dab,light,direct,sudden,balanced,dry,elder,medium,slow,big,menacing
1414,dab,light,direct,sudden,balanced,dry,elder,medium,steady,hushed,friendly
1415,dab,light,direct,sudden,balanced,dry,elder,medium,steady,hushed,deadpan
1416,dab,light,direct,sudden,balanced,dry,elder,medium,steady,hushed,menacing
1417,dab,light,direct,sudden,balanced,dry,elder,medium,steady,medium,friendly
1418,dab,light,direct,sudden,balanced,dry,elder,medium,steady,medium,deadpan
1419,dab,light,direct,sudden,balanced,dry,elder,medium,steady,medium,menacing
1420,dab,light,direct,sudden,balanced,dry,elder,medium,steady,big,friendly
1421,dab,light,direct,sudden,balanced,dry,elder,medium,steady,big,deadpan
1422,dab,light,direct,sudden,balanced,dry,elder,medium,steady,big,menacing
1423,dab,light,direct,sudden,balanced,dry,elder,medium,rapid,hushed,friendly
1424,dab,light,direct,sudden,balanced,dry,elder,medium,rapid,hushed,deadpan
1425,dab,light,direct,sudden,balanced,dry,elder,medium,rapid,hushed,menacing
1426,dab,light,direct,sudden,balanced,dry,elder,medium,rapid,medium,friendly
1427,dab,light,direct,sudden,balanced,dry,elder,medium,rapid,medium,deadpan
1428,dab,light,direct,sudden,balanced,dry,elder,medium,rapid,medium,menacing
1429,dab,light,direct,sudden,balanced,dry,elder,medium,rapid,big,friendly
1430,dab,light,direct,sudden,balanced,dry,elder,medium,rapid,big,deadpan
1431,dab,light,direct,sudden,balanced,dry,elder,medium,rapid,big,menacing
1432,dab,light,direct,sudden,balanced,dry,elder,huge,slow,hushed,friendly
1433,dab,light,direct,sudden,balanced,dry,elder,huge,slow,hushed,deadpan
1434,dab,light,direct,sudden,balanced,dry,elder,huge,slow,hushed,menacing
1435,dab,light,direct,sudden,balanced,dry,elder,huge,slow,medium,friendly
1436,dab,light,direct,sudden,balanced,dry,elder,huge,slow,medium,deadpan
1437,dab,light,direct,sudden,balanced,dry,elder,huge,slow,medium,menacing
1438,dab,light,direct,sudden,balanced,dry,elder,huge,slow,big,friendly
1439,dab,light,direct,sudden,balanced,dry,elder,huge,slow,big,deadpan
1440,dab,light,direct,sudden,balanced,dry,elder,huge,slow,big,menacing
1441,dab,light,direct,sudden,balanced,dry,elder,huge,steady,hushed,friendly
1442,dab,light,direct,sudden,balanced,dry,elder,huge,steady,hushed,deadpan
1443,dab,light,direct,sudden,balanced,dry,elder,huge,steady,hushed,menacing
1444,dab,light,direct,sudden,balanced,dry,elder,huge,steady,medium,friendly
1445,dab,light,direct,sudden,balanced,dry,elder,huge,steady,medium,deadpan
1446,dab,light,direct,sudden,balanced,dry,elder,huge,steady,medium,menacing
1447,dab,light,direct,sudden,balanced,dry,elder,huge,steady,big,friendly
1448,dab,light,direct,sudden,balanced,dry,elder,huge,steady,big,deadpan
1449,dab,light,direct,sudden,balanced,dry,elder,huge,steady,big,menacing
1450,dab,light,direct,sudden,balanced,dry,elder,huge,rapid,hushed,friendly
1451,dab,light,direct,sudden,balanced,dry,elder,huge,rapid,hushed,deadpan
1452,dab,light,direct,sudden,balanced,dry,elder,huge,rapid,hushed,menacing
1453,dab,light,direct,sudden,balanced,dry,elder,huge,rapid,medium,friendly
1454,dab,light,direct,sudden,balanced,dry,elder,huge,rapid,medium,deadpan
1455,dab,light,direct,sudden,balanced,dry,elder,huge,rapid,medium,menacing
1456,dab,light,direct,sudden,balanced,dry,elder,huge,rapid,big,friendly
1457,dab,light,direct,sudden,balanced,dry,elder,huge,rapid,big,deadpan
1458,dab,light,direct,sudden,balanced,dry,elder,huge,rapid,big,menacing
1459,flick,light,indirect,sudden,nasal,breathy,kid-ish,tiny,slow,hushed,friendly
1460,flick,light,indirect,sudden,nasal,breathy,kid-ish,tiny,slow,hushed,deadpan
1461,flick,light,indirect,sudden,nasal,breathy,kid-ish,tiny,slow,hushed,menacing
1462,flick,light,indirect,sudden,nasal,breathy,kid-ish,tiny,slow,medium,friendly
1463,flick,light,indirect,sudden,nasal,breathy,kid-ish,tiny,slow,medium,deadpan
1464,flick,light,indirect,sudden,nasal,breathy,kid-ish,tiny,slow,medium,menacing
1465,flick,light,indirect,sudden,nasal,breathy,kid-ish,tiny,slow,big,friendly
1466,flick,light,indirect,sudden,nasal,breathy,kid-ish,tiny,slow,big,deadpan
1467,flick,light,indirect,sudden,nasal,breathy,kid-ish,tiny,slow,big,menacing
1468,flick,light,indirect,sudden,nasal,breathy,kid-ish,tiny,steady,hushed,friendly
1469,flick,light,indirect,sudden,nasal,breathy,kid-ish,tiny,steady,hushed,deadpan
1470,flick,light,indirect,sudden,nasal,breathy,kid-ish,tiny,steady,hushed,menacing
1471,flick,light,indirect,sudden,nasal,breathy,kid-ish,tiny,steady,medium,friendly
1472,flick,light,indirect,sudden,nasal,breathy,kid-ish,tiny,steady,medium,deadpan
1473,flick,light,indirect,sudden,nasal,breathy,kid-ish,tiny,steady,medium,menacing
1474,flick,light,indirect,sudden,nasal,breathy,kid-ish,tiny,steady,big,friendly
1475,flick,light,indirect,sudden,nasal,breathy,kid-ish,tiny,steady,big,deadpan
1476,flick,light,indirect,sudden,nasal,breathy,kid-ish,tiny,steady,big,menacing
1477,flick,light,indirect,sudden,nasal,breathy,kid-ish,tiny,rapid,hushed,friendly
1478,flick,light,indirect,sudden,nasal,breathy,kid-ish,tiny,rapid,hushed,deadpan
1479,flick,light,indirect,sudden,nasal,breathy,kid-ish,tiny,rapid,hushed,menacing
1480,flick,light,indirect,sudden,nasal,breathy,kid-ish,tiny,rapid,medium,friendly
1481,flick,light,indirect,sudden,nasal,breathy,kid-ish,tiny,rapid,medium,deadpan
1482,flick,light,indirect,sudden,nasal,breathy,kid-ish,tiny,rapid,medium,menacing
1483,flick,light,indirect,sudden,nasal,breathy,kid-ish,tiny,rapid,big,friendly
1484,flick,light,indirect,sudden,nasal,breathy,kid-ish,tiny,rapid,big,deadpan
1485,flick,light,indirect,sudden,nasal,breathy,kid-ish,tiny,rapid,big,menacing
1486,flick,light,indirect,sudden,nasal,breathy,kid-ish,medium,slow,hushed,friendly
1487,flick,light,indirect,sudden,nasal,breathy,kid-ish,medium,slow,hushed,deadpan
1488,flick,light,indirect,sudden,nasal,breathy,kid-ish,medium,slow,hushed,menacing
1489,flick,light,indirect,sudden,nasal,breathy,kid-ish,medium,slow,medium,friendly
1490,flick,light,indirect,sudden,nasal,breathy,kid-ish,medium,slow,medium,deadpan
1491,flick,light,indirect,sudden,nasal,breathy,kid-ish,medium,slow,medium,menacing
1492,flick,light,indirect,sudden,nasal,breathy,kid-ish,medium,slow,big,friendly
1493,flick,light,indirect,sudden,nasal,breathy,kid-ish,medium,slow,big,deadpan
1494,flick,light,indirect,sudden,nasal,breathy,kid-ish,medium,slow,big,menacing
1495,flick,light,indirect,sudden,nasal,breathy,kid-ish,medium,steady,hushed,friendly
1496,flick,light,indirect,sudden,nasal,breathy,kid-ish,medium,steady,hushed,deadpan
1497,flick,light,indirect,sudden,nasal,breathy,kid-ish,medium,steady,hushed,menacing
1498,flick,light,indirect,sudden,nasal,breathy,kid-ish,medium,steady,medium,friendly
1499,flick,light,indirect,sudden,nasal,breathy,kid-ish,medium,steady,medium,deadpan
1500,flick,light,indirect,sudden,nasal,breathy,kid-ish,medium,steady,medium,menacing
1501,flick,light,indirect,sudden,nasal,breathy,kid-ish,medium,steady,big,friendly
1502,flick,light,indirect,sudden,nasal,breathy,kid-ish,medium,steady,big,deadpan
1503,flick,light,indirect,sudden,nasal,breathy,kid-ish,medium,steady,big,menacing
1504,flick,light,indirect,sudden,nasal,breathy,kid-ish,medium,rapid,hushed,friendly
1505,flick,light,indirect,sudden,nasal,breathy,kid-ish,medium,rapid,hushed,deadpan
1506,flick,light,indirect,sudden,nasal,breathy,kid-ish,medium,rapid,hushed,menacing
1507,flick,light,indirect,sudden,nasal,breathy,kid-ish,medium,rapid,medium,friendly
1508,flick,light,indirect,sudden,nasal,breathy,kid-ish,medium,rapid,medium,deadpan
1509,flick,light,indirect,sudden,nasal,breathy,kid-ish,medium,rapid,medium,menacing
1510,flick,light,indirect,sudden,nasal,breathy,kid-ish,medium,rapid,big,friendly
1511,flick,light,indirect,sudden,nasal,breathy,kid-ish,medium,rapid,big,deadpan
1512,flick,light,indirect,sudden,nasal,breathy,kid-ish,medium,rapid,big,menacing
1513,flick,light,indirect,sudden,nasal,breathy,kid-ish,huge,slow,hushed,friendly
1514,flick,light,indirect,sudden,nasal,breathy,kid-ish,huge,slow,hushed,deadpan
1515,flick,light,indirect,sudden,nasal,breathy,kid-ish,huge,slow,hushed,menacing
1516,flick,light,indirect,sudden,nasal,breathy,kid-ish,huge,slow,medium,friendly
1517,flick,light,indirect,sudden,nasal,breathy,kid-ish,huge,slow,medium,deadpan
1518,flick,light,indirect,sudden,nasal,breathy,kid-ish,huge,slow,medium,menacing
1519,flick,light,indirect,sudden,nasal,breathy,kid-ish,huge,slow,big,friendly
1520,flick,light,indirect,sudden,nasal,breathy,kid-ish,huge,slow,big,deadpan
1521,flick,light,indirect,sudden,nasal,breathy,kid-ish,huge,slow,big,menacing
1522,flick,light,indirect,sudden,nasal,breathy,kid-ish,huge,steady,hushed,friendly
1523,flick,light,indirect,sudden,nasal,breathy,kid-ish,huge,steady,hushed,deadpan
1524,flick,light,indirect,sudden,nasal,breathy,kid-ish,huge,steady,hushed,menacing
1525,flick,light,indirect,sudden,nasal,breathy,kid-ish,huge,steady,medium,friendly
1526,flick,light,indirect,sudden,nasal,breathy,kid-ish,huge,steady,medium,deadpan
1527,flick,light,indirect,sudden,nasal,breathy,kid-ish,huge,steady,medium,menacing
1528,flick,light,indirect,sudden,nasal,breathy,kid-ish,huge,steady,big,friendly
1529,flick,light,indirect,sudden,nasal,breathy,kid-ish,huge,steady,big,deadpan
1530,flick,light,indirect,sudden,nasal,breathy,kid-ish,huge,steady,big,menacing
1531,flick,light,indirect,sudden,nasal,breathy,kid-ish,huge,rapid,hushed,friendly
1532,flick,light,indirect,sudden,nasal,breathy,kid-ish,huge,rapid,hushed,deadpan
1533,flick,light,indirect,sudden,nasal,breathy,kid-ish,huge,rapid,hushed,menacing
1534,flick,light,indirect,sudden,nasal,breathy,kid-ish,huge,rapid,medium,friendly
1535,flick,light,indirect,sudden,nasal,breathy,kid-ish,huge,rapid,medium,deadpan
1536,flick,light,indirect,sudden,nasal,breathy,kid-ish,huge,rapid,medium,menacing
1537,flick,light,indirect,sudden,nasal,breathy,kid-ish,huge,rapid,big,friendly
1538,flick,light,indirect,sudden,nasal,breathy,kid-ish,huge,rapid,big,deadpan
1539,flick,light,indirect,sudden,nasal,breathy,kid-ish,huge,rapid,big,menacing
1540,flick,light,indirect,sudden,nasal,breathy,adult,tiny,slow,hushed,friendly
1541,flick,light,indirect,sudden,nasal,breathy,adult,tiny,slow,hushed,deadpan
1542,flick,light,indirect,sudden,nasal,breathy,adult,tiny,slow,hushed,menacing
1543,flick,light,indirect,sudden,nasal,breathy,adult,tiny,slow,medium,friendly
1544,flick,light,indirect,sudden,nasal,breathy,adult,tiny,slow,medium,deadpan
1545,flick,light,indirect,sudden,nasal,breathy,adult,tiny,slow,medium,menacing
1546,flick,light,indirect,sudden,nasal,breathy,adult,tiny,slow,big,friendly
1547,flick,light,indirect,sudden,nasal,breathy,adult,tiny,slow,big,deadpan
1548,flick,light,indirect,sudden,nasal,breathy,adult,tiny,slow,big,menacing
1549,flick,light,indirect,sudden,nasal,breathy,adult,tiny,steady,hushed,friendly
1550,flick,light,indirect,sudden,nasal,breathy,adult,tiny,steady,hushed,deadpan
1551,flick,light,indirect,sudden,nasal,breathy,adult,tiny,steady,hushed,menacing
1552,flick,light,indirect,sudden,nasal,breathy,adult,tiny,steady,medium,friendly
1553,flick,light,indirect,sudden,nasal,breathy,adult,tiny,steady,medium,deadpan
1554,flick,light,indirect,sudden,nasal,breathy,adult,tiny,steady,medium,menacing
1555,flick,light,indirect,sudden,nasal,breathy,adult,tiny,steady,big,friendly
1556,flick,light,indirect,sudden,nasal,breathy,adult,tiny,steady,big,deadpan
1557,flick,light,indirect,sudden,nasal,breathy,adult,tiny,steady,big,menacing
1558,flick,light,indirect,sudden,nasal,breathy,adult,tiny,rapid,hushed,friendly
1559,flick,light,indirect,sudden,nasal,breathy,adult,tiny,rapid,hushed,deadpan
1560,flick,light,indirect,sudden,nasal,breathy,adult,tiny,rapid,hushed,menacing
1561,flick,light,indirect,sudden,nasal,breathy,adult,tiny,rapid,medium,friendly
1562,flick,light,indirect,sudden,nasal,breathy,adult,tiny,rapid,medium,deadpan
1563,flick,light,indirect,sudden,nasal,breathy,adult,tiny,rapid,medium,menacing
1564,flick,light,indirect,sudden,nasal,breathy,adult,tiny,rapid,big,friendly
1565,flick,light,indirect,sudden,nasal,breathy,adult,tiny,rapid,big,deadpan
1566,flick,light,indirect,sudden,nasal,breathy,adult,tiny,rapid,big,menacing
1567,flick,light,indirect,sudden,nasal,breathy,adult,medium,slow,hushed,friendly
1568,flick,light,indirect,sudden,nasal,breathy,adult,medium,slow,hushed,deadpan
1569,flick,light,indirect,sudden,nasal,breathy,adult,medium,slow,hushed,menacing
1570,flick,light,indirect,sudden,nasal,breathy,adult,medium,slow,medium,friendly
1571,flick,light,indirect,sudden,nasal,breathy,adult,medium,slow,medium,deadpan
1572,flick,light,indirect,sudden,nasal,breathy,adult,medium,slow,medium,menacing
1573,flick,light,indirect,sudden,nasal,breathy,adult,medium,slow,big,friendly
1574,flick,light,indirect,sudden,nasal,breathy,adult,medium,slow,big,deadpan
1575,flick,light,indirect,sudden,nasal,breathy,adult,medium,slow,big,menacing
1576,flick,light,indirect,sudden,nasal,breathy,adult,medium,steady,hushed,friendly
1577,flick,light,indirect,sudden,nasal,breathy,adult,medium,steady,hushed,deadpan
1578,flick,light,indirect,sudden,nasal,breathy,adult,medium,steady,hushed,menacing
1579,flick,light,indirect,sudden,nasal,breathy,adult,medium,steady,medium,friendly
1580,flick,light,indirect,sudden,nasal,breathy,adult,medium,steady,medium,deadpan
1581,flick,light,indirect,sudden,nasal,breathy,adult,medium,steady,medium,menacing
1582,flick,light,indirect,sudden,nasal,breathy,adult,medium,steady,big,friendly
1583,flick,light,indirect,sudden,nasal,breathy,adult,medium,steady,big,deadpan
1584,flick,light,indirect,sudden,nasal,breathy,adult,medium,steady,big,menacing
1585,flick,light,indirect,sudden,nasal,breathy,adult,medium,rapid,hushed,friendly
1586,flick,light,indirect,sudden,nasal,breathy,adult,medium,rapid,hushed,deadpan
1587,flick,light,indirect,sudden,nasal,breathy,adult,medium,rapid,hushed,menacing
1588,flick,light,indirect,sudden,nasal,breathy,adult,medium,rapid,medium,friendly
1589,flick,light,indirect,sudden,nasal,breathy,adult,medium,rapid,medium,deadpan
1590,flick,light,indirect,sudden,nasal,breathy,adult,medium,rapid,medium,menacing
1591,flick,light,indirect,sudden,nasal,breathy,adult,medium,rapid,big,friendly
1592,flick,light,indirect,sudden,nasal,breathy,adult,medium,rapid,big,deadpan
1593,flick,light,indirect,sudden,nasal,breathy,adult,medium,rapid,big,menacing
1594,flick,light,indirect,sudden,nasal,breathy,adult,huge,slow,hushed,friendly
1595,flick,light,indirect,sudden,nasal,breathy,adult,huge,slow,hushed,deadpan
1596,flick,light,indirect,sudden,nasal,breathy,adult,huge,slow,hushed,menacing
1597,flick,light,indirect,sudden,nasal,breathy,adult,huge,slow,medium,friendly
1598,flick,light,indirect,sudden,nasal,breathy,adult,huge,slow,medium,deadpan
1599,flick,light,indirect,sudden,nasal,breathy,adult,huge,slow,medium,menacing
1600,flick,light,indirect,sudden,nasal,breathy,adult,huge,slow,big,friendly
1601,flick,light,indirect,sudden,nasal,breathy,adult,huge,slow,big,deadpan
1602,flick,light,indirect,sudden,nasal,breathy,adult,huge,slow,big,menacing
1603,flick,light,indirect,sudden,nasal,breathy,adult,huge,steady,hushed,friendly
1604,flick,light,indirect,sudden,nasal,breathy,adult,huge,steady,hushed,deadpan
1605,flick,light,indirect,sudden,nasal,breathy,adult,huge,steady,hushed,menacing
1606,flick,light,indirect,sudden,nasal,breathy,adult,huge,steady,medium,friendly
1607,flick,light,indirect,sudden,nasal,breathy,adult,huge,steady,medium,deadpan
1608,flick,light,indirect,sudden,nasal,breathy,adult,huge,steady,medium,menacing
1609,flick,light,indirect,sudden,nasal,breathy,adult,huge,steady,big,friendly
1610,flick,light,indirect,sudden,nasal,breathy,adult,huge,steady,big,deadpan
1611,flick,light,indirect,sudden,nasal,breathy,adult,huge,steady,big,menacing
1612,flick,light,indirect,sudden,nasal,breathy,adult,huge,rapid,hushed,friendly
1613,flick,light,indirect,sudden,nasal,breathy,adult,huge,rapid,hushed,deadpan
1614,flick,light,indirect,sudden,nasal,breathy,adult,huge,rapid,hushed,menacing
1615,flick,light,indirect,sudden,nasal,breathy,adult,huge,rapid,medium,friendly
1616,flick,light,indirect,sudden,nasal,breathy,adult,huge,rapid,medium,deadpan
1617,flick,light,indirect,sudden,nasal,breathy,adult,huge,rapid,medium,menacing
1618,flick,light,indirect,sudden,nasal,breathy,adult,huge,rapid,big,friendly
1619,flick,light,indirect,sudden,nasal,breathy,adult,huge,rapid,big,deadpan
1620,flick,light,indirect,sudden,nasal,breathy,adult,huge,rapid,big,menacing
1621,flick,light,indirect,sudden,nasal,breathy,elder,tiny,slow,hushed,friendly
1622,flick,light,indirect,sudden,nasal,breathy,elder,tiny,slow,hushed,deadpan
1623,flick,light,indirect,sudden,nasal,breathy,elder,tiny,slow,hushed,menacing
1624,flick,light,indirect,sudden,nasal,breathy,elder,tiny,slow,medium,friendly
1625,flick,light,indirect,sudden,nasal,breathy,elder,tiny,slow,medium,deadpan
1626,flick,light,indirect,sudden,nasal,breathy,elder,tiny,slow,medium,menacing
1627,flick,light,indirect,sudden,nasal,breathy,elder,tiny,slow,big,friendly
1628,flick,light,indirect,sudden,nasal,breathy,elder,tiny,slow,big,deadpan
1629,flick,light,indirect,sudden,nasal,breathy,elder,tiny,slow,big,menacing
1630,flick,light,indirect,sudden,nasal,breathy,elder,tiny,steady,hushed,friendly
1631,flick,light,indirect,sudden,nasal,breathy,elder,tiny,steady,hushed,deadpan
1632,flick,light,indirect,sudden,nasal,breathy,elder,tiny,steady,hushed,menacing
1633,flick,light,indirect,sudden,nasal,breathy,elder,tiny,steady,medium,friendly
1634,flick,light,indirect,sudden,nasal,breathy,elder,tiny,steady,medium,deadpan
1635,flick,light,indirect,sudden,nasal,breathy,elder,tiny,steady,medium,menacing
1636,flick,light,indirect,sudden,nasal,breathy,elder,tiny,steady,big,friendly
1637,flick,light,indirect,sudden,nasal,breathy,elder,tiny,steady,big,deadpan
1638,flick,light,indirect,sudden,nasal,breathy,elder,tiny,steady,big,menacing
1639,flick,light,indirect,sudden,nasal,breathy,elder,tiny,rapid,hushed,friendly
1640,flick,light,indirect,sudden,nasal,breathy,elder,tiny,rapid,hushed,deadpan
1641,flick,light,indirect,sudden,nasal,breathy,elder,tiny,rapid,hushed,menacing
1642,flick,light,indirect,sudden,nasal,breathy,elder,tiny,rapid,medium,friendly
1643,flick,light,indirect,sudden,nasal,breathy,elder,tiny,rapid,medium,deadpan
1644,flick,light,indirect,sudden,nasal,breathy,elder,tiny,rapid,medium,menacing
1645,flick,light,indirect,sudden,nasal,breathy,elder,tiny,rapid,big,friendly
1646,flick,light,indirect,sudden,nasal,breathy,elder,tiny,rapid,big,deadpan
1647,flick,light,indirect,sudden,nasal,breathy,elder,tiny,rapid,big,menacing
1648,flick,light,indirect,sudden,nasal,breathy,elder,medium,slow,hushed,friendly
1649,flick,light,indirect,sudden,nasal,breathy,elder,medium,slow,hushed,deadpan
1650,flick,light,indirect,sudden,nasal,breathy,elder,medium,slow,hushed,menacing
1651,flick,light,indirect,sudden,nasal,breathy,elder,medium,slow,medium,friendly
1652,flick,light,indirect,sudden,nasal,breathy,elder,medium,slow,medium,deadpan
1653,flick,light,indirect,sudden,nasal,breathy,elder,medium,slow,medium,menacing
1654,flick,light,indirect,sudden,nasal,breathy,elder,medium,slow,big,friendly
1655,flick,light,indirect,sudden,nasal,breathy,elder,medium,slow,big,deadpan
1656,flick,light,indirect,sudden,nasal,breathy,elder,medium,slow,big,menacing
1657,flick,light,indirect,sudden,nasal,breathy,elder,medium,steady,hushed,friendly
1658,flick,light,indirect,sudden,nasal,breathy,elder,medium,steady,hushed,deadpan
1659,flick,light,indirect,sudden,nasal,breathy,elder,medium,steady,hushed,menacing
1660,flick,light,indirect,sudden,nasal,breathy,elder,medium,steady,medium,friendly
1661,flick,light,indirect,sudden,nasal,breathy,elder,medium,steady,medium,deadpan
1662,flick,light,indirect,sudden,nasal,breathy,elder,medium,steady,medium,menacing
1663,flick,light,indirect,sudden,nasal,breathy,elder,medium,steady,big,friendly
1664,flick,light,indirect,sudden,nasal,breathy,elder,medium,steady,big,deadpan
1665,flick,light,indirect,sudden,nasal,breathy,elder,medium,steady,big,menacing
1666,flick,light,indirect,sudden,nasal,breathy,elder,medium,rapid,hushed,friendly
1667,flick,light,indirect,sudden,nasal,breathy,elder,medium,rapid,hushed,deadpan
1668,flick,light,indirect,sudden,nasal,breathy,elder,medium,rapid,hushed,menacing
1669,flick,light,indirect,sudden,nasal,breathy,elder,medium,rapid,medium,friendly
1670,flick,light,indirect,sudden,nasal,breathy,elder,medium,rapid,medium,deadpan
1671,flick,light,indirect,sudden,nasal,breathy,elder,medium,rapid,medium,menacing
1672,flick,light,indirect,sudden,nasal,breathy,elder,medium,rapid,big,friendly
1673,flick,light,indirect,sudden,nasal,breathy,elder,medium,rapid,big,deadpan
1674,flick,light,indirect,sudden,nasal,breathy,elder,medium,rapid,big,menacing
1675,flick,light,indirect,sudden,nasal,breathy,elder,huge,slow,hushed,friendly
1676,flick,light,indirect,sudden,nasal,breathy,elder,huge,slow,hushed,deadpan
1677,flick,light,indirect,sudden,nasal,breathy,elder,huge,slow,hushed,menacing
1678,flick,light,indirect,sudden,nasal,breathy,elder,huge,slow,medium,friendly
1679,flick,light,indirect,sudden,nasal,breathy,elder,huge,slow,medium,deadpan
1680,flick,light,indirect,sudden,nasal,breathy,elder,huge,slow,medium,menacing
1681,flick,light,indirect,sudden,nasal,breathy,elder,huge,slow,big,friendly
1682,flick,light,indirect,sudden,nasal,breathy,elder,huge,slow,big,deadpan
1683,flick,light,indirect,sudden,nasal,breathy,elder,huge,slow,big,menacing
1684,flick,light,indirect,sudden,nasal,breathy,elder,huge,steady,hushed,friendly
1685,flick,light,indirect,sudden,nasal,breathy,elder,huge,steady,hushed,deadpan
1686,flick,light,indirect,sudden,nasal,breathy,elder,huge,steady,hushed,menacing
1687,flick,light,indirect,sudden,nasal,breathy,elder,huge,steady,medium,friendly
1688,flick,light,indirect,sudden,nasal,breathy,elder,huge,steady,medium,deadpan
1689,flick,light,indirect,sudden,nasal,breathy,elder,huge,steady,medium,menacing
1690,flick,light,indirect,sudden,nasal,breathy,elder,huge,steady,big,friendly
1691,flick,light,indirect,sudden,nasal,breathy,elder,huge,steady,big,deadpan
1692,flick,light,indirect,sudden,nasal,breathy,elder,huge,steady,big,menacing
1693,flick,light,indirect,sudden,nasal,breathy,elder,huge,rapid,hushed,friendly
1694,flick,light,indirect,sudden,nasal,breathy,elder,huge,rapid,hushed,deadpan
1695,flick,light,indirect,sudden,nasal,breathy,elder,huge,rapid,hushed,menacing
1696,flick,light,indirect,sudden,nasal,breathy,elder,huge,rapid,medium,friendly
1697,flick,light,indirect,sudden,nasal,breathy,elder,huge,rapid,medium,deadpan
1698,flick,light,indirect,sudden,nasal,breathy,elder,huge,rapid,medium,menacing
1699,flick,light,indirect,sudden,nasal,breathy,elder,huge,rapid,big,friendly
1700,flick,light,indirect,sudden,nasal,breathy,elder,huge,rapid,big,deadpan
1701,flick,light,indirect,sudden,nasal,breathy,elder,huge,rapid,big,menacing
1702,flick,light,indirect,sudden,nasal,dry,kid-ish,tiny,slow,hushed,friendly
1703,flick,light,indirect,sudden,nasal,dry,kid-ish,tiny,slow,hushed,deadpan
1704,flick,light,indirect,sudden,nasal,dry,kid-ish,tiny,slow,hushed,menacing
1705,flick,light,indirect,sudden,nasal,dry,kid-ish,tiny,slow,medium,friendly
1706,flick,light,indirect,sudden,nasal,dry,kid-ish,tiny,slow,medium,deadpan
1707,flick,light,indirect,sudden,nasal,dry,kid-ish,tiny,slow,medium,menacing
1708,flick,light,indirect,sudden,nasal,dry,kid-ish,tiny,slow,big,friendly
1709,flick,light,indirect,sudden,nasal,dry,kid-ish,tiny,slow,big,deadpan
1710,flick,light,indirect,sudden,nasal,dry,kid-ish,tiny,slow,big,menacing
1711,flick,light,indirect,sudden,nasal,dry,kid-ish,tiny,steady,hushed,friendly
1712,flick,light,indirect,sudden,nasal,dry,kid-ish,tiny,steady,hushed,deadpan
1713,flick,light,indirect,sudden,nasal,dry,kid-ish,tiny,steady,hushed,menacing
1714,flick,light,indirect,sudden,nasal,dry,kid-ish,tiny,steady,medium,friendly
1715,flick,light,indirect,sudden,nasal,dry,kid-ish,tiny,steady,medium,deadpan
1716,flick,light,indirect,sudden,nasal,dry,kid-ish,tiny,steady,medium,menacing
1717,flick,light,indirect,sudden,nasal,dry,kid-ish,tiny,steady,big,friendly
1718,flick,light,indirect,sudden,nasal,dry,kid-ish,tiny,steady,big,deadpan
1719,flick,light,indirect,sudden,nasal,dry,kid-ish,tiny,steady,big,menacing
1720,flick,light,indirect,sudden,nasal,dry,kid-ish,tiny,rapid,hushed,friendly
1721,flick,light,indirect,sudden,nasal,dry,kid-ish,tiny,rapid,hushed,deadpan
1722,flick,light,indirect,sudden,nasal,dry,kid-ish,tiny,rapid,hushed,menacing
1723,flick,light,indirect,sudden,nasal,dry,kid-ish,tiny,rapid,medium,friendly
1724,flick,light,indirect,sudden,nasal,dry,kid-ish,tiny,rapid,medium,deadpan
1725,flick,light,indirect,sudden,nasal,dry,kid-ish,tiny,rapid,medium,menacing
1726,flick,light,indirect,sudden,nasal,dry,kid-ish,tiny,rapid,big,friendly
1727,flick,light,indirect,sudden,nasal,dry,kid-ish,tiny,rapid,big,deadpan
1728,flick,light,indirect,sudden,nasal,dry,kid-ish,tiny,rapid,big,menacing
1729,flick,light,indirect,sudden,nasal,dry,kid-ish,medium,slow,hushed,friendly
1730,flick,light,indirect,sudden,nasal,dry,kid-ish,medium,slow,hushed,deadpan
1731,flick,light,indirect,sudden,nasal,dry,kid-ish,medium,slow,hushed,menacing
1732,flick,light,indirect,sudden,nasal,dry,kid-ish,medium,slow,medium,friendly
1733,flick,light,indirect,sudden,nasal,dry,kid-ish,medium,slow,medium,deadpan
1734,flick,light,indirect,sudden,nasal,dry,kid-ish,medium,slow,medium,menacing
1735,flick,light,indirect,sudden,nasal,dry,kid-ish,medium,slow,big,friendly
1736,flick,light,indirect,sudden,nasal,dry,kid-ish,medium,slow,big,deadpan
1737,flick,light,indirect,sudden,nasal,dry,kid-ish,medium,slow,big,menacing
1738,flick,light,indirect,sudden,nasal,dry,kid-ish,medium,steady,hushed,friendly
1739,flick,light,indirect,sudden,nasal,dry,kid-ish,medium,steady,hushed,deadpan
1740,flick,light,indirect,sudden,nasal,dry,kid-ish,medium,steady,hushed,menacing
1741,flick,light,indirect,sudden,nasal,dry,kid-ish,medium,steady,medium,friendly
1742,flick,light,indirect,sudden,nasal,dry,kid-ish,medium,steady,medium,deadpan
1743,flick,light,indirect,sudden,nasal,dry,kid-ish,medium,steady,medium,menacing
1744,flick,light,indirect,sudden,nasal,dry,kid-ish,medium,steady,big,friendly
1745,flick,light,indirect,sudden,nasal,dry,kid-ish,medium,steady,big,deadpan
1746,flick,light,indirect,sudden,nasal,dry,kid-ish,medium,steady,big,menacing
1747,flick,light,indirect,sudden,nasal,dry,kid-ish,medium,rapid,hushed,friendly
1748,flick,light,indirect,sudden,nasal,dry,kid-ish,medium,rapid,hushed,deadpan
1749,flick,light,indirect,sudden,nasal,dry,kid-ish,medium,rapid,hushed,menacing
1750,flick,light,indirect,sudden,nasal,dry,kid-ish,medium,rapid,medium,friendly
1751,flick,light,indirect,sudden,nasal,dry,kid-ish,medium,rapid,medium,deadpan
1752,flick,light,indirect,sudden,nasal,dry,kid-ish,medium,rapid,medium,menacing
1753,flick,light,indirect,sudden,nasal,dry,kid-ish,medium,rapid,big,friendly
1754,flick,light,indirect,sudden,nasal,dry,kid-ish,medium,rapid,big,deadpan
1755,flick,light,indirect,sudden,nasal,dry,kid-ish,medium,rapid,big,menacing
1756,flick,light,indirect,sudden,nasal,dry,kid-ish,huge,slow,hushed,friendly
1757,flick,light,indirect,sudden,nasal,dry,kid-ish,huge,slow,hushed,deadpan
1758,flick,light,indirect,sudden,nasal,dry,kid-ish,huge,slow,hushed,menacing
1759,flick,light,indirect,sudden,nasal,dry,kid-ish,huge,slow,medium,friendly
1760,flick,light,indirect,sudden,nasal,dry,kid-ish,huge,slow,medium,deadpan
1761,flick,light,indirect,sudden,nasal,dry,kid-ish,huge,slow,medium,menacing
1762,flick,light,indirect,sudden,nasal,dry,kid-ish,huge,slow,big,friendly
1763,flick,light,indirect,sudden,nasal,dry,kid-ish,huge,slow,big,deadpan
1764,flick,light,indirect,sudden,nasal,dry,kid-ish,huge,slow,big,menacing
1765,flick,light,indirect,sudden,nasal,dry,kid-ish,huge,steady,hushed,friendly
1766,flick,light,indirect,sudden,nasal,dry,kid-ish,huge,steady,hushed,deadpan
1767,flick,light,indirect,sudden,nasal,dry,kid-ish,huge,steady,hushed,menacing
1768,flick,light,indirect,sudden,nasal,dry,kid-ish,huge,steady,medium,friendly
1769,flick,light,indirect,sudden,nasal,dry,kid-ish,huge,steady,medium,deadpan
1770,flick,light,indirect,sudden,nasal,dry,kid-ish,huge,steady,medium,menacing
1771,flick,light,indirect,sudden,nasal,dry,kid-ish,huge,steady,big,friendly
1772,flick,light,indirect,sudden,nasal,dry,kid-ish,huge,steady,big,deadpan
1773,flick,light,indirect,sudden,nasal,dry,kid-ish,huge,steady,big,menacing
1774,flick,light,indirect,sudden,nasal,dry,kid-ish,huge,rapid,hushed,friendly
1775,flick,light,indirect,sudden,nasal,dry,kid-ish,huge,rapid,hushed,deadpan
1776,flick,light,indirect,sudden,nasal,dry,kid-ish,huge,rapid,hushed,menacing
1777,flick,light,indirect,sudden,nasal,dry,kid-ish,huge,rapid,medium,friendly
1778,flick,light,indirect,sudden,nasal,dry,kid-ish,huge,rapid,medium,deadpan
1779,flick,light,indirect,sudden,nasal,dry,kid-ish,huge,rapid,medium,menacing
1780,flick,light,indirect,sudden,nasal,dry,kid-ish,huge,rapid,big,friendly
1781,flick,light,indirect,sudden,nasal,dry,kid-ish,huge,rapid,big,deadpan
1782,flick,light,indirect,sudden,nasal,dry,kid-ish,huge,rapid,big,menacing
1783,flick,light,indirect,sudden,nasal,dry,adult,tiny,slow,hushed,friendly
1784,flick,light,indirect,sudden,nasal,dry,adult,tiny,slow,hushed,deadpan
1785,flick,light,indirect,sudden,nasal,dry,adult,tiny,slow,hushed,menacing
1786,flick,light,indirect,sudden,nasal,dry,adult,tiny,slow,medium,friendly
1787,flick,light,indirect,sudden,nasal,dry,adult,tiny,slow,medium,deadpan
1788,flick,light,indirect,sudden,nasal,dry,adult,tiny,slow,medium,menacing
1789,flick,light,indirect,sudden,nasal,dry,adult,tiny,slow,big,friendly
1790,flick,light,indirect,sudden,nasal,dry,adult,tiny,slow,big,deadpan
1791,flick,light,indirect,sudden,nasal,dry,adult,tiny,slow,big,menacing
1792,flick,light,indirect,sudden,nasal,dry,adult,tiny,steady,hushed,friendly
1793,flick,light,indirect,sudden,nasal,dry,adult,tiny,steady,hushed,deadpan
1794,flick,light,indirect,sudden,nasal,dry,adult,tiny,steady,hushed,menacing
1795,flick,light,indirect,sudden,nasal,dry,adult,tiny,steady,medium,friendly
1796,flick,light,indirect,sudden,nasal,dry,adult,tiny,steady,medium,deadpan
1797,flick,light,indirect,sudden,nasal,dry,adult,tiny,steady,medium,menacing
1798,flick,light,indirect,sudden,nasal,dry,adult,tiny,steady,big,friendly
1799,flick,light,indirect,sudden,nasal,dry,adult,tiny,steady,big,deadpan
1800,flick,light,indirect,sudden,nasal,dry,adult,tiny,steady,big,menacing
1801,flick,light,indirect,sudden,nasal,dry,adult,tiny,rapid,hushed,friendly
1802,flick,light,indirect,sudden,nasal,dry,adult,tiny,rapid,hushed,deadpan
1803,flick,light,indirect,sudden,nasal,dry,adult,tiny,rapid,hushed,menacing
1804,flick,light,indirect,sudden,nasal,dry,adult,tiny,rapid,medium,friendly
1805,flick,light,indirect,sudden,nasal,dry,adult,tiny,rapid,medium,deadpan
1806,flick,light,indirect,sudden,nasal,dry,adult,tiny,rapid,medium,menacing
1807,flick,light,indirect,sudden,nasal,dry,adult,tiny,rapid,big,friendly
1808,flick,light,indirect,sudden,nasal,dry,adult,tiny,rapid,big,deadpan
1809,flick,light,indirect,sudden,nasal,dry,adult,tiny,rapid,big,menacing
1810,flick,light,indirect,sudden,nasal,dry,adult,medium,slow,hushed,friendly
1811,flick,light,indirect,sudden,nasal,dry,adult,medium,slow,hushed,deadpan
1812,flick,light,indirect,sudden,nasal,dry,adult,medium,slow,hushed,menacing
1813,flick,light,indirect,sudden,nasal,dry,adult,medium,slow,medium,friendly
1814,flick,light,indirect,sudden,nasal,dry,adult,medium,slow,medium,deadpan
1815,flick,light,indirect,sudden,nasal,dry,adult,medium,slow,medium,menacing
1816,flick,light,indirect,sudden,nasal,dry,adult,medium,slow,big,friendly
1817,flick,light,indirect,sudden,nasal,dry,adult,medium,slow,big,deadpan
1818,flick,light,indirect,sudden,nasal,dry,adult,medium,slow,big,menacing
1819,flick,light,indirect,sudden,nasal,dry,adult,medium,steady,hushed,friendly
1820,flick,light,indirect,sudden,nasal,dry,adult,medium,steady,hushed,deadpan
1821,flick,light,indirect,sudden,nasal,dry,adult,medium,steady,hushed,menacing
1822,flick,light,indirect,sudden,nasal,dry,adult,medium,steady,medium,friendly
1823,flick,light,indirect,sudden,nasal,dry,adult,medium,steady,medium,deadpan
1824,flick,light,indirect,sudden,nasal,dry,adult,medium,steady,medium,menacing
1825,flick,light,indirect,sudden,nasal,dry,adult,medium,steady,big,friendly
1826,flick,light,indirect,sudden,nasal,dry,adult,medium,steady,big,deadpan
1827,flick,light,indirect,sudden,nasal,dry,adult,medium,steady,big,menacing
1828,flick,light,indirect,sudden,nasal,dry,adult,medium,rapid,hushed,friendly
1829,flick,light,indirect,sudden,nasal,dry,adult,medium,rapid,hushed,deadpan
1830,flick,light,indirect,sudden,nasal,dry,adult,medium,rapid,hushed,menacing
1831,flick,light,indirect,sudden,nasal,dry,adult,medium,rapid,medium,friendly
1832,flick,light,indirect,sudden,nasal,dry,adult,medium,rapid,medium,deadpan
1833,flick,light,indirect,sudden,nasal,dry,adult,medium,rapid,medium,menacing
1834,flick,light,indirect,sudden,nasal,dry,adult,medium,rapid,big,friendly
1835,flick,light,indirect,sudden,nasal,dry,adult,medium,rapid,big,deadpan
1836,flick,light,indirect,sudden,nasal,dry,adult,medium,rapid,big,menacing
1837,flick,light,indirect,sudden,nasal,dry,adult,huge,slow,hushed,friendly
1838,flick,light,indirect,sudden,nasal,dry,adult,huge,slow,hushed,deadpan
1839,flick,light,indirect,sudden,nasal,dry,adult,huge,slow,hushed,menacing
1840,flick,light,indirect,sudden,nasal,dry,adult,huge,slow,medium,friendly
1841,flick,light,indirect,sudden,nasal,dry,adult,huge,slow,medium,deadpan
1842,flick,light,indirect,sudden,nasal,dry,adult,huge,slow,medium,menacing
1843,flick,light,indirect,sudden,nasal,dry,adult,huge,slow,big,friendly
1844,flick,light,indirect,sudden,nasal,dry,adult,huge,slow,big,deadpan
1845,flick,light,indirect,sudden,nasal,dry,adult,huge,slow,big,menacing
1846,flick,light,indirect,sudden,nasal,dry,adult,huge,steady,hushed,friendly
1847,flick,light,indirect,sudden,nasal,dry,adult,huge,steady,hushed,deadpan
1848,flick,light,indirect,sudden,nasal,dry,adult,huge,steady,hushed,menacing
1849,flick,light,indirect,sudden,nasal,dry,adult,huge,steady,medium,friendly
1850,flick,light,indirect,sudden,nasal,dry,adult,huge,steady,medium,deadpan
1851,flick,light,indirect,sudden,nasal,dry,adult,huge,steady,medium,menacing
1852,flick,light,indirect,sudden,nasal,dry,adult,huge,steady,big,friendly
1853,flick,light,indirect,sudden,nasal,dry,adult,huge,steady,big,deadpan
1854,flick,light,indirect,sudden,nasal,dry,adult,huge,steady,big,menacing
1855,flick,light,indirect,sudden,nasal,dry,adult,huge,rapid,hushed,friendly
1856,flick,light,indirect,sudden,nasal,dry,adult,huge,rapid,hushed,deadpan
1857,flick,light,indirect,sudden,nasal,dry,adult,huge,rapid,hushed,menacing
1858,flick,light,indirect,sudden,nasal,dry,adult,huge,rapid,medium,friendly
1859,flick,light,indirect,sudden,nasal,dry,adult,huge,rapid,medium,deadpan
1860,flick,light,indirect,sudden,nasal,dry,adult,huge,rapid,medium,menacing
1861,flick,light,indirect,sudden,nasal,dry,adult,huge,rapid,big,friendly
1862,flick,light,indirect,sudden,nasal,dry,adult,huge,rapid,big,deadpan
1863,flick,light,indirect,sudden,nasal,dry,adult,huge,rapid,big,menacing
1864,flick,light,indirect,sudden,nasal,dry,elder,tiny,slow,hushed,friendly
1865,flick,light,indirect,sudden,nasal,dry,elder,tiny,slow,hushed,deadpan
1866,flick,light,indirect,sudden,nasal,dry,elder,tiny,slow,hushed,menacing
1867,flick,light,indirect,sudden,nasal,dry,elder,tiny,slow,medium,friendly
1868,flick,light,indirect,sudden,nasal,dry,elder,tiny,slow,medium,deadpan
1869,flick,light,indirect,sudden,nasal,dry,elder,tiny,slow,medium,menacing
1870,flick,light,indirect,sudden,nasal,dry,elder,tiny,slow,big,friendly
1871,flick,light,indirect,sudden,nasal,dry,elder,tiny,slow,big,deadpan
1872,flick,light,indirect,sudden,nasal,dry,elder,tiny,slow,big,menacing
1873,flick,light,indirect,sudden,nasal,dry,elder,tiny,steady,hushed,friendly
1874,flick,light,indirect,sudden,nasal,dry,elder,tiny,steady,hushed,deadpan
1875,flick,light,indirect,sudden,nasal,dry,elder,tiny,steady,hushed,menacing
1876,flick,light,indirect,sudden,nasal,dry,elder,tiny,steady,medium,friendly
1877,flick,light,indirect,sudden,nasal,dry,elder,tiny,steady,medium,deadpan
1878,flick,light,indirect,sudden,nasal,dry,elder,tiny,steady,medium,menacing
1879,flick,light,indirect,sudden,nasal,dry,elder,tiny,steady,big,friendly
1880,flick,light,indirect,sudden,nasal,dry,elder,tiny,steady,big,deadpan
1881,flick,light,indirect,sudden,nasal,dry,elder,tiny,steady,big,menacing
1882,flick,light,indirect,sudden,nasal,dry,elder,tiny,rapid,hushed,friendly
1883,flick,light,indirect,sudden,nasal,dry,elder,tiny,rapid,hushed,deadpan
1884,flick,light,indirect,sudden,nasal,dry,elder,tiny,rapid,hushed,menacing
1885,flick,light,indirect,sudden,nasal,dry,elder,tiny,rapid,medium,friendly
1886,flick,light,indirect,sudden,nasal,dry,elder,tiny,rapid,medium,deadpan
1887,flick,light,indirect,sudden,nasal,dry,elder,tiny,rapid,medium,menacing
1888,flick,light,indirect,sudden,nasal,dry,elder,tiny,rapid,big,friendly
1889,flick,light,indirect,sudden,nasal,dry,elder,tiny,rapid,big,deadpan
1890,flick,light,indirect,sudden,nasal,dry,elder,tiny,rapid,big,menacing
1891,flick,light,indirect,sudden,nasal,dry,elder,medium,slow,hushed,friendly
1892,flick,light,indirect,sudden,nasal,dry,elder,medium,slow,hushed,deadpan
1893,flick,light,indirect,sudden,nasal,dry,elder,medium,slow,hushed,menacing
1894,flick,light,indirect,sudden,nasal,dry,elder,medium,slow,medium,friendly
1895,flick,light,indirect,sudden,nasal,dry,elder,medium,slow,medium,deadpan
1896,flick,light,indirect,sudden,nasal,dry,elder,medium,slow,medium,menacing
1897,flick,light,indirect,sudden,nasal,dry,elder,medium,slow,big,friendly
1898,flick,light,indirect,sudden,nasal,dry,elder,medium,slow,big,deadpan
1899,flick,light,indirect,sudden,nasal,dry,elder,medium,slow,big,menacing
1900,flick,light,indirect,sudden,nasal,dry,elder,medium,steady,hushed,friendly
1901,flick,light,indirect,sudden,nasal,dry,elder,medium,steady,hushed,deadpan
1902,flick,light,indirect,sudden,nasal,dry,elder,medium,steady,hushed,menacing
1903,flick,light,indirect,sudden,nasal,dry,elder,medium,steady,medium,friendly
1904,flick,light,indirect,sudden,nasal,dry,elder,medium,steady,medium,deadpan
1905,flick,light,indirect,sudden,nasal,dry,elder,medium,steady,medium,menacing
1906,flick,light,indirect,sudden,nasal,dry,elder,medium,steady,big,friendly
1907,flick,light,indirect,sudden,nasal,dry,elder,medium,steady,big,deadpan
1908,flick,light,indirect,sudden,nasal,dry,elder,medium,steady,big,menacing
1909,flick,light,indirect,sudden,nasal,dry,elder,medium,rapid,hushed,friendly
1910,flick,light,indirect,sudden,nasal,dry,elder,medium,rapid,hushed,deadpan
1911,flick,light,indirect,sudden,nasal,dry,elder,medium,rapid,hushed,menacing
1912,flick,light,indirect,sudden,nasal,dry,elder,medium,rapid,medium,friendly
1913,flick,light,indirect,sudden,nasal,dry,elder,medium,rapid,medium,deadpan
1914,flick,light,indirect,sudden,nasal,dry,elder,medium,rapid,medium,menacing
1915,flick,light,indirect,sudden,nasal,dry,elder,medium,rapid,big,friendly
1916,flick,light,indirect,sudden,nasal,dry,elder,medium,rapid,big,deadpan
1917,flick,light,indirect,sudden,nasal,dry,elder,medium,rapid,big,menacing
1918,flick,light,indirect,sudden,nasal,dry,elder,huge,slow,hushed,friendly
1919,flick,light,indirect,sudden,nasal,dry,elder,huge,slow,hushed,deadpan
1920,flick,light,indirect,sudden,nasal,dry,elder,huge,slow,hushed,menacing
1921,flick,light,indirect,sudden,nasal,dry,elder,huge,slow,medium,friendly
1922,flick,light,indirect,sudden,nasal,dry,elder,huge,slow,medium,deadpan
1923,flick,light,indirect,sudden,nasal,dry,elder,huge,slow,medium,menacing
1924,flick,light,indirect,sudden,nasal,dry,elder,huge,slow,big,friendly
1925,flick,light,indirect,sudden,nasal,dry,elder,huge,slow,big,deadpan
1926,flick,light,indirect,sudden,nasal,dry,elder,huge,slow,big,menacing
1927,flick,light,indirect,sudden,nasal,dry,elder,huge,steady,hushed,friendly
1928,flick,light,indirect,sudden,nasal,dry,elder,huge,steady,hushed,deadpan
1929,flick,light,indirect,sudden,nasal,dry,elder,huge,steady,hushed,menacing
1930,flick,light,indirect,sudden,nasal,dry,elder,huge,steady,medium,friendly
1931,flick,light,indirect,sudden,nasal,dry,elder,huge,steady,medium,deadpan
1932,flick,light,indirect,sudden,nasal,dry,elder,huge,steady,medium,menacing
1933,flick,light,indirect,sudden,nasal,dry,elder,huge,steady,big,friendly
1934,flick,light,indirect,sudden,nasal,dry,elder,huge,steady,big,deadpan
1935,flick,light,indirect,sudden,nasal,dry,elder,huge,steady,big,menacing
1936,flick,light,indirect,sudden,nasal,dry,elder,huge,rapid,hushed,friendly
1937,flick,light,indirect,sudden,nasal,dry,elder,huge,rapid,hushed,deadpan
1938,flick,light,indirect,sudden,nasal,dry,elder,huge,rapid,hushed,menacing
1939,flick,light,indirect,sudden,nasal,dry,elder,huge,rapid,medium,friendly
1940,flick,light,indirect,sudden,nasal,dry,elder,huge,rapid,medium,deadpan
1941,flick,light,indirect,sudden,nasal,dry,elder,huge,rapid,medium,menacing
1942,flick,light,indirect,sudden,nasal,dry,elder,huge,rapid,big,friendly
1943,flick,light,indirect,sudden,nasal,dry,elder,huge,rapid,big,deadpan
1944,flick,light,indirect,sudden,nasal,dry,elder,huge,rapid,big,menacing
1945,flick,light,indirect,sudden,throaty,breathy,kid-ish,tiny,slow,hushed,friendly
1946,flick,light,indirect,sudden,throaty,breathy,kid-ish,tiny,slow,hushed,deadpan
1947,flick,light,indirect,sudden,throaty,breathy,kid-ish,tiny,slow,hushed,menacing
1948,flick,light,indirect,sudden,throaty,breathy,kid-ish,tiny,slow,medium,friendly
1949,flick,light,indirect,sudden,throaty,breathy,kid-ish,tiny,slow,medium,deadpan
1950,flick,light,indirect,sudden,throaty,breathy,kid-ish,tiny,slow,medium,menacing
1951,flick,light,indirect,sudden,throaty,breathy,kid-ish,tiny,slow,big,friendly
1952,flick,light,indirect,sudden,throaty,breathy,kid-ish,tiny,slow,big,deadpan
1953,flick,light,indirect,sudden,throaty,breathy,kid-ish,tiny,slow,big,menacing
1954,flick,light,indirect,sudden,throaty,breathy,kid-ish,tiny,steady,hushed,friendly
1955,flick,light,indirect,sudden,throaty,breathy,kid-ish,tiny,steady,hushed,deadpan
1956,flick,light,indirect,sudden,throaty,breathy,kid-ish,tiny,steady,hushed,menacing
1957,flick,light,indirect,sudden,throaty,breathy,kid-ish,tiny,steady,medium,friendly
1958,flick,light,indirect,sudden,throaty,breathy,kid-ish,tiny,steady,medium,deadpan
1959,flick,light,indirect,sudden,throaty,breathy,kid-ish,tiny,steady,medium,menacing
1960,flick,light,indirect,sudden,throaty,breathy,kid-ish,tiny,steady,big,friendly
1961,flick,light,indirect,sudden,throaty,breathy,kid-ish,tiny,steady,big,deadpan
1962,flick,light,indirect,sudden,throaty,breathy,kid-ish,tiny,steady,big,menacing
1963,flick,light,indirect,sudden,throaty,breathy,kid-ish,tiny,rapid,hushed,friendly
1964,flick,light,indirect,sudden,throaty,breathy,kid-ish,tiny,rapid,hushed,deadpan
1965,flick,light,indirect,sudden,throaty,breathy,kid-ish,tiny,rapid,hushed,menacing
1966,flick,light,indirect,sudden,throaty,breathy,kid-ish,tiny,rapid,medium,friendly
1967,flick,light,indirect,sudden,throaty,breathy,kid-ish,tiny,rapid,medium,deadpan
1968,flick,light,indirect,sudden,throaty,breathy,kid-ish,tiny,rapid,medium,menacing
1969,flick,light,indirect,sudden,throaty,breathy,kid-ish,tiny,rapid,big,friendly
1970,flick,light,indirect,sudden,throaty,breathy,kid-ish,tiny,rapid,big,deadpan
1971,flick,light,indirect,sudden,throaty,breathy,kid-ish,tiny,rapid,big,menacing
1972,flick,light,indirect,sudden,throaty,breathy,kid-ish,medium,slow,hushed,friendly
1973,flick,light,indirect,sudden,throaty,breathy,kid-ish,medium,slow,hushed,deadpan
1974,flick,light,indirect,sudden,throaty,breathy,kid-ish,medium,slow,hushed,menacing
1975,flick,light,indirect,sudden,throaty,breathy,kid-ish,medium,slow,medium,friendly
1976,flick,light,indirect,sudden,throaty,breathy,kid-ish,medium,slow,medium,deadpan
1977,flick,light,indirect,sudden,throaty,breathy,kid-ish,medium,slow,medium,menacing
1978,flick,light,indirect,sudden,throaty,breathy,kid-ish,medium,slow,big,friendly
1979,flick,light,indirect,sudden,throaty,breathy,kid-ish,medium,slow,big,deadpan
1980,flick,light,indirect,sudden,throaty,breathy,kid-ish,medium,slow,big,menacing
1981,flick,light,indirect,sudden,throaty,breathy,kid-ish,medium,steady,hushed,friendly
1982,flick,light,indirect,sudden,throaty,breathy,kid-ish,medium,steady,hushed,deadpan
1983,flick,light,indirect,sudden,throaty,breathy,kid-ish,medium,steady,hushed,menacing
1984,flick,light,indirect,sudden,throaty,breathy,kid-ish,medium,steady,medium,friendly
1985,flick,light,indirect,sudden,throaty,breathy,kid-ish,medium,steady,medium,deadpan
1986,flick,light,indirect,sudden,throaty,breathy,kid-ish,medium,steady,medium,menacing
1987,flick,light,indirect,sudden,throaty,breathy,kid-ish,medium,steady,big,friendly
1988,flick,light,indirect,sudden,throaty,breathy,kid-ish,medium,steady,big,deadpan
1989,flick,light,indirect,sudden,throaty,breathy,kid-ish,medium,steady,big,menacing
1990,flick,light,indirect,sudden,throaty,breathy,kid-ish,medium,rapid,hushed,friendly
1991,flick,light,indirect,sudden,throaty,breathy,kid-ish,medium,rapid,hushed,deadpan
1992,flick,light,indirect,sudden,throaty,breathy,kid-ish,medium,rapid,hushed,menacing
1993,flick,light,indirect,sudden,throaty,breathy,kid-ish,medium,rapid,medium,friendly
1994,flick,light,indirect,sudden,throaty,breathy,kid-ish,medium,rapid,medium,deadpan
1995,flick,light,indirect,sudden,throaty,breathy,kid-ish,medium,rapid,medium,menacing
1996,flick,light,indirect,sudden,throaty,breathy,kid-ish,medium,rapid,big,friendly
1997,flick,light,indirect,sudden,throaty,breathy,kid-ish,medium,rapid,big,deadpan
1998,flick,light,indirect,sudden,throaty,breathy,kid-ish,medium,rapid,big,menacing
1999,flick,light,indirect,sudden,throaty,breathy,kid-ish,huge,slow,hushed,friendly
2000,flick,light,indirect,sudden,throaty,breathy,kid-ish,huge,slow,hushed,deadpan
2001,flick,light,indirect,sudden,throaty,breathy,kid-ish,huge,slow,hushed,menacing
2002,flick,light,indirect,sudden,throaty,breathy,kid-ish,huge,slow,medium,friendly
2003,flick,light,indirect,sudden,throaty,breathy,kid-ish,huge,slow,medium,deadpan
2004,flick,light,indirect,sudden,throaty,breathy,kid-ish,huge,slow,medium,menacing
2005,flick,light,indirect,sudden,throaty,breathy,kid-ish,huge,slow,big,friendly
2006,flick,light,indirect,sudden,throaty,breathy,kid-ish,huge,slow,big,deadpan
2007,flick,light,indirect,sudden,throaty,breathy,kid-ish,huge,slow,big,menacing
2008,flick,light,indirect,sudden,throaty,breathy,kid-ish,huge,steady,hushed,friendly
2009,flick,light,indirect,sudden,throaty,breathy,kid-ish,huge,steady,hushed,deadpan
2010,flick,light,indirect,sudden,throaty,breathy,kid-ish,huge,steady,hushed,menacing
2011,flick,light,indirect,sudden,throaty,breathy,kid-ish,huge,steady,medium,friendly
2012,flick,light,indirect,sudden,throaty,breathy,kid-ish,huge,steady,medium,deadpan
2013,flick,light,indirect,sudden,throaty,breathy,kid-ish,huge,steady,medium,menacing
2014,flick,light,indirect,sudden,throaty,breathy,kid-ish,huge,steady,big,friendly
2015,flick,light,indirect,sudden,throaty,breathy,kid-ish,huge,steady,big,deadpan
2016,flick,light,indirect,sudden,throaty,breathy,kid-ish,huge,steady,big,menacing
2017,flick,light,indirect,sudden,throaty,breathy,kid-ish,huge,rapid,hushed,friendly
2018,flick,light,indirect,sudden,throaty,breathy,kid-ish,huge,rapid,hushed,deadpan
2019,flick,light,indirect,sudden,throaty,breathy,kid-ish,huge,rapid,hushed,menacing
2020,flick,light,indirect,sudden,throaty,breathy,kid-ish,huge,rapid,medium,friendly
2021,flick,light,indirect,sudden,throaty,breathy,kid-ish,huge,rapid,medium,deadpan
2022,flick,light,indirect,sudden,throaty,breathy,kid-ish,huge,rapid,medium,menacing
2023,flick,light,indirect,sudden,throaty,breathy,kid-ish,huge,rapid,big,friendly
2024,flick,light,indirect,sudden,throaty,breathy,kid-ish,huge,rapid,big,deadpan
2025,flick,light,indirect,sudden,throaty,breathy,kid-ish,huge,rapid,big,menacing
2026,flick,light,indirect,sudden,throaty,breathy,adult,tiny,slow,hushed,friendly
2027,flick,light,indirect,sudden,throaty,breathy,adult,tiny,slow,hushed,deadpan
2028,flick,light,indirect,sudden,throaty,breathy,adult,tiny,slow,hushed,menacing
2029,flick,light,indirect,sudden,throaty,breathy,adult,tiny,slow,medium,friendly
2030,flick,light,indirect,sudden,throaty,breathy,adult,tiny,slow,medium,deadpan
2031,flick,light,indirect,sudden,throaty,breathy,adult,tiny,slow,medium,menacing
2032,flick,light,indirect,sudden,throaty,breathy,adult,tiny,slow,big,friendly
2033,flick,light,indirect,sudden,throaty,breathy,adult,tiny,slow,big,deadpan
2034,flick,light,indirect,sudden,throaty,breathy,adult,tiny,slow,big,menacing
2035,flick,light,indirect,sudden,throaty,breathy,adult,tiny,steady,hushed,friendly
2036,flick,light,indirect,sudden,throaty,breathy,adult,tiny,steady,hushed,deadpan
2037,flick,light,indirect,sudden,throaty,breathy,adult,tiny,steady,hushed,menacing
2038,flick,light,indirect,sudden,throaty,breathy,adult,tiny,steady,medium,friendly
2039,flick,light,indirect,sudden,throaty,breathy,adult,tiny,steady,medium,deadpan
2040,flick,light,indirect,sudden,throaty,breathy,adult,tiny,steady,medium,menacing
2041,flick,light,indirect,sudden,throaty,breathy,adult,tiny,steady,big,friendly
2042,flick,light,indirect,sudden,throaty,breathy,adult,tiny,steady,big,deadpan
2043,flick,light,indirect,sudden,throaty,breathy,adult,tiny,steady,big,menacing
2044,flick,light,indirect,sudden,throaty,breathy,adult,tiny,rapid,hushed,friendly
2045,flick,light,indirect,sudden,throaty,breathy,adult,tiny,rapid,hushed,deadpan
2046,flick,light,indirect,sudden,throaty,breathy,adult,tiny,rapid,hushed,menacing
2047,flick,light,indirect,sudden,throaty,breathy,adult,tiny,rapid,medium,friendly
2048,flick,light,indirect,sudden,throaty,breathy,adult,tiny,rapid,medium,deadpan
2049,flick,light,indirect,sudden,throaty,breathy,adult,tiny,rapid,medium,menacing
2050,flick,light,indirect,sudden,throaty,breathy,adult,tiny,rapid,big,friendly
2051,flick,light,indirect,sudden,throaty,breathy,adult,tiny,rapid,big,deadpan
2052,flick,light,indirect,sudden,throaty,breathy,adult,tiny,rapid,big,menacing
2053,flick,light,indirect,sudden,throaty,breathy,adult,medium,slow,hushed,friendly
2054,flick,light,indirect,sudden,throaty,breathy,adult,medium,slow,hushed,deadpan
2055,flick,light,indirect,sudden,throaty,breathy,adult,medium,slow,hushed,menacing
2056,flick,light,indirect,sudden,throaty,breathy,adult,medium,slow,medium,friendly
2057,flick,light,indirect,sudden,throaty,breathy,adult,medium,slow,medium,deadpan
2058,flick,light,indirect,sudden,throaty,breathy,adult,medium,slow,medium,menacing
2059,flick,light,indirect,sudden,throaty,breathy,adult,medium,slow,big,friendly
2060,flick,light,indirect,sudden,throaty,breathy,adult,medium,slow,big,deadpan
2061,flick,light,indirect,sudden,throaty,breathy,adult,medium,slow,big,menacing
2062,flick,light,indirect,sudden,throaty,breathy,adult,medium,steady,hushed,friendly
2063,flick,light,indirect,sudden,throaty,breathy,adult,medium,steady,hushed,deadpan
2064,flick,light,indirect,sudden,throaty,breathy,adult,medium,steady,hushed,menacing
2065,flick,light,indirect,sudden,throaty,breathy,adult,medium,steady,medium,friendly
2066,flick,light,indirect,sudden,throaty,breathy,adult,medium,steady,medium,deadpan
2067,flick,light,indirect,sudden,throaty,breathy,adult,medium,steady,medium,menacing
2068,flick,light,indirect,sudden,throaty,breathy,adult,medium,steady,big,friendly
2069,flick,light,indirect,sudden,throaty,breathy,adult,medium,steady,big,deadpan
2070,flick,light,indirect,sudden,throaty,breathy,adult,medium,steady,big,menacing
2071,flick,light,indirect,sudden,throaty,breathy,adult,medium,rapid,hushed,friendly
2072,flick,light,indirect,sudden,throaty,breathy,adult,medium,rapid,hushed,deadpan
2073,flick,light,indirect,sudden,throaty,breathy,adult,medium,rapid,hushed,menacing
2074,flick,light,indirect,sudden,throaty,breathy,adult,medium,rapid,medium,friendly
2075,flick,light,indirect,sudden,throaty,breathy,adult,medium,rapid,medium,deadpan
2076,flick,light,indirect,sudden,throaty,breathy,adult,medium,rapid,medium,menacing
2077,flick,light,indirect,sudden,throaty,breathy,adult,medium,rapid,big,friendly
2078,flick,light,indirect,sudden,throaty,breathy,adult,medium,rapid,big,deadpan
2079,flick,light,indirect,sudden,throaty,breathy,adult,medium,rapid,big,menacing
2080,flick,light,indirect,sudden,throaty,breathy,adult,huge,slow,hushed,friendly
2081,flick,light,indirect,sudden,throaty,breathy,adult,huge,slow,hushed,deadpan
2082,flick,light,indirect,sudden,throaty,breathy,adult,huge,slow,hushed,menacing
2083,flick,light,indirect,sudden,throaty,breathy,adult,huge,slow,medium,friendly
2084,flick,light,indirect,sudden,throaty,breathy,adult,huge,slow,medium,deadpan
2085,flick,light,indirect,sudden,throaty,breathy,adult,huge,slow,medium,menacing
2086,flick,light,indirect,sudden,throaty,breathy,adult,huge,slow,big,friendly
2087,flick,light,indirect,sudden,throaty,breathy,adult,huge,slow,big,deadpan
2088,flick,light,indirect,sudden,throaty,breathy,adult,huge,slow,big,menacing
2089,flick,light,indirect,sudden,throaty,breathy,adult,huge,steady,hushed,friendly
2090,flick,light,indirect,sudden,throaty,breathy,adult,huge,steady,hushed,deadpan
2091,flick,light,indirect,sudden,throaty,breathy,adult,huge,steady,hushed,menacing
2092,flick,light,indirect,sudden,throaty,breathy,adult,huge,steady,medium,friendly
2093,flick,light,indirect,sudden,throaty,breathy,adult,huge,steady,medium,deadpan
2094,flick,light,indirect,sudden,throaty,breathy,adult,huge,steady,medium,menacing
2095,flick,light,indirect,sudden,throaty,breathy,adult,huge,steady,big,friendly
2096,flick,light,indirect,sudden,throaty,breathy,adult,huge,steady,big,deadpan
2097,flick,light,indirect,sudden,throaty,breathy,adult,huge,steady,big,menacing
2098,flick,light,indirect,sudden,throaty,breathy,adult,huge,rapid,hushed,friendly
2099,flick,light,indirect,sudden,throaty,breathy,adult,huge,rapid,hushed,deadpan
2100,flick,light,indirect,sudden,throaty,breathy,adult,huge,rapid,hushed,menacing
2101,flick,light,indirect,sudden,throaty,breathy,adult,huge,rapid,medium,friendly
2102,flick,light,indirect,sudden,throaty,breathy,adult,huge,rapid,medium,deadpan
2103,flick,light,indirect,sudden,throaty,breathy,adult,huge,rapid,medium,menacing
2104,flick,light,indirect,sudden,throaty,breathy,adult,huge,rapid,big,friendly
2105,flick,light,indirect,sudden,throaty,breathy,adult,huge,rapid,big,deadpan
2106,flick,light,indirect,sudden,throaty,breathy,adult,huge,rapid,big,menacing
2107,flick,light,indirect,sudden,throaty,breathy,elder,tiny,slow,hushed,friendly
2108,flick,light,indirect,sudden,throaty,breathy,elder,tiny,slow,hushed,deadpan
2109,flick,light,indirect,sudden,throaty,breathy,elder,tiny,slow,hushed,menacing
2110,flick,light,indirect,sudden,throaty,breathy,elder,tiny,slow,medium,friendly
2111,flick,light,indirect,sudden,throaty,breathy,elder,tiny,slow,medium,deadpan
2112,flick,light,indirect,sudden,throaty,breathy,elder,tiny,slow,medium,menacing
2113,flick,light,indirect,sudden,throaty,breathy,elder,tiny,slow,big,friendly
2114,flick,light,indirect,sudden,throaty,breathy,elder,tiny,slow,big,deadpan
2115,flick,light,indirect,sudden,throaty,breathy,elder,tiny,slow,big,menacing
2116,flick,light,indirect,sudden,throaty,breathy,elder,tiny,steady,hushed,friendly
2117,flick,light,indirect,sudden,throaty,breathy,elder,tiny,steady,hushed,deadpan
2118,flick,light,indirect,sudden,throaty,breathy,elder,tiny,steady,hushed,menacing
2119,flick,light,indirect,sudden,throaty,breathy,elder,tiny,steady,medium,friendly
2120,flick,light,indirect,sudden,throaty,breathy,elder,tiny,steady,medium,deadpan
2121,flick,light,indirect,sudden,throaty,breathy,elder,tiny,steady,medium,menacing
2122,flick,light,indirect,sudden,throaty,breathy,elder,tiny,steady,big,friendly
2123,flick,light,indirect,sudden,throaty,breathy,elder,tiny,steady,big,deadpan
2124,flick,light,indirect,sudden,throaty,breathy,elder,tiny,steady,big,menacing
2125,flick,light,indirect,sudden,throaty,breathy,elder,tiny,rapid,hushed,friendly
2126,flick,light,indirect,sudden,throaty,breathy,elder,tiny,rapid,hushed,deadpan
2127,flick,light,indirect,sudden,throaty,breathy,elder,tiny,rapid,hushed,menacing
2128,flick,light,indirect,sudden,throaty,breathy,elder,tiny,rapid,medium,friendly
2129,flick,light,indirect,sudden,throaty,breathy,elder,tiny,rapid,medium,deadpan
2130,flick,light,indirect,sudden,throaty,breathy,elder,tiny,rapid,medium,menacing
2131,flick,light,indirect,sudden,throaty,breathy,elder,tiny,rapid,big,friendly
2132,flick,light,indirect,sudden,throaty,breathy,elder,tiny,rapid,big,deadpan
2133,flick,light,indirect,sudden,throaty,breathy,elder,tiny,rapid,big,menacing
2134,flick,light,indirect,sudden,throaty,breathy,elder,medium,slow,hushed,friendly
2135,flick,light,indirect,sudden,throaty,breathy,elder,medium,slow,hushed,deadpan
2136,flick,light,indirect,sudden,throaty,breathy,elder,medium,slow,hushed,menacing
2137,flick,light,indirect,sudden,throaty,breathy,elder,medium,slow,medium,friendly
2138,flick,light,indirect,sudden,throaty,breathy,elder,medium,slow,medium,deadpan
2139,flick,light,indirect,sudden,throaty,breathy,elder,medium,slow,medium,menacing
2140,flick,light,indirect,sudden,throaty,breathy,elder,medium,slow,big,friendly
2141,flick,light,indirect,sudden,throaty,breathy,elder,medium,slow,big,deadpan
2142,flick,light,indirect,sudden,throaty,breathy,elder,medium,slow,big,menacing
2143,flick,light,indirect,sudden,throaty,breathy,elder,medium,steady,hushed,friendly
2144,flick,light,indirect,sudden,throaty,breathy,elder,medium,steady,hushed,deadpan
2145,flick,light,indirect,sudden,throaty,breathy,elder,medium,steady,hushed,menacing
2146,flick,light,indirect,sudden,throaty,breathy,elder,medium,steady,medium,friendly
2147,flick,light,indirect,sudden,throaty,breathy,elder,medium,steady,medium,deadpan
2148,flick,light,indirect,sudden,throaty,breathy,elder,medium,steady,medium,menacing
2149,flick,light,indirect,sudden,throaty,breathy,elder,medium,steady,big,friendly
2150,flick,light,indirect,sudden,throaty,breathy,elder,medium,steady,big,deadpan
2151,flick,light,indirect,sudden,throaty,breathy,elder,medium,steady,big,menacing
2152,flick,light,indirect,sudden,throaty,breathy,elder,medium,rapid,hushed,friendly
2153,flick,light,indirect,sudden,throaty,breathy,elder,medium,rapid,hushed,deadpan
2154,flick,light,indirect,sudden,throaty,breathy,elder,medium,rapid,hushed,menacing
2155,flick,light,indirect,sudden,throaty,breathy,elder,medium,rapid,medium,friendly
2156,flick,light,indirect,sudden,throaty,breathy,elder,medium,rapid,medium,deadpan
2157,flick,light,indirect,sudden,throaty,breathy,elder,medium,rapid,medium,menacing
2158,flick,light,indirect,sudden,throaty,breathy,elder,medium,rapid,big,friendly
2159,flick,light,indirect,sudden,throaty,breathy,elder,medium,rapid,big,deadpan
2160,flick,light,indirect,sudden,throaty,breathy,elder,medium,rapid,big,menacing
2161,flick,light,indirect,sudden,throaty,breathy,elder,huge,slow,hushed,friendly
2162,flick,light,indirect,sudden,throaty,breathy,elder,huge,slow,hushed,deadpan
2163,flick,light,indirect,sudden,throaty,breathy,elder,huge,slow,hushed,menacing
2164,flick,light,indirect,sudden,throaty,breathy,elder,huge,slow,medium,friendly
2165,flick,light,indirect,sudden,throaty,breathy,elder,huge,slow,medium,deadpan
2166,flick,light,indirect,sudden,throaty,breathy,elder,huge,slow,medium,menacing
2167,flick,light,indirect,sudden,throaty,breathy,elder,huge,slow,big,friendly
2168,flick,light,indirect,sudden,throaty,breathy,elder,huge,slow,big,deadpan
2169,flick,light,indirect,sudden,throaty,breathy,elder,huge,slow,big,menacing
2170,flick,light,indirect,sudden,throaty,breathy,elder,huge,steady,hushed,friendly
2171,flick,light,indirect,sudden,throaty,breathy,elder,huge,steady,hushed,deadpan
2172,flick,light,indirect,sudden,throaty,breathy,elder,huge,steady,hushed,menacing
2173,flick,light,indirect,sudden,throaty,breathy,elder,huge,steady,medium,friendly
2174,flick,light,indirect,sudden,throaty,breathy,elder,huge,steady,medium,deadpan
2175,flick,light,indirect,sudden,throaty,breathy,elder,huge,steady,medium,menacing
2176,flick,light,indirect,sudden,throaty,breathy,elder,huge,steady,big,friendly
2177,flick,light,indirect,sudden,throaty,breathy,elder,huge,steady,big,deadpan
2178,flick,light,indirect,sudden,throaty,breathy,elder,huge,steady,big,menacing
2179,flick,light,indirect,sudden,throaty,breathy,elder,huge,rapid,hushed,friendly
2180,flick,light,indirect,sudden,throaty,breathy,elder,huge,rapid,hushed,deadpan
2181,flick,light,indirect,sudden,throaty,breathy,elder,huge,rapid,hushed,menacing
2182,flick,light,indirect,sudden,throaty,breathy,elder,huge,rapid,medium,friendly
2183,flick,light,indirect,sudden,throaty,breathy,elder,huge,rapid,medium,deadpan
2184,flick,light,indirect,sudden,throaty,breathy,elder,huge,rapid,medium,menacing
2185,flick,light,indirect,sudden,throaty,breathy,elder,huge,rapid,big,friendly
2186,flick,light,indirect,sudden,throaty,breathy,elder,huge,rapid,big,deadpan
2187,flick,light,indirect,sudden,throaty,breathy,elder,huge,rapid,big,menacing
2188,flick,light,indirect,sudden,throaty,dry,kid-ish,tiny,slow,hushed,friendly
2189,flick,light,indirect,sudden,throaty,dry,kid-ish,tiny,slow,hushed,deadpan
2190,flick,light,indirect,sudden,throaty,dry,kid-ish,tiny,slow,hushed,menacing
2191,flick,light,indirect,sudden,throaty,dry,kid-ish,tiny,slow,medium,friendly
2192,flick,light,indirect,sudden,throaty,dry,kid-ish,tiny,slow,medium,deadpan
2193,flick,light,indirect,sudden,throaty,dry,kid-ish,tiny,slow,medium,menacing
2194,flick,light,indirect,sudden,throaty,dry,kid-ish,tiny,slow,big,friendly
2195,flick,light,indirect,sudden,throaty,dry,kid-ish,tiny,slow,big,deadpan
2196,flick,light,indirect,sudden,throaty,dry,kid-ish,tiny,slow,big,menacing
2197,flick,light,indirect,sudden,throaty,dry,kid-ish,tiny,steady,hushed,friendly
2198,flick,light,indirect,sudden,throaty,dry,kid-ish,tiny,steady,hushed,deadpan
2199,flick,light,indirect,sudden,throaty,dry,kid-ish,tiny,steady,hushed,menacing
2200,flick,light,indirect,sudden,throaty,dry,kid-ish,tiny,steady,medium,friendly
2201,flick,light,indirect,sudden,throaty,dry,kid-ish,tiny,steady,medium,deadpan
2202,flick,light,indirect,sudden,throaty,dry,kid-ish,tiny,steady,medium,menacing
2203,flick,light,indirect,sudden,throaty,dry,kid-ish,tiny,steady,big,friendly
2204,flick,light,indirect,sudden,throaty,dry,kid-ish,tiny,steady,big,deadpan
2205,flick,light,indirect,sudden,throaty,dry,kid-ish,tiny,steady,big,menacing
2206,flick,light,indirect,sudden,throaty,dry,kid-ish,tiny,rapid,hushed,friendly
2207,flick,light,indirect,sudden,throaty,dry,kid-ish,tiny,rapid,hushed,deadpan
2208,flick,light,indirect,sudden,throaty,dry,kid-ish,tiny,rapid,hushed,menacing
2209,flick,light,indirect,sudden,throaty,dry,kid-ish,tiny,rapid,medium,friendly
2210,flick,light,indirect,sudden,throaty,dry,kid-ish,tiny,rapid,medium,deadpan
2211,flick,light,indirect,sudden,throaty,dry,kid-ish,tiny,rapid,medium,menacing
2212,flick,light,indirect,sudden,throaty,dry,kid-ish,tiny,rapid,big,friendly
2213,flick,light,indirect,sudden,throaty,dry,kid-ish,tiny,rapid,big,deadpan
2214,flick,light,indirect,sudden,throaty,dry,kid-ish,tiny,rapid,big,menacing
2215,flick,light,indirect,sudden,throaty,dry,kid-ish,medium,slow,hushed,friendly
2216,flick,light,indirect,sudden,throaty,dry,kid-ish,medium,slow,hushed,deadpan
2217,flick,light,indirect,sudden,throaty,dry,kid-ish,medium,slow,hushed,menacing
2218,flick,light,indirect,sudden,throaty,dry,kid-ish,medium,slow,medium,friendly
2219,flick,light,indirect,sudden,throaty,dry,kid-ish,medium,slow,medium,deadpan
2220,flick,light,indirect,sudden,throaty,dry,kid-ish,medium,slow,medium,menacing
2221,flick,light,indirect,sudden,throaty,dry,kid-ish,medium,slow,big,friendly
2222,flick,light,indirect,sudden,throaty,dry,kid-ish,medium,slow,big,deadpan
2223,flick,light,indirect,sudden,throaty,dry,kid-ish,medium,slow,big,menacing
2224,flick,light,indirect,sudden,throaty,dry,kid-ish,medium,steady,hushed,friendly
2225,flick,light,indirect,sudden,throaty,dry,kid-ish,medium,steady,hushed,deadpan
2226,flick,light,indirect,sudden,throaty,dry,kid-ish,medium,steady,hushed,menacing
2227,flick,light,indirect,sudden,throaty,dry,kid-ish,medium,steady,medium,friendly
2228,flick,light,indirect,sudden,throaty,dry,kid-ish,medium,steady,medium,deadpan
2229,flick,light,indirect,sudden,throaty,dry,kid-ish,medium,steady,medium,menacing
2230,flick,light,indirect,sudden,throaty,dry,kid-ish,medium,steady,big,friendly
2231,flick,light,indirect,sudden,throaty,dry,kid-ish,medium,steady,big,deadpan
2232,flick,light,indirect,sudden,throaty,dry,kid-ish,medium,steady,big,menacing
2233,flick,light,indirect,sudden,throaty,dry,kid-ish,medium,rapid,hushed,friendly
2234,flick,light,indirect,sudden,throaty,dry,kid-ish,medium,rapid,hushed,deadpan
2235,flick,light,indirect,sudden,throaty,dry,kid-ish,medium,rapid,hushed,menacing
2236,flick,light,indirect,sudden,throaty,dry,kid-ish,medium,rapid,medium,friendly
2237,flick,light,indirect,sudden,throaty,dry,kid-ish,medium,rapid,medium,deadpan
2238,flick,light,indirect,sudden,throaty,dry,kid-ish,medium,rapid,medium,menacing
2239,flick,light,indirect,sudden,throaty,dry,kid-ish,medium,rapid,big,friendly
2240,flick,light,indirect,sudden,throaty,dry,kid-ish,medium,rapid,big,deadpan
2241,flick,light,indirect,sudden,throaty,dry,kid-ish,medium,rapid,big,menacing
2242,flick,light,indirect,sudden,throaty,dry,kid-ish,huge,slow,hushed,friendly
2243,flick,light,indirect,sudden,throaty,dry,kid-ish,huge,slow,hushed,deadpan
2244,flick,light,indirect,sudden,throaty,dry,kid-ish,huge,slow,hushed,menacing
2245,flick,light,indirect,sudden,throaty,dry,kid-ish,huge,slow,medium,friendly
2246,flick,light,indirect,sudden,throaty,dry,kid-ish,huge,slow,medium,deadpan
2247,flick,light,indirect,sudden,throaty,dry,kid-ish,huge,slow,medium,menacing
2248,flick,light,indirect,sudden,throaty,dry,kid-ish,huge,slow,big,friendly
2249,flick,light,indirect,sudden,throaty,dry,kid-ish,huge,slow,big,deadpan
2250,flick,light,indirect,sudden,throaty,dry,kid-ish,huge,slow,big,menacing
2251,flick,light,indirect,sudden,throaty,dry,kid-ish,huge,steady,hushed,friendly
2252,flick,light,indirect,sudden,throaty,dry,kid-ish,huge,steady,hushed,deadpan
2253,flick,light,indirect,sudden,throaty,dry,kid-ish,huge,steady,hushed,menacing
2254,flick,light,indirect,sudden,throaty,dry,kid-ish,huge,steady,medium,friendly
2255,flick,light,indirect,sudden,throaty,dry,kid-ish,huge,steady,medium,deadpan
2256,flick,light,indirect,sudden,throaty,dry,kid-ish,huge,steady,medium,menacing
2257,flick,light,indirect,sudden,throaty,dry,kid-ish,huge,steady,big,friendly
2258,flick,light,indirect,sudden,throaty,dry,kid-ish,huge,steady,big,deadpan
2259,flick,light,indirect,sudden,throaty,dry,kid-ish,huge,steady,big,menacing
2260,flick,light,indirect,sudden,throaty,dry,kid-ish,huge,rapid,hushed,friendly
2261,flick,light,indirect,sudden,throaty,dry,kid-ish,huge,rapid,hushed,deadpan
2262,flick,light,indirect,sudden,throaty,dry,kid-ish,huge,rapid,hushed,menacing
2263,flick,light,indirect,sudden,throaty,dry,kid-ish,huge,rapid,medium,friendly
2264,flick,light,indirect,sudden,throaty,dry,kid-ish,huge,rapid,medium,deadpan
2265,flick,light,indirect,sudden,throaty,dry,kid-ish,huge,rapid,medium,menacing
2266,flick,light,indirect,sudden,throaty,dry,kid-ish,huge,rapid,big,friendly
2267,flick,light,indirect,sudden,throaty,dry,kid-ish,huge,rapid,big,deadpan
2268,flick,light,indirect,sudden,throaty,dry,kid-ish,huge,rapid,big,menacing
2269,flick,light,indirect,sudden,throaty,dry,adult,tiny,slow,hushed,friendly
2270,flick,light,indirect,sudden,throaty,dry,adult,tiny,slow,hushed,deadpan
2271,flick,light,indirect,sudden,throaty,dry,adult,tiny,slow,hushed,menacing
2272,flick,light,indirect,sudden,throaty,dry,adult,tiny,slow,medium,friendly
2273,flick,light,indirect,sudden,throaty,dry,adult,tiny,slow,medium,deadpan
2274,flick,light,indirect,sudden,throaty,dry,adult,tiny,slow,medium,menacing
2275,flick,light,indirect,sudden,throaty,dry,adult,tiny,slow,big,friendly
2276,flick,light,indirect,sudden,throaty,dry,adult,tiny,slow,big,deadpan
2277,flick,light,indirect,sudden,throaty,dry,adult,tiny,slow,big,menacing
2278,flick,light,indirect,sudden,throaty,dry,adult,tiny,steady,hushed,friendly
2279,flick,light,indirect,sudden,throaty,dry,adult,tiny,steady,hushed,deadpan
2280,flick,light,indirect,sudden,throaty,dry,adult,tiny,steady,hushed,menacing
2281,flick,light,indirect,sudden,throaty,dry,adult,tiny,steady,medium,friendly
2282,flick,light,indirect,sudden,throaty,dry,adult,tiny,steady,medium,deadpan
2283,flick,light,indirect,sudden,throaty,dry,adult,tiny,steady,medium,menacing
2284,flick,light,indirect,sudden,throaty,dry,adult,tiny,steady,big,friendly
2285,flick,light,indirect,sudden,throaty,dry,adult,tiny,steady,big,deadpan
2286,flick,light,indirect,sudden,throaty,dry,adult,tiny,steady,big,menacing
2287,flick,light,indirect,sudden,throaty,dry,adult,tiny,rapid,hushed,friendly
2288,flick,light,indirect,sudden,throaty,dry,adult,tiny,rapid,hushed,deadpan
2289,flick,light,indirect,sudden,throaty,dry,adult,tiny,rapid,hushed,menacing
2290,flick,light,indirect,sudden,throaty,dry,adult,tiny,rapid,medium,friendly
2291,flick,light,indirect,sudden,throaty,dry,adult,tiny,rapid,medium,deadpan
2292,flick,light,indirect,sudden,throaty,dry,adult,tiny,rapid,medium,menacing
2293,flick,light,indirect,sudden,throaty,dry,adult,tiny,rapid,big,friendly
2294,flick,light,indirect,sudden,throaty,dry,adult,tiny,rapid,big,deadpan
2295,flick,light,indirect,sudden,throaty,dry,adult,tiny,rapid,big,menacing
2296,flick,light,indirect,sudden,throaty,dry,adult,medium,slow,hushed,friendly
2297,flick,light,indirect,sudden,throaty,dry,adult,medium,slow,hushed,deadpan
2298,flick,light,indirect,sudden,throaty,dry,adult,medium,slow,hushed,menacing
2299,flick,light,indirect,sudden,throaty,dry,adult,medium,slow,medium,friendly
2300,flick,light,indirect,sudden,throaty,dry,adult,medium,slow,medium,deadpan
2301,flick,light,indirect,sudden,throaty,dry,adult,medium,slow,medium,menacing
2302,flick,light,indirect,sudden,throaty,dry,adult,medium,slow,big,friendly
2303,flick,light,indirect,sudden,throaty,dry,adult,medium,slow,big,deadpan
2304,flick,light,indirect,sudden,throaty,dry,adult,medium,slow,big,menacing
2305,flick,light,indirect,sudden,throaty,dry,adult,medium,steady,hushed,friendly
2306,flick,light,indirect,sudden,throaty,dry,adult,medium,steady,hushed,deadpan
2307,flick,light,indirect,sudden,throaty,dry,adult,medium,steady,hushed,menacing
2308,flick,light,indirect,sudden,throaty,dry,adult,medium,steady,medium,friendly
2309,flick,light,indirect,sudden,throaty,dry,adult,medium,steady,medium,deadpan
2310,flick,light,indirect,sudden,throaty,dry,adult,medium,steady,medium,menacing
2311,flick,light,indirect,sudden,throaty,dry,adult,medium,steady,big,friendly
2312,flick,light,indirect,sudden,throaty,dry,adult,medium,steady,big,deadpan
2313,flick,light,indirect,sudden,throaty,dry,adult,medium,steady,big,menacing
2314,flick,light,indirect,sudden,throaty,dry,adult,medium,rapid,hushed,friendly
2315,flick,light,indirect,sudden,throaty,dry,adult,medium,rapid,hushed,deadpan
2316,flick,light,indirect,sudden,throaty,dry,adult,medium,rapid,hushed,menacing
2317,flick,light,indirect,sudden,throaty,dry,adult,medium,rapid,medium,friendly
2318,flick,light,indirect,sudden,throaty,dry,adult,medium,rapid,medium,deadpan
2319,flick,light,indirect,sudden,throaty,dry,adult,medium,rapid,medium,menacing
2320,flick,light,indirect,sudden,throaty,dry,adult,medium,rapid,big,friendly
2321,flick,light,indirect,sudden,throaty,dry,adult,medium,rapid,big,deadpan
2322,flick,light,indirect,sudden,throaty,dry,adult,medium,rapid,big,menacing
2323,flick,light,indirect,sudden,throaty,dry,adult,huge,slow,hushed,friendly
2324,flick,light,indirect,sudden,throaty,dry,adult,huge,slow,hushed,deadpan
2325,flick,light,indirect,sudden,throaty,dry,adult,huge,slow,hushed,menacing
2326,flick,light,indirect,sudden,throaty,dry,adult,huge,slow,medium,friendly
2327,flick,light,indirect,sudden,throaty,dry,adult,huge,slow,medium,deadpan
2328,flick,light,indirect,sudden,throaty,dry,adult,huge,slow,medium,menacing
2329,flick,light,indirect,sudden,throaty,dry,adult,huge,slow,big,friendly
2330,flick,light,indirect,sudden,throaty,dry,adult,huge,slow,big,deadpan
2331,flick,light,indirect,sudden,throaty,dry,adult,huge,slow,big,menacing
2332,flick,light,indirect,sudden,throaty,dry,adult,huge,steady,hushed,friendly
2333,flick,light,indirect,sudden,throaty,dry,adult,huge,steady,hushed,deadpan
2334,flick,light,indirect,sudden,throaty,dry,adult,huge,steady,hushed,menacing
2335,flick,light,indirect,sudden,throaty,dry,adult,huge,steady,medium,friendly
2336,flick,light,indirect,sudden,throaty,dry,adult,huge,steady,medium,deadpan
2337,flick,light,indirect,sudden,throaty,dry,adult,huge,steady,medium,menacing
2338,flick,light,indirect,sudden,throaty,dry,adult,huge,steady,big,friendly
2339,flick,light,indirect,sudden,throaty,dry,adult,huge,steady,big,deadpan
2340,flick,light,indirect,sudden,throaty,dry,adult,huge,steady,big,menacing
2341,flick,light,indirect,sudden,throaty,dry,adult,huge,rapid,hushed,friendly
2342,flick,light,indirect,sudden,throaty,dry,adult,huge,rapid,hushed,deadpan
2343,flick,light,indirect,sudden,throaty,dry,adult,huge,rapid,hushed,menacing
2344,flick,light,indirect,sudden,throaty,dry,adult,huge,rapid,medium,friendly
2345,flick,light,indirect,sudden,throaty,dry,adult,huge,rapid,medium,deadpan
2346,flick,light,indirect,sudden,throaty,dry,adult,huge,rapid,medium,menacing
2347,flick,light,indirect,sudden,throaty,dry,adult,huge,rapid,big,friendly
2348,flick,light,indirect,sudden,throaty,dry,adult,huge,rapid,big,deadpan
2349,flick,light,indirect,sudden,throaty,dry,adult,huge,rapid,big,menacing
2350,flick,light,indirect,sudden,throaty,dry,elder,tiny,slow,hushed,friendly
2351,flick,light,indirect,sudden,throaty,dry,elder,tiny,slow,hushed,deadpan
2352,flick,light,indirect,sudden,throaty,dry,elder,tiny,slow,hushed,menacing
2353,flick,light,indirect,sudden,throaty,dry,elder,tiny,slow,medium,friendly
2354,flick,light,indirect,sudden,throaty,dry,elder,tiny,slow,medium,deadpan
2355,flick,light,indirect,sudden,throaty,dry,elder,tiny,slow,medium,menacing
2356,flick,light,indirect,sudden,throaty,dry,elder,tiny,slow,big,friendly
2357,flick,light,indirect,sudden,throaty,dry,elder,tiny,slow,big,deadpan
2358,flick,light,indirect,sudden,throaty,dry,elder,tiny,slow,big,menacing
2359,flick,light,indirect,sudden,throaty,dry,elder,tiny,steady,hushed,friendly
2360,flick,light,indirect,sudden,throaty,dry,elder,tiny,steady,hushed,deadpan
2361,flick,light,indirect,sudden,throaty,dry,elder,tiny,steady,hushed,menacing
2362,flick,light,indirect,sudden,throaty,dry,elder,tiny,steady,medium,friendly
2363,flick,light,indirect,sudden,throaty,dry,elder,tiny,steady,medium,deadpan
2364,flick,light,indirect,sudden,throaty,dry,elder,tiny,steady,medium,menacing
2365,flick,light,indirect,sudden,throaty,dry,elder,tiny,steady,big,friendly
2366,flick,light,indirect,sudden,throaty,dry,elder,tiny,steady,big,deadpan
2367,flick,light,indirect,sudden,throaty,dry,elder,tiny,steady,big,menacing
2368,flick,light,indirect,sudden,throaty,dry,elder,tiny,rapid,hushed,friendly
2369,flick,light,indirect,sudden,throaty,dry,elder,tiny,rapid,hushed,deadpan
2370,flick,light,indirect,sudden,throaty,dry,elder,tiny,rapid,hushed,menacing
2371,flick,light,indirect,sudden,throaty,dry,elder,tiny,rapid,medium,friendly
2372,flick,light,indirect,sudden,throaty,dry,elder,tiny,rapid,medium,deadpan
2373,flick,light,indirect,sudden,throaty,dry,elder,tiny,rapid,medium,menacing
2374,flick,light,indirect,sudden,throaty,dry,elder,tiny,rapid,big,friendly
2375,flick,light,indirect,sudden,throaty,dry,elder,tiny,rapid,big,deadpan
2376,flick,light,indirect,sudden,throaty,dry,elder,tiny,rapid,big,menacing
2377,flick,light,indirect,sudden,throaty,dry,elder,medium,slow,hushed,friendly
2378,flick,light,indirect,sudden,throaty,dry,elder,medium,slow,hushed,deadpan
2379,flick,light,indirect,sudden,throaty,dry,elder,medium,slow,hushed,menacing
2380,flick,light,indirect,sudden,throaty,dry,elder,medium,slow,medium,friendly
2381,flick,light,indirect,sudden,throaty,dry,elder,medium,slow,medium,deadpan
2382,flick,light,indirect,sudden,throaty,dry,elder,medium,slow,medium,menacing
2383,flick,light,indirect,sudden,throaty,dry,elder,medium,slow,big,friendly
2384,flick,light,indirect,sudden,throaty,dry,elder,medium,slow,big,deadpan
2385,flick,light,indirect,sudden,throaty,dry,elder,medium,slow,big,menacing
2386,flick,light,indirect,sudden,throaty,dry,elder,medium,steady,hushed,friendly
2387,flick,light,indirect,sudden,throaty,dry,elder,medium,steady,hushed,deadpan
2388,flick,light,indirect,sudden,throaty,dry,elder,medium,steady,hushed,menacing
2389,flick,light,indirect,sudden,throaty,dry,elder,medium,steady,medium,friendly
2390,flick,light,indirect,sudden,throaty,dry,elder,medium,steady,medium,deadpan
2391,flick,light,indirect,sudden,throaty,dry,elder,medium,steady,medium,menacing
2392,flick,light,indirect,sudden,throaty,dry,elder,medium,steady,big,friendly
2393,flick,light,indirect,sudden,throaty,dry,elder,medium,steady,big,deadpan
2394,flick,light,indirect,sudden,throaty,dry,elder,medium,steady,big,menacing
2395,flick,light,indirect,sudden,throaty,dry,elder,medium,rapid,hushed,friendly
2396,flick,light,indirect,sudden,throaty,dry,elder,medium,rapid,hushed,deadpan
2397,flick,light,indirect,sudden,throaty,dry,elder,medium,rapid,hushed,menacing
2398,flick,light,indirect,sudden,throaty,dry,elder,medium,rapid,medium,friendly
2399,flick,light,indirect,sudden,throaty,dry,elder,medium,rapid,medium,deadpan
2400,flick,light,indirect,sudden,throaty,dry,elder,medium,rapid,medium,menacing
2401,flick,light,indirect,sudden,throaty,dry,elder,medium,rapid,big,friendly
2402,flick,light,indirect,sudden,throaty,dry,elder,medium,rapid,big,deadpan
2403,flick,light,indirect,sudden,throaty,dry,elder,medium,rapid,big,menacing
2404,flick,light,indirect,sudden,throaty,dry,elder,huge,slow,hushed,friendly
2405,flick,light,indirect,sudden,throaty,dry,elder,huge,slow,hushed,deadpan
2406,flick,light,indirect,sudden,throaty,dry,elder,huge,slow,hushed,menacing
2407,flick,light,indirect,sudden,throaty,dry,elder,huge,slow,medium,friendly
2408,flick,light,indirect,sudden,throaty,dry,elder,huge,slow,medium,deadpan
2409,flick,light,indirect,sudden,throaty,dry,elder,huge,slow,medium,menacing
2410,flick,light,indirect,sudden,throaty,dry,elder,huge,slow,big,friendly
2411,flick,light,indirect,sudden,throaty,dry,elder,huge,slow,big,deadpan
2412,flick,light,indirect,sudden,throaty,dry,elder,huge,slow,big,menacing
2413,flick,light,indirect,sudden,throaty,dry,elder,huge,steady,hushed,friendly
2414,flick,light,indirect,sudden,throaty,dry,elder,huge,steady,hushed,deadpan
2415,flick,light,indirect,sudden,throaty,dry,elder,huge,steady,hushed,menacing
2416,flick,light,indirect,sudden,throaty,dry,elder,huge,steady,medium,friendly
2417,flick,light,indirect,sudden,throaty,dry,elder,huge,steady,medium,deadpan
2418,flick,light,indirect,sudden,throaty,dry,elder,huge,steady,medium,menacing
2419,flick,light,indirect,sudden,throaty,dry,elder,huge,steady,big,friendly
2420,flick,light,indirect,sudden,throaty,dry,elder,huge,steady,big,deadpan
2421,flick,light,indirect,sudden,throaty,dry,elder,huge,steady,big,menacing
2422,flick,light,indirect,sudden,throaty,dry,elder,huge,rapid,hushed,friendly
2423,flick,light,indirect,sudden,throaty,dry,elder,huge,rapid,hushed,deadpan
2424,flick,light,indirect,sudden,throaty,dry,elder,huge,rapid,hushed,menacing
2425,flick,light,indirect,sudden,throaty,dry,elder,huge,rapid,medium,friendly
2426,flick,light,indirect,sudden,throaty,dry,elder,huge,rapid,medium,deadpan
2427,flick,light,indirect,sudden,throaty,dry,elder,huge,rapid,medium,menacing
2428,flick,light,indirect,sudden,throaty,dry,elder,huge,rapid,big,friendly
2429,flick,light,indirect,sudden,throaty,dry,elder,huge,rapid,big,deadpan
2430,flick,light,indirect,sudden,throaty,dry,elder,huge,rapid,big,menacing
2431,flick,light,indirect,sudden,balanced,breathy,kid-ish,tiny,slow,hushed,friendly
2432,flick,light,indirect,sudden,balanced,breathy,kid-ish,tiny,slow,hushed,deadpan
2433,flick,light,indirect,sudden,balanced,breathy,kid-ish,tiny,slow,hushed,menacing
2434,flick,light,indirect,sudden,balanced,breathy,kid-ish,tiny,slow,medium,friendly
2435,flick,light,indirect,sudden,balanced,breathy,kid-ish,tiny,slow,medium,deadpan
2436,flick,light,indirect,sudden,balanced,breathy,kid-ish,tiny,slow,medium,menacing
2437,flick,light,indirect,sudden,balanced,breathy,kid-ish,tiny,slow,big,friendly
2438,flick,light,indirect,sudden,balanced,breathy,kid-ish,tiny,slow,big,deadpan
2439,flick,light,indirect,sudden,balanced,breathy,kid-ish,tiny,slow,big,menacing
2440,flick,light,indirect,sudden,balanced,breathy,kid-ish,tiny,steady,hushed,friendly
2441,flick,light,indirect,sudden,balanced,breathy,kid-ish,tiny,steady,hushed,deadpan
2442,flick,light,indirect,sudden,balanced,breathy,kid-ish,tiny,steady,hushed,menacing
2443,flick,light,indirect,sudden,balanced,breathy,kid-ish,tiny,steady,medium,friendly
2444,flick,light,indirect,sudden,balanced,breathy,kid-ish,tiny,steady,medium,deadpan
2445,flick,light,indirect,sudden,balanced,breathy,kid-ish,tiny,steady,medium,menacing
2446,flick,light,indirect,sudden,balanced,breathy,kid-ish,tiny,steady,big,friendly
2447,flick,light,indirect,sudden,balanced,breathy,kid-ish,tiny,steady,big,deadpan
2448,flick,light,indirect,sudden,balanced,breathy,kid-ish,tiny,steady,big,menacing
2449,flick,light,indirect,sudden,balanced,breathy,kid-ish,tiny,rapid,hushed,friendly
2450,flick,light,indirect,sudden,balanced,breathy,kid-ish,tiny,rapid,hushed,deadpan
2451,flick,light,indirect,sudden,balanced,breathy,kid-ish,tiny,rapid,hushed,menacing
2452,flick,light,indirect,sudden,balanced,breathy,kid-ish,tiny,rapid,medium,friendly
2453,flick,light,indirect,sudden,balanced,breathy,kid-ish,tiny,rapid,medium,deadpan
2454,flick,light,indirect,sudden,balanced,breathy,kid-ish,tiny,rapid,medium,menacing
2455,flick,light,indirect,sudden,balanced,breathy,kid-ish,tiny,rapid,big,friendly
2456,flick,light,indirect,sudden,balanced,breathy,kid-ish,tiny,rapid,big,deadpan
2457,flick,light,indirect,sudden,balanced,breathy,kid-ish,tiny,rapid,big,menacing
2458,flick,light,indirect,sudden,balanced,breathy,kid-ish,medium,slow,hushed,friendly
2459,flick,light,indirect,sudden,balanced,breathy,kid-ish,medium,slow,hushed,deadpan
2460,flick,light,indirect,sudden,balanced,breathy,kid-ish,medium,slow,hushed,menacing
2461,flick,light,indirect,sudden,balanced,breathy,kid-ish,medium,slow,medium,friendly
2462,flick,light,indirect,sudden,balanced,breathy,kid-ish,medium,slow,medium,deadpan
2463,flick,light,indirect,sudden,balanced,breathy,kid-ish,medium,slow,medium,menacing
2464,flick,light,indirect,sudden,balanced,breathy,kid-ish,medium,slow,big,friendly
2465,flick,light,indirect,sudden,balanced,breathy,kid-ish,medium,slow,big,deadpan
2466,flick,light,indirect,sudden,balanced,breathy,kid-ish,medium,slow,big,menacing
2467,flick,light,indirect,sudden,balanced,breathy,kid-ish,medium,steady,hushed,friendly
2468,flick,light,indirect,sudden,balanced,breathy,kid-ish,medium,steady,hushed,deadpan
2469,flick,light,indirect,sudden,balanced,breathy,kid-ish,medium,steady,hushed,menacing
2470,flick,light,indirect,sudden,balanced,breathy,kid-ish,medium,steady,medium,friendly
2471,flick,light,indirect,sudden,balanced,breathy,kid-ish,medium,steady,medium,deadpan
2472,flick,light,indirect,sudden,balanced,breathy,kid-ish,medium,steady,medium,menacing
2473,flick,light,indirect,sudden,balanced,breathy,kid-ish,medium,steady,big,friendly
2474,flick,light,indirect,sudden,balanced,breathy,kid-ish,medium,steady,big,deadpan
2475,flick,light,indirect,sudden,balanced,breathy,kid-ish,medium,steady,big,menacing
2476,flick,light,indirect,sudden,balanced,breathy,kid-ish,medium,rapid,hushed,friendly
2477,flick,light,indirect,sudden,balanced,breathy,kid-ish,medium,rapid,hushed,deadpan
2478,flick,light,indirect,sudden,balanced,breathy,kid-ish,medium,rapid,hushed,menacing
2479,flick,light,indirect,sudden,balanced,breathy,kid-ish,medium,rapid,medium,friendly
2480,flick,light,indirect,sudden,balanced,breathy,kid-ish,medium,rapid,medium,deadpan
2481,flick,light,indirect,sudden,balanced,breathy,kid-ish,medium,rapid,medium,menacing
2482,flick,light,indirect,sudden,balanced,breathy,kid-ish,medium,rapid,big,friendly
2483,flick,light,indirect,sudden,balanced,breathy,kid-ish,medium,rapid,big,deadpan
2484,flick,light,indirect,sudden,balanced,breathy,kid-ish,medium,rapid,big,menacing
2485,flick,light,indirect,sudden,balanced,breathy,kid-ish,huge,slow,hushed,friendly
2486,flick,light,indirect,sudden,balanced,breathy,kid-ish,huge,slow,hushed,deadpan
2487,flick,light,indirect,sudden,balanced,breathy,kid-ish,huge,slow,hushed,menacing
2488,flick,light,indirect,sudden,balanced,breathy,kid-ish,huge,slow,medium,friendly
2489,flick,light,indirect,sudden,balanced,breathy,kid-ish,huge,slow,medium,deadpan
2490,flick,light,indirect,sudden,balanced,breathy,kid-ish,huge,slow,medium,menacing
2491,flick,light,indirect,sudden,balanced,breathy,kid-ish,huge,slow,big,friendly
2492,flick,light,indirect,sudden,balanced,breathy,kid-ish,huge,slow,big,deadpan
2493,flick,light,indirect,sudden,balanced,breathy,kid-ish,huge,slow,big,menacing
2494,flick,light,indirect,sudden,balanced,breathy,kid-ish,huge,steady,hushed,friendly
2495,flick,light,indirect,sudden,balanced,breathy,kid-ish,huge,steady,hushed,deadpan
2496,flick,light,indirect,sudden,balanced,breathy,kid-ish,huge,steady,hushed,menacing
2497,flick,light,indirect,sudden,balanced,breathy,kid-ish,huge,steady,medium,friendly
2498,flick,light,indirect,sudden,balanced,breathy,kid-ish,huge,steady,medium,deadpan
2499,flick,light,indirect,sudden,balanced,breathy,kid-ish,huge,steady,medium,menacing
2500,flick,light,indirect,sudden,balanced,breathy,kid-ish,huge,steady,big,friendly
2501,flick,light,indirect,sudden,balanced,breathy,kid-ish,huge,steady,big,deadpan
2502,flick,light,indirect,sudden,balanced,breathy,kid-ish,huge,steady,big,menacing
2503,flick,light,indirect,sudden,balanced,breathy,kid-ish,huge,rapid,hushed,friendly
2504,flick,light,indirect,sudden,balanced,breathy,kid-ish,huge,rapid,hushed,deadpan
2505,flick,light,indirect,sudden,balanced,breathy,kid-ish,huge,rapid,hushed,menacing
2506,flick,light,indirect,sudden,balanced,breathy,kid-ish,huge,rapid,medium,friendly
2507,flick,light,indirect,sudden,balanced,breathy,kid-ish,huge,rapid,medium,deadpan
2508,flick,light,indirect,sudden,balanced,breathy,kid-ish,huge,rapid,medium,menacing
2509,flick,light,indirect,sudden,balanced,breathy,kid-ish,huge,rapid,big,friendly
2510,flick,light,indirect,sudden,balanced,breathy,kid-ish,huge,rapid,big,deadpan
2511,flick,light,indirect,sudden,balanced,breathy,kid-ish,huge,rapid,big,menacing
2512,flick,light,indirect,sudden,balanced,breathy,adult,tiny,slow,hushed,friendly
2513,flick,light,indirect,sudden,balanced,breathy,adult,tiny,slow,hushed,deadpan
2514,flick,light,indirect,sudden,balanced,breathy,adult,tiny,slow,hushed,menacing
2515,flick,light,indirect,sudden,balanced,breathy,adult,tiny,slow,medium,friendly
2516,flick,light,indirect,sudden,balanced,breathy,adult,tiny,slow,medium,deadpan
2517,flick,light,indirect,sudden,balanced,breathy,adult,tiny,slow,medium,menacing
2518,flick,light,indirect,sudden,balanced,breathy,adult,tiny,slow,big,friendly
2519,flick,light,indirect,sudden,balanced,breathy,adult,tiny,slow,big,deadpan
2520,flick,light,indirect,sudden,balanced,breathy,adult,tiny,slow,big,menacing
2521,flick,light,indirect,sudden,balanced,breathy,adult,tiny,steady,hushed,friendly
2522,flick,light,indirect,sudden,balanced,breathy,adult,tiny,steady,hushed,deadpan
2523,flick,light,indirect,sudden,balanced,breathy,adult,tiny,steady,hushed,menacing
2524,flick,light,indirect,sudden,balanced,breathy,adult,tiny,steady,medium,friendly
2525,flick,light,indirect,sudden,balanced,breathy,adult,tiny,steady,medium,deadpan
2526,flick,light,indirect,sudden,balanced,breathy,adult,tiny,steady,medium,menacing
2527,flick,light,indirect,sudden,balanced,breathy,adult,tiny,steady,big,friendly
2528,flick,light,indirect,sudden,balanced,breathy,adult,tiny,steady,big,deadpan
2529,flick,light,indirect,sudden,balanced,breathy,adult,tiny,steady,big,menacing
2530,flick,light,indirect,sudden,balanced,breathy,adult,tiny,rapid,hushed,friendly
2531,flick,light,indirect,sudden,balanced,breathy,adult,tiny,rapid,hushed,deadpan
2532,flick,light,indirect,sudden,balanced,breathy,adult,tiny,rapid,hushed,menacing
2533,flick,light,indirect,sudden,balanced,breathy,adult,tiny,rapid,medium,friendly
2534,flick,light,indirect,sudden,balanced,breathy,adult,tiny,rapid,medium,deadpan
2535,flick,light,indirect,sudden,balanced,breathy,adult,tiny,rapid,medium,menacing
2536,flick,light,indirect,sudden,balanced,breathy,adult,tiny,rapid,big,friendly
2537,flick,light,indirect,sudden,balanced,breathy,adult,tiny,rapid,big,deadpan
2538,flick,light,indirect,sudden,balanced,breathy,adult,tiny,rapid,big,menacing
2539,flick,light,indirect,sudden,balanced,breathy,adult,medium,slow,hushed,friendly
2540,flick,light,indirect,sudden,balanced,breathy,adult,medium,slow,hushed,deadpan
2541,flick,light,indirect,sudden,balanced,breathy,adult,medium,slow,hushed,menacing
2542,flick,light,indirect,sudden,balanced,breathy,adult,medium,slow,medium,friendly
2543,flick,light,indirect,sudden,balanced,breathy,adult,medium,slow,medium,deadpan
2544,flick,light,indirect,sudden,balanced,breathy,adult,medium,slow,medium,menacing
2545,flick,light,indirect,sudden,balanced,breathy,adult,medium,slow,big,friendly
2546,flick,light,indirect,sudden,balanced,breathy,adult,medium,slow,big,deadpan
2547,flick,light,indirect,sudden,balanced,breathy,adult,medium,slow,big,menacing
2548,flick,light,indirect,sudden,balanced,breathy,adult,medium,steady,hushed,friendly
2549,flick,light,indirect,sudden,balanced,breathy,adult,medium,steady,hushed,deadpan
2550,flick,light,indirect,sudden,balanced,breathy,adult,medium,steady,hushed,menacing
2551,flick,light,indirect,sudden,balanced,breathy,adult,medium,steady,medium,friendly
2552,flick,light,indirect,sudden,balanced,breathy,adult,medium,steady,medium,deadpan
2553,flick,light,indirect,sudden,balanced,breathy,adult,medium,steady,medium,menacing
2554,flick,light,indirect,sudden,balanced,breathy,adult,medium,steady,big,friendly
2555,flick,light,indirect,sudden,balanced,breathy,adult,medium,steady,big,deadpan
2556,flick,light,indirect,sudden,balanced,breathy,adult,medium,steady,big,menacing
2557,flick,light,indirect,sudden,balanced,breathy,adult,medium,rapid,hushed,friendly
2558,flick,light,indirect,sudden,balanced,breathy,adult,medium,rapid,hushed,deadpan
2559,flick,light,indirect,sudden,balanced,breathy,adult,medium,rapid,hushed,menacing
2560,flick,light,indirect,sudden,balanced,breathy,adult,medium,rapid,medium,friendly
2561,flick,light,indirect,sudden,balanced,breathy,adult,medium,rapid,medium,deadpan
2562,flick,light,indirect,sudden,balanced,breathy,adult,medium,rapid,medium,menacing
2563,flick,light,indirect,sudden,balanced,breathy,adult,medium,rapid,big,friendly
2564,flick,light,indirect,sudden,balanced,breathy,adult,medium,rapid,big,deadpan
2565,flick,light,indirect,sudden,balanced,breathy,adult,medium,rapid,big,menacing
2566,flick,light,indirect,sudden,balanced,breathy,adult,huge,slow,hushed,friendly
2567,flick,light,indirect,sudden,balanced,breathy,adult,huge,slow,hushed,deadpan
2568,flick,light,indirect,sudden,balanced,breathy,adult,huge,slow,hushed,menacing
2569,flick,light,indirect,sudden,balanced,breathy,adult,huge,slow,medium,friendly
2570,flick,light,indirect,sudden,balanced,breathy,adult,huge,slow,medium,deadpan
2571,flick,light,indirect,sudden,balanced,breathy,adult,huge,slow,medium,menacing
2572,flick,light,indirect,sudden,balanced,breathy,adult,huge,slow,big,friendly
2573,flick,light,indirect,sudden,balanced,breathy,adult,huge,slow,big,deadpan
2574,flick,light,indirect,sudden,balanced,breathy,adult,huge,slow,big,menacing
2575,flick,light,indirect,sudden,balanced,breathy,adult,huge,steady,hushed,friendly
2576,flick,light,indirect,sudden,balanced,breathy,adult,huge,steady,hushed,deadpan
2577,flick,light,indirect,sudden,balanced,breathy,adult,huge,steady,hushed,menacing
2578,flick,light,indirect,sudden,balanced,breathy,adult,huge,steady,medium,friendly
2579,flick,light,indirect,sudden,balanced,breathy,adult,huge,steady,medium,deadpan
2580,flick,light,indirect,sudden,balanced,breathy,adult,huge,steady,medium,menacing
2581,flick,light,indirect,sudden,balanced,breathy,adult,huge,steady,big,friendly
2582,flick,light,indirect,sudden,balanced,breathy,adult,huge,steady,big,deadpan
2583,flick,light,indirect,sudden,balanced,breathy,adult,huge,steady,big,menacing
2584,flick,light,indirect,sudden,balanced,breathy,adult,huge,rapid,hushed,friendly
2585,flick,light,indirect,sudden,balanced,breathy,adult,huge,rapid,hushed,deadpan
2586,flick,light,indirect,sudden,balanced,breathy,adult,huge,rapid,hushed,menacing
2587,flick,light,indirect,sudden,balanced,breathy,adult,huge,rapid,medium,friendly
2588,flick,light,indirect,sudden,balanced,breathy,adult,huge,rapid,medium,deadpan
2589,flick,light,indirect,sudden,balanced,breathy,adult,huge,rapid,medium,menacing
2590,flick,light,indirect,sudden,balanced,breathy,adult,huge,rapid,big,friendly
2591,flick,light,indirect,sudden,balanced,breathy,adult,huge,rapid,big,deadpan
2592,flick,light,indirect,sudden,balanced,breathy,adult,huge,rapid,big,menacing
2593,flick,light,indirect,sudden,balanced,breathy,elder,tiny,slow,hushed,friendly
2594,flick,light,indirect,sudden,balanced,breathy,elder,tiny,slow,hushed,deadpan
2595,flick,light,indirect,sudden,balanced,breathy,elder,tiny,slow,hushed,menacing
2596,flick,light,indirect,sudden,balanced,breathy,elder,tiny,slow,medium,friendly
2597,flick,light,indirect,sudden,balanced,breathy,elder,tiny,slow,medium,deadpan
2598,flick,light,indirect,sudden,balanced,breathy,elder,tiny,slow,medium,menacing
2599,flick,light,indirect,sudden,balanced,breathy,elder,tiny,slow,big,friendly
2600,flick,light,indirect,sudden,balanced,breathy,elder,tiny,slow,big,deadpan
2601,flick,light,indirect,sudden,balanced,breathy,elder,tiny,slow,big,menacing
2602,flick,light,indirect,sudden,balanced,breathy,elder,tiny,steady,hushed,friendly
2603,flick,light,indirect,sudden,balanced,breathy,elder,tiny,steady,hushed,deadpan
2604,flick,light,indirect,sudden,balanced,breathy,elder,tiny,steady,hushed,menacing
2605,flick,light,indirect,sudden,balanced,breathy,elder,tiny,steady,medium,friendly
2606,flick,light,indirect,sudden,balanced,breathy,elder,tiny,steady,medium,deadpan
2607,flick,light,indirect,sudden,balanced,breathy,elder,tiny,steady,medium,menacing
2608,flick,light,indirect,sudden,balanced,breathy,elder,tiny,steady,big,friendly
2609,flick,light,indirect,sudden,balanced,breathy,elder,tiny,steady,big,deadpan
2610,flick,light,indirect,sudden,balanced,breathy,elder,tiny,steady,big,menacing
2611,flick,light,indirect,sudden,balanced,breathy,elder,tiny,rapid,hushed,friendly
2612,flick,light,indirect,sudden,balanced,breathy,elder,tiny,rapid,hushed,deadpan
2613,flick,light,indirect,sudden,balanced,breathy,elder,tiny,rapid,hushed,menacing
2614,flick,light,indirect,sudden,balanced,breathy,elder,tiny,rapid,medium,friendly
2615,flick,light,indirect,sudden,balanced,breathy,elder,tiny,rapid,medium,deadpan
2616,flick,light,indirect,sudden,balanced,breathy,elder,tiny,rapid,medium,menacing
2617,flick,light,indirect,sudden,balanced,breathy,elder,tiny,rapid,big,friendly
2618,flick,light,indirect,sudden,balanced,breathy,elder,tiny,rapid,big,deadpan
2619,flick,light,indirect,sudden,balanced,breathy,elder,tiny,rapid,big,menacing
2620,flick,light,indirect,sudden,balanced,breathy,elder,medium,slow,hushed,friendly
2621,flick,light,indirect,sudden,balanced,breathy,elder,medium,slow,hushed,deadpan
2622,flick,light,indirect,sudden,balanced,breathy,elder,medium,slow,hushed,menacing
2623,flick,light,indirect,sudden,balanced,breathy,elder,medium,slow,medium,friendly
2624,flick,light,indirect,sudden,balanced,breathy,elder,medium,slow,medium,deadpan
2625,flick,light,indirect,sudden,balanced,breathy,elder,medium,slow,medium,menacing
2626,flick,light,indirect,sudden,balanced,breathy,elder,medium,slow,big,friendly
2627,flick,light,indirect,sudden,balanced,breathy,elder,medium,slow,big,deadpan
2628,flick,light,indirect,sudden,balanced,breathy,elder,medium,slow,big,menacing
2629,flick,light,indirect,sudden,balanced,breathy,elder,medium,steady,hushed,friendly
2630,flick,light,indirect,sudden,balanced,breathy,elder,medium,steady,hushed,deadpan
2631,flick,light,indirect,sudden,balanced,breathy,elder,medium,steady,hushed,menacing
2632,flick,light,indirect,sudden,balanced,breathy,elder,medium,steady,medium,friendly
2633,flick,light,indirect,sudden,balanced,breathy,elder,medium,steady,medium,deadpan
2634,flick,light,indirect,sudden,balanced,breathy,elder,medium,steady,medium,menacing
2635,flick,light,indirect,sudden,balanced,breathy,elder,medium,steady,big,friendly
2636,flick,light,indirect,sudden,balanced,breathy,elder,medium,steady,big,deadpan
2637,flick,light,indirect,sudden,balanced,breathy,elder,medium,steady,big,menacing
2638,flick,light,indirect,sudden,balanced,breathy,elder,medium,rapid,hushed,friendly
2639,flick,light,indirect,sudden,balanced,breathy,elder,medium,rapid,hushed,deadpan
2640,flick,light,indirect,sudden,balanced,breathy,elder,medium,rapid,hushed,menacing
2641,flick,light,indirect,sudden,balanced,breathy,elder,medium,rapid,medium,friendly
2642,flick,light,indirect,sudden,balanced,breathy,elder,medium,rapid,medium,deadpan
2643,flick,light,indirect,sudden,balanced,breathy,elder,medium,rapid,medium,menacing
2644,flick,light,indirect,sudden,balanced,breathy,elder,medium,rapid,big,friendly
2645,flick,light,indirect,sudden,balanced,breathy,elder,medium,rapid,big,deadpan
2646,flick,light,indirect,sudden,balanced,breathy,elder,medium,rapid,big,menacing
2647,flick,light,indirect,sudden,balanced,breathy,elder,huge,slow,hushed,friendly
2648,flick,light,indirect,sudden,balanced,breathy,elder,huge,slow,hushed,deadpan
2649,flick,light,indirect,sudden,balanced,breathy,elder,huge,slow,hushed,menacing
2650,flick,light,indirect,sudden,balanced,breathy,elder,huge,slow,medium,friendly
2651,flick,light,indirect,sudden,balanced,breathy,elder,huge,slow,medium,deadpan
2652,flick,light,indirect,sudden,balanced,breathy,elder,huge,slow,medium,menacing
2653,flick,light,indirect,sudden,balanced,breathy,elder,huge,slow,big,friendly
2654,flick,light,indirect,sudden,balanced,breathy,elder,huge,slow,big,deadpan
2655,flick,light,indirect,sudden,balanced,breathy,elder,huge,slow,big,menacing
2656,flick,light,indirect,sudden,balanced,breathy,elder,huge,steady,hushed,friendly
2657,flick,light,indirect,sudden,balanced,breathy,elder,huge,steady,hushed,deadpan
2658,flick,light,indirect,sudden,balanced,breathy,elder,huge,steady,hushed,menacing
2659,flick,light,indirect,sudden,balanced,breathy,elder,huge,steady,medium,friendly
2660,flick,light,indirect,sudden,balanced,breathy,elder,huge,steady,medium,deadpan
2661,flick,light,indirect,sudden,balanced,breathy,elder,huge,steady,medium,menacing
2662,flick,light,indirect,sudden,balanced,breathy,elder,huge,steady,big,friendly
2663,flick,light,indirect,sudden,balanced,breathy,elder,huge,steady,big,deadpan
2664,flick,light,indirect,sudden,balanced,breathy,elder,huge,steady,big,menacing
2665,flick,light,indirect,sudden,balanced,breathy,elder,huge,rapid,hushed,friendly
2666,flick,light,indirect,sudden,balanced,breathy,elder,huge,rapid,hushed,deadpan
2667,flick,light,indirect,sudden,balanced,breathy,elder,huge,rapid,hushed,menacing
2668,flick,light,indirect,sudden,balanced,breathy,elder,huge,rapid,medium,friendly
2669,flick,light,indirect,sudden,balanced,breathy,elder,huge,rapid,medium,deadpan
2670,flick,light,indirect,sudden,balanced,breathy,elder,huge,rapid,medium,menacing
2671,flick,light,indirect,sudden,balanced,breathy,elder,huge,rapid,big,friendly
2672,flick,light,indirect,sudden,balanced,breathy,elder,huge,rapid,big,deadpan
2673,flick,light,indirect,sudden,balanced,breathy,elder,huge,rapid,big,menacing
2674,flick,light,indirect,sudden,balanced,dry,kid-ish,tiny,slow,hushed,friendly
2675,flick,light,indirect,sudden,balanced,dry,kid-ish,tiny,slow,hushed,deadpan
2676,flick,light,indirect,sudden,balanced,dry,kid-ish,tiny,slow,hushed,menacing
2677,flick,light,indirect,sudden,balanced,dry,kid-ish,tiny,slow,medium,friendly
2678,flick,light,indirect,sudden,balanced,dry,kid-ish,tiny,slow,medium,deadpan
2679,flick,light,indirect,sudden,balanced,dry,kid-ish,tiny,slow,medium,menacing
2680,flick,light,indirect,sudden,balanced,dry,kid-ish,tiny,slow,big,friendly
2681,flick,light,indirect,sudden,balanced,dry,kid-ish,tiny,slow,big,deadpan
2682,flick,light,indirect,sudden,balanced,dry,kid-ish,tiny,slow,big,menacing
2683,flick,light,indirect,sudden,balanced,dry,kid-ish,tiny,steady,hushed,friendly
2684,flick,light,indirect,sudden,balanced,dry,kid-ish,tiny,steady,hushed,deadpan
2685,flick,light,indirect,sudden,balanced,dry,kid-ish,tiny,steady,hushed,menacing
2686,flick,light,indirect,sudden,balanced,dry,kid-ish,tiny,steady,medium,friendly
2687,flick,light,indirect,sudden,balanced,dry,kid-ish,tiny,steady,medium,deadpan
2688,flick,light,indirect,sudden,balanced,dry,kid-ish,tiny,steady,medium,menacing
2689,flick,light,indirect,sudden,balanced,dry,kid-ish,tiny,steady,big,friendly
2690,flick,light,indirect,sudden,balanced,dry,kid-ish,tiny,steady,big,deadpan
2691,flick,light,indirect,sudden,balanced,dry,kid-ish,tiny,steady,big,menacing
2692,flick,light,indirect,sudden,balanced,dry,kid-ish,tiny,rapid,hushed,friendly
2693,flick,light,indirect,sudden,balanced,dry,kid-ish,tiny,rapid,hushed,deadpan
2694,flick,light,indirect,sudden,balanced,dry,kid-ish,tiny,rapid,hushed,menacing
2695,flick,light,indirect,sudden,balanced,dry,kid-ish,tiny,rapid,medium,friendly
2696,flick,light,indirect,sudden,balanced,dry,kid-ish,tiny,rapid,medium,deadpan
2697,flick,light,indirect,sudden,balanced,dry,kid-ish,tiny,rapid,medium,menacing
2698,flick,light,indirect,sudden,balanced,dry,kid-ish,tiny,rapid,big,friendly
2699,flick,light,indirect,sudden,balanced,dry,kid-ish,tiny,rapid,big,deadpan
2700,flick,light,indirect,sudden,balanced,dry,kid-ish,tiny,rapid,big,menacing
2701,flick,light,indirect,sudden,balanced,dry,kid-ish,medium,slow,hushed,friendly
2702,flick,light,indirect,sudden,balanced,dry,kid-ish,medium,slow,hushed,deadpan
2703,flick,light,indirect,sudden,balanced,dry,kid-ish,medium,slow,hushed,menacing
2704,flick,light,indirect,sudden,balanced,dry,kid-ish,medium,slow,medium,friendly
2705,flick,light,indirect,sudden,balanced,dry,kid-ish,medium,slow,medium,deadpan
2706,flick,light,indirect,sudden,balanced,dry,kid-ish,medium,slow,medium,menacing
2707,flick,light,indirect,sudden,balanced,dry,kid-ish,medium,slow,big,friendly
2708,flick,light,indirect,sudden,balanced,dry,kid-ish,medium,slow,big,deadpan
2709,flick,light,indirect,sudden,balanced,dry,kid-ish,medium,slow,big,menacing
2710,flick,light,indirect,sudden,balanced,dry,kid-ish,medium,steady,hushed,friendly
2711,flick,light,indirect,sudden,balanced,dry,kid-ish,medium,steady,hushed,deadpan
2712,flick,light,indirect,sudden,balanced,dry,kid-ish,medium,steady,hushed,menacing
2713,flick,light,indirect,sudden,balanced,dry,kid-ish,medium,steady,medium,friendly
2714,flick,light,indirect,sudden,balanced,dry,kid-ish,medium,steady,medium,deadpan
2715,flick,light,indirect,sudden,balanced,dry,kid-ish,medium,steady,medium,menacing
2716,flick,light,indirect,sudden,balanced,dry,kid-ish,medium,steady,big,friendly
2717,flick,light,indirect,sudden,balanced,dry,kid-ish,medium,steady,big,deadpan
2718,flick,light,indirect,sudden,balanced,dry,kid-ish,medium,steady,big,menacing
2719,flick,light,indirect,sudden,balanced,dry,kid-ish,medium,rapid,hushed,friendly
2720,flick,light,indirect,sudden,balanced,dry,kid-ish,medium,rapid,hushed,deadpan
2721,flick,light,indirect,sudden,balanced,dry,kid-ish,medium,rapid,hushed,menacing
2722,flick,light,indirect,sudden,balanced,dry,kid-ish,medium,rapid,medium,friendly
2723,flick,light,indirect,sudden,balanced,dry,kid-ish,medium,rapid,medium,deadpan
2724,flick,light,indirect,sudden,balanced,dry,kid-ish,medium,rapid,medium,menacing
2725,flick,light,indirect,sudden,balanced,dry,kid-ish,medium,rapid,big,friendly
2726,flick,light,indirect,sudden,balanced,dry,kid-ish,medium,rapid,big,deadpan
2727,flick,light,indirect,sudden,balanced,dry,kid-ish,medium,rapid,big,menacing
2728,flick,light,indirect,sudden,balanced,dry,kid-ish,huge,slow,hushed,friendly
2729,flick,light,indirect,sudden,balanced,dry,kid-ish,huge,slow,hushed,deadpan
2730,flick,light,indirect,sudden,balanced,dry,kid-ish,huge,slow,hushed,menacing
2731,flick,light,indirect,sudden,balanced,dry,kid-ish,huge,slow,medium,friendly
2732,flick,light,indirect,sudden,balanced,dry,kid-ish,huge,slow,medium,deadpan
2733,flick,light,indirect,sudden,balanced,dry,kid-ish,huge,slow,medium,menacing
2734,flick,light,indirect,sudden,balanced,dry,kid-ish,huge,slow,big,friendly
2735,flick,light,indirect,sudden,balanced,dry,kid-ish,huge,slow,big,deadpan
2736,flick,light,indirect,sudden,balanced,dry,kid-ish,huge,slow,big,menacing
2737,flick,light,indirect,sudden,balanced,dry,kid-ish,huge,steady,hushed,friendly
2738,flick,light,indirect,sudden,balanced,dry,kid-ish,huge,steady,hushed,deadpan
2739,flick,light,indirect,sudden,balanced,dry,kid-ish,huge,steady,hushed,menacing
2740,flick,light,indirect,sudden,balanced,dry,kid-ish,huge,steady,medium,friendly
2741,flick,light,indirect,sudden,balanced,dry,kid-ish,huge,steady,medium,deadpan
2742,flick,light,indirect,sudden,balanced,dry,kid-ish,huge,steady,medium,menacing
2743,flick,light,indirect,sudden,balanced,dry,kid-ish,huge,steady,big,friendly
2744,flick,light,indirect,sudden,balanced,dry,kid-ish,huge,steady,big,deadpan
2745,flick,light,indirect,sudden,balanced,dry,kid-ish,huge,steady,big,menacing
2746,flick,light,indirect,sudden,balanced,dry,kid-ish,huge,rapid,hushed,friendly
2747,flick,light,indirect,sudden,balanced,dry,kid-ish,huge,rapid,hushed,deadpan
2748,flick,light,indirect,sudden,balanced,dry,kid-ish,huge,rapid,hushed,menacing
2749,flick,light,indirect,sudden,balanced,dry,kid-ish,huge,rapid,medium,friendly
2750,flick,light,indirect,sudden,balanced,dry,kid-ish,huge,rapid,medium,deadpan
2751,flick,light,indirect,sudden,balanced,dry,kid-ish,huge,rapid,medium,menacing
2752,flick,light,indirect,sudden,balanced,dry,kid-ish,huge,rapid,big,friendly
2753,flick,light,indirect,sudden,balanced,dry,kid-ish,huge,rapid,big,deadpan
2754,flick,light,indirect,sudden,balanced,dry,kid-ish,huge,rapid,big,menacing
2755,flick,light,indirect,sudden,balanced,dry,adult,tiny,slow,hushed,friendly
2756,flick,light,indirect,sudden,balanced,dry,adult,tiny,slow,hushed,deadpan
2757,flick,light,indirect,sudden,balanced,dry,adult,tiny,slow,hushed,menacing
2758,flick,light,indirect,sudden,balanced,dry,adult,tiny,slow,medium,friendly
2759,flick,light,indirect,sudden,balanced,dry,adult,tiny,slow,medium,deadpan
2760,flick,light,indirect,sudden,balanced,dry,adult,tiny,slow,medium,menacing
2761,flick,light,indirect,sudden,balanced,dry,adult,tiny,slow,big,friendly
2762,flick,light,indirect,sudden,balanced,dry,adult,tiny,slow,big,deadpan
2763,flick,light,indirect,sudden,balanced,dry,adult,tiny,slow,big,menacing
2764,flick,light,indirect,sudden,balanced,dry,adult,tiny,steady,hushed,friendly
2765,flick,light,indirect,sudden,balanced,dry,adult,tiny,steady,hushed,deadpan
2766,flick,light,indirect,sudden,balanced,dry,adult,tiny,steady,hushed,menacing
2767,flick,light,indirect,sudden,balanced,dry,adult,tiny,steady,medium,friendly
2768,flick,light,indirect,sudden,balanced,dry,adult,tiny,steady,medium,deadpan
2769,flick,light,indirect,sudden,balanced,dry,adult,tiny,steady,medium,menacing
2770,flick,light,indirect,sudden,balanced,dry,adult,tiny,steady,big,friendly
2771,flick,light,indirect,sudden,balanced,dry,adult,tiny,steady,big,deadpan
2772,flick,light,indirect,sudden,balanced,dry,adult,tiny,steady,big,menacing
2773,flick,light,indirect,sudden,balanced,dry,adult,tiny,rapid,hushed,friendly
2774,flick,light,indirect,sudden,balanced,dry,adult,tiny,rapid,hushed,deadpan
2775,flick,light,indirect,sudden,balanced,dry,adult,tiny,rapid,hushed,menacing
2776,flick,light,indirect,sudden,balanced,dry,adult,tiny,rapid,medium,friendly
2777,flick,light,indirect,sudden,balanced,dry,adult,tiny,rapid,medium,deadpan
2778,flick,light,indirect,sudden,balanced,dry,adult,tiny,rapid,medium,menacing
2779,flick,light,indirect,sudden,balanced,dry,adult,tiny,rapid,big,friendly
2780,flick,light,indirect,sudden,balanced,dry,adult,tiny,rapid,big,deadpan
2781,flick,light,indirect,sudden,balanced,dry,adult,tiny,rapid,big,menacing
2782,flick,light,indirect,sudden,balanced,dry,adult,medium,slow,hushed,friendly
2783,flick,light,indirect,sudden,balanced,dry,adult,medium,slow,hushed,deadpan
2784,flick,light,indirect,sudden,balanced,dry,adult,medium,slow,hushed,menacing
2785,flick,light,indirect,sudden,balanced,dry,adult,medium,slow,medium,friendly
2786,flick,light,indirect,sudden,balanced,dry,adult,medium,slow,medium,deadpan
2787,flick,light,indirect,sudden,balanced,dry,adult,medium,slow,medium,menacing
2788,flick,light,indirect,sudden,balanced,dry,adult,medium,slow,big,friendly
2789,flick,light,indirect,sudden,balanced,dry,adult,medium,slow,big,deadpan
2790,flick,light,indirect,sudden,balanced,dry,adult,medium,slow,big,menacing
2791,flick,light,indirect,sudden,balanced,dry,adult,medium,steady,hushed,friendly
2792,flick,light,indirect,sudden,balanced,dry,adult,medium,steady,hushed,deadpan
2793,flick,light,indirect,sudden,balanced,dry,adult,medium,steady,hushed,menacing
2794,flick,light,indirect,sudden,balanced,dry,adult,medium,steady,medium,friendly
2795,flick,light,indirect,sudden,balanced,dry,adult,medium,steady,medium,deadpan
2796,flick,light,indirect,sudden,balanced,dry,adult,medium,steady,medium,menacing
2797,flick,light,indirect,sudden,balanced,dry,adult,medium,steady,big,friendly
2798,flick,light,indirect,sudden,balanced,dry,adult,medium,steady,big,deadpan
2799,flick,light,indirect,sudden,balanced,dry,adult,medium,steady,big,menacing
2800,flick,light,indirect,sudden,balanced,dry,adult,medium,rapid,hushed,friendly
2801,flick,light,indirect,sudden,balanced,dry,adult,medium,rapid,hushed,deadpan
2802,flick,light,indirect,sudden,balanced,dry,adult,medium,rapid,hushed,menacing
2803,flick,light,indirect,sudden,balanced,dry,adult,medium,rapid,medium,friendly
2804,flick,light,indirect,sudden,balanced,dry,adult,medium,rapid,medium,deadpan
2805,flick,light,indirect,sudden,balanced,dry,adult,medium,rapid,medium,menacing
2806,flick,light,indirect,sudden,balanced,dry,adult,medium,rapid,big,friendly
2807,flick,light,indirect,sudden,balanced,dry,adult,medium,rapid,big,deadpan
2808,flick,light,indirect,sudden,balanced,dry,adult,medium,rapid,big,menacing
2809,flick,light,indirect,sudden,balanced,dry,adult,huge,slow,hushed,friendly
2810,flick,light,indirect,sudden,balanced,dry,adult,huge,slow,hushed,deadpan
2811,flick,light,indirect,sudden,balanced,dry,adult,huge,slow,hushed,menacing
2812,flick,light,indirect,sudden,balanced,dry,adult,huge,slow,medium,friendly
2813,flick,light,indirect,sudden,balanced,dry,adult,huge,slow,medium,deadpan
2814,flick,light,indirect,sudden,balanced,dry,adult,huge,slow,medium,menacing
2815,flick,light,indirect,sudden,balanced,dry,adult,huge,slow,big,friendly
2816,flick,light,indirect,sudden,balanced,dry,adult,huge,slow,big,deadpan
2817,flick,light,indirect,sudden,balanced,dry,adult,huge,slow,big,menacing
2818,flick,light,indirect,sudden,balanced,dry,adult,huge,steady,hushed,friendly
2819,flick,light,indirect,sudden,balanced,dry,adult,huge,steady,hushed,deadpan
2820,flick,light,indirect,sudden,balanced,dry,adult,huge,steady,hushed,menacing
2821,flick,light,indirect,sudden,balanced,dry,adult,huge,steady,medium,friendly
2822,flick,light,indirect,sudden,balanced,dry,adult,huge,steady,medium,deadpan
2823,flick,light,indirect,sudden,balanced,dry,adult,huge,steady,medium,menacing
2824,flick,light,indirect,sudden,balanced,dry,adult,huge,steady,big,friendly
2825,flick,light,indirect,sudden,balanced,dry,adult,huge,steady,big,deadpan
2826,flick,light,indirect,sudden,balanced,dry,adult,huge,steady,big,menacing
2827,flick,light,indirect,sudden,balanced,dry,adult,huge,rapid,hushed,friendly
2828,flick,light,indirect,sudden,balanced,dry,adult,huge,rapid,hushed,deadpan
2829,flick,light,indirect,sudden,balanced,dry,adult,huge,rapid,hushed,menacing
2830,flick,light,indirect,sudden,balanced,dry,adult,huge,rapid,medium,friendly
2831,flick,light,indirect,sudden,balanced,dry,adult,huge,rapid,medium,deadpan
2832,flick,light,indirect,sudden,balanced,dry,adult,huge,rapid,medium,menacing
2833,flick,light,indirect,sudden,balanced,dry,adult,huge,rapid,big,friendly
2834,flick,light,indirect,sudden,balanced,dry,adult,huge,rapid,big,deadpan
2835,flick,light,indirect,sudden,balanced,dry,adult,huge,rapid,big,menacing
2836,flick,light,indirect,sudden,balanced,dry,elder,tiny,slow,hushed,friendly
2837,flick,light,indirect,sudden,balanced,dry,elder,tiny,slow,hushed,deadpan
2838,flick,light,indirect,sudden,balanced,dry,elder,tiny,slow,hushed,menacing
2839,flick,light,indirect,sudden,balanced,dry,elder,tiny,slow,medium,friendly
2840,flick,light,indirect,sudden,balanced,dry,elder,tiny,slow,medium,deadpan
2841,flick,light,indirect,sudden,balanced,dry,elder,tiny,slow,medium,menacing
2842,flick,light,indirect,sudden,balanced,dry,elder,tiny,slow,big,friendly
2843,flick,light,indirect,sudden,balanced,dry,elder,tiny,slow,big,deadpan
2844,flick,light,indirect,sudden,balanced,dry,elder,tiny,slow,big,menacing
2845,flick,light,indirect,sudden,balanced,dry,elder,tiny,steady,hushed,friendly
2846,flick,light,indirect,sudden,balanced,dry,elder,tiny,steady,hushed,deadpan
2847,flick,light,indirect,sudden,balanced,dry,elder,tiny,steady,hushed,menacing
2848,flick,light,indirect,sudden,balanced,dry,elder,tiny,steady,medium,friendly
2849,flick,light,indirect,sudden,balanced,dry,elder,tiny,steady,medium,deadpan
2850,flick,light,indirect,sudden,balanced,dry,elder,tiny,steady,medium,menacing
2851,flick,light,indirect,sudden,balanced,dry,elder,tiny,steady,big,friendly
2852,flick,light,indirect,sudden,balanced,dry,elder,tiny,steady,big,deadpan
2853,flick,light,indirect,sudden,balanced,dry,elder,tiny,steady,big,menacing
2854,flick,light,indirect,sudden,balanced,dry,elder,tiny,rapid,hushed,friendly
2855,flick,light,indirect,sudden,balanced,dry,elder,tiny,rapid,hushed,deadpan
2856,flick,light,indirect,sudden,balanced,dry,elder,tiny,rapid,hushed,menacing
2857,flick,light,indirect,sudden,balanced,dry,elder,tiny,rapid,medium,friendly
2858,flick,light,indirect,sudden,balanced,dry,elder,tiny,rapid,medium,deadpan
2859,flick,light,indirect,sudden,balanced,dry,elder,tiny,rapid,medium,menacing
2860,flick,light,indirect,sudden,balanced,dry,elder,tiny,rapid,big,friendly
2861,flick,light,indirect,sudden,balanced,dry,elder,tiny,rapid,big,deadpan
2862,flick,light,indirect,sudden,balanced,dry,elder,tiny,rapid,big,menacing
2863,flick,light,indirect,sudden,balanced,dry,elder,medium,slow,hushed,friendly
2864,flick,light,indirect,sudden,balanced,dry,elder,medium,slow,hushed,deadpan
2865,flick,light,indirect,sudden,balanced,dry,elder,medium,slow,hushed,menacing
2866,flick,light,indirect,sudden,balanced,dry,elder,medium,slow,medium,friendly
2867,flick,light,indirect,sudden,balanced,dry,elder,medium,slow,medium,deadpan
2868,flick,light,indirect,sudden,balanced,dry,elder,medium,slow,medium,menacing
2869,flick,light,indirect,sudden,balanced,dry,elder,medium,slow,big,friendly
2870,flick,light,indirect,sudden,balanced,dry,elder,medium,slow,big,deadpan
2871,flick,light,indirect,sudden,balanced,dry,elder,medium,slow,big,menacing
2872,flick,light,indirect,sudden,balanced,dry,elder,medium,steady,hushed,friendly
2873,flick,light,indirect,sudden,balanced,dry,elder,medium,steady,hushed,deadpan
2874,flick,light,indirect,sudden,balanced,dry,elder,medium,steady,hushed,menacing
2875,flick,light,indirect,sudden,balanced,dry,elder,medium,steady,medium,friendly
2876,flick,light,indirect,sudden,balanced,dry,elder,medium,steady,medium,deadpan
2877,flick,light,indirect,sudden,balanced,dry,elder,medium,steady,medium,menacing
2878,flick,light,indirect,sudden,balanced,dry,elder,medium,steady,big,friendly
2879,flick,light,indirect,sudden,balanced,dry,elder,medium,steady,big,deadpan
2880,flick,light,indirect,sudden,balanced,dry,elder,medium,steady,big,menacing
2881,flick,light,indirect,sudden,balanced,dry,elder,medium,rapid,hushed,friendly
2882,flick,light,indirect,sudden,balanced,dry,elder,medium,rapid,hushed,deadpan
2883,flick,light,indirect,sudden,balanced,dry,elder,medium,rapid,hushed,menacing
2884,flick,light,indirect,sudden,balanced,dry,elder,medium,rapid,medium,friendly
2885,flick,light,indirect,sudden,balanced,dry,elder,medium,rapid,medium,deadpan
2886,flick,light,indirect,sudden,balanced,dry,elder,medium,rapid,medium,menacing
2887,flick,light,indirect,sudden,balanced,dry,elder,medium,rapid,big,friendly
2888,flick,light,indirect,sudden,balanced,dry,elder,medium,rapid,big,deadpan
2889,flick,light,indirect,sudden,balanced,dry,elder,medium,rapid,big,menacing
2890,flick,light,indirect,sudden,balanced,dry,elder,huge,slow,hushed,friendly
2891,flick,light,indirect,sudden,balanced,dry,elder,huge,slow,hushed,deadpan
2892,flick,light,indirect,sudden,balanced,dry,elder,huge,slow,hushed,menacing
2893,flick,light,indirect,sudden,balanced,dry,elder,huge,slow,medium,friendly
2894,flick,light,indirect,sudden,balanced,dry,elder,huge,slow,medium,deadpan
2895,flick,light,indirect,sudden,balanced,dry,elder,huge,slow,medium,menacing
2896,flick,light,indirect,sudden,balanced,dry,elder,huge,slow,big,friendly
2897,flick,light,indirect,sudden,balanced,dry,elder,huge,slow,big,deadpan
2898,flick,light,indirect,sudden,balanced,dry,elder,huge,slow,big,menacing
2899,flick,light,indirect,sudden,balanced,dry,elder,huge,steady,hushed,friendly
2900,flick,light,indirect,sudden,balanced,dry,elder,huge,steady,hushed,deadpan
2901,flick,light,indirect,sudden,balanced,dry,elder,huge,steady,hushed,menacing
2902,flick,light,indirect,sudden,balanced,dry,elder,huge,steady,medium,friendly
2903,flick,light,indirect,sudden,balanced,dry,elder,huge,steady,medium,deadpan
2904,flick,light,indirect,sudden,balanced,dry,elder,huge,steady,medium,menacing
2905,flick,light,indirect,sudden,balanced,dry,elder,huge,steady,big,friendly
2906,flick,light,indirect,sudden,balanced,dry,elder,huge,steady,big,deadpan
2907,flick,light,indirect,sudden,balanced,dry,elder,huge,steady,big,menacing
2908,flick,light,indirect,sudden,balanced,dry,elder,huge,rapid,hushed,friendly
2909,flick,light,indirect,sudden,balanced,dry,elder,huge,rapid,hushed,deadpan
2910,flick,light,indirect,sudden,balanced,dry,elder,huge,rapid,hushed,menacing
2911,flick,light,indirect,sudden,balanced,dry,elder,huge,rapid,medium,friendly
2912,flick,light,indirect,sudden,balanced,dry,elder,huge,rapid,medium,deadpan
2913,flick,light,indirect,sudden,balanced,dry,elder,huge,rapid,medium,menacing
2914,flick,light,indirect,sudden,balanced,dry,elder,huge,rapid,big,friendly
2915,flick,light,indirect,sudden,balanced,dry,elder,huge,rapid,big,deadpan
2916,flick,light,indirect,sudden,balanced,dry,elder,huge,rapid,big,menacing
2917,press,strong,direct,sustained,nasal,breathy,kid-ish,tiny,slow,hushed,friendly
2918,press,strong,direct,sustained,nasal,breathy,kid-ish,tiny,slow,hushed,deadpan
2919,press,strong,direct,sustained,nasal,breathy,kid-ish,tiny,slow,hushed,menacing
2920,press,strong,direct,sustained,nasal,breathy,kid-ish,tiny,slow,medium,friendly
2921,press,strong,direct,sustained,nasal,breathy,kid-ish,tiny,slow,medium,deadpan
2922,press,strong,direct,sustained,nasal,breathy,kid-ish,tiny,slow,medium,menacing
2923,press,strong,direct,sustained,nasal,breathy,kid-ish,tiny,slow,big,friendly
2924,press,strong,direct,sustained,nasal,breathy,kid-ish,tiny,slow,big,deadpan
2925,press,strong,direct,sustained,nasal,breathy,kid-ish,tiny,slow,big,menacing
2926,press,strong,direct,sustained,nasal,breathy,kid-ish,tiny,steady,hushed,friendly
2927,press,strong,direct,sustained,nasal,breathy,kid-ish,tiny,steady,hushed,deadpan
2928,press,strong,direct,sustained,nasal,breathy,kid-ish,tiny,steady,hushed,menacing
2929,press,strong,direct,sustained,nasal,breathy,kid-ish,tiny,steady,medium,friendly
2930,press,strong,direct,sustained,nasal,breathy,kid-ish,tiny,steady,medium,deadpan
2931,press,strong,direct,sustained,nasal,breathy,kid-ish,tiny,steady,medium,menacing
2932,press,strong,direct,sustained,nasal,breathy,kid-ish,tiny,steady,big,friendly
2933,press,strong,direct,sustained,nasal,breathy,kid-ish,tiny,steady,big,deadpan
2934,press,strong,direct,sustained,nasal,breathy,kid-ish,tiny,steady,big,menacing
2935,press,strong,direct,sustained,nasal,breathy,kid-ish,tiny,rapid,hushed,friendly
2936,press,strong,direct,sustained,nasal,breathy,kid-ish,tiny,rapid,hushed,deadpan
2937,press,strong,direct,sustained,nasal,breathy,kid-ish,tiny,rapid,hushed,menacing
2938,press,strong,direct,sustained,nasal,breathy,kid-ish,tiny,rapid,medium,friendly
2939,press,strong,direct,sustained,nasal,breathy,kid-ish,tiny,rapid,medium,deadpan
2940,press,strong,direct,sustained,nasal,breathy,kid-ish,tiny,rapid,medium,menacing
2941,press,strong,direct,sustained,nasal,breathy,kid-ish,tiny,rapid,big,friendly
2942,press,strong,direct,sustained,nasal,breathy,kid-ish,tiny,rapid,big,deadpan
2943,press,strong,direct,sustained,nasal,breathy,kid-ish,tiny,rapid,big,menacing
2944,press,strong,direct,sustained,nasal,breathy,kid-ish,medium,slow,hushed,friendly
2945,press,strong,direct,sustained,nasal,breathy,kid-ish,medium,slow,hushed,deadpan
2946,press,strong,direct,sustained,nasal,breathy,kid-ish,medium,slow,hushed,menacing
2947,press,strong,direct,sustained,nasal,breathy,kid-ish,medium,slow,medium,friendly
2948,press,strong,direct,sustained,nasal,breathy,kid-ish,medium,slow,medium,deadpan
2949,press,strong,direct,sustained,nasal,breathy,kid-ish,medium,slow,medium,menacing
2950,press,strong,direct,sustained,nasal,breathy,kid-ish,medium,slow,big,friendly
2951,press,strong,direct,sustained,nasal,breathy,kid-ish,medium,slow,big,deadpan
2952,press,strong,direct,sustained,nasal,breathy,kid-ish,medium,slow,big,menacing
2953,press,strong,direct,sustained,nasal,breathy,kid-ish,medium,steady,hushed,friendly
2954,press,strong,direct,sustained,nasal,breathy,kid-ish,medium,steady,hushed,deadpan
2955,press,strong,direct,sustained,nasal,breathy,kid-ish,medium,steady,hushed,menacing
2956,press,strong,direct,sustained,nasal,breathy,kid-ish,medium,steady,medium,friendly
2957,press,strong,direct,sustained,nasal,breathy,kid-ish,medium,steady,medium,deadpan
2958,press,strong,direct,sustained,nasal,breathy,kid-ish,medium,steady,medium,menacing
2959,press,strong,direct,sustained,nasal,breathy,kid-ish,medium,steady,big,friendly
2960,press,strong,direct,sustained,nasal,breathy,kid-ish,medium,steady,big,deadpan
2961,press,strong,direct,sustained,nasal,breathy,kid-ish,medium,steady,big,menacing
2962,press,strong,direct,sustained,nasal,breathy,kid-ish,medium,rapid,hushed,friendly
2963,press,strong,direct,sustained,nasal,breathy,kid-ish,medium,rapid,hushed,deadpan
2964,press,strong,direct,sustained,nasal,breathy,kid-ish,medium,rapid,hushed,menacing
2965,press,strong,direct,sustained,nasal,breathy,kid-ish,medium,rapid,medium,friendly
2966,press,strong,direct,sustained,nasal,breathy,kid-ish,medium,rapid,medium,deadpan
2967,press,strong,direct,sustained,nasal,breathy,kid-ish,medium,rapid,medium,menacing
2968,press,strong,direct,sustained,nasal,breathy,kid-ish,medium,rapid,big,friendly
2969,press,strong,direct,sustained,nasal,breathy,kid-ish,medium,rapid,big,deadpan
2970,press,strong,direct,sustained,nasal,breathy,kid-ish,medium,rapid,big,menacing
2971,press,strong,direct,sustained,nasal,breathy,kid-ish,huge,slow,hushed,friendly
2972,press,strong,direct,sustained,nasal,breathy,kid-ish,huge,slow,hushed,deadpan
2973,press,strong,direct,sustained,nasal,breathy,kid-ish,huge,slow,hushed,menacing
2974,press,strong,direct,sustained,nasal,breathy,kid-ish,huge,slow,medium,friendly
2975,press,strong,direct,sustained,nasal,breathy,kid-ish,huge,slow,medium,deadpan
2976,press,strong,direct,sustained,nasal,breathy,kid-ish,huge,slow,medium,menacing
2977,press,strong,direct,sustained,nasal,breathy,kid-ish,huge,slow,big,friendly
2978,press,strong,direct,sustained,nasal,breathy,kid-ish,huge,slow,big,deadpan
2979,press,strong,direct,sustained,nasal,breathy,kid-ish,huge,slow,big,menacing
2980,press,strong,direct,sustained,nasal,breathy,kid-ish,huge,steady,hushed,friendly
2981,press,strong,direct,sustained,nasal,breathy,kid-ish,huge,steady,hushed,deadpan
2982,press,strong,direct,sustained,nasal,breathy,kid-ish,huge,steady,hushed,menacing
2983,press,strong,direct,sustained,nasal,breathy,kid-ish,huge,steady,medium,friendly
2984,press,strong,direct,sustained,nasal,breathy,kid-ish,huge,steady,medium,deadpan
2985,press,strong,direct,sustained,nasal,breathy,kid-ish,huge,steady,medium,menacing
2986,press,strong,direct,sustained,nasal,breathy,kid-ish,huge,steady,big,friendly
2987,press,strong,direct,sustained,nasal,breathy,kid-ish,huge,steady,big,deadpan
2988,press,strong,direct,sustained,nasal,breathy,kid-ish,huge,steady,big,menacing
2989,press,strong,direct,sustained,nasal,breathy,kid-ish,huge,rapid,hushed,friendly
2990,press,strong,direct,sustained,nasal,breathy,kid-ish,huge,rapid,hushed,deadpan
2991,press,strong,direct,sustained,nasal,breathy,kid-ish,huge,rapid,hushed,menacing
2992,press,strong,direct,sustained,nasal,breathy,kid-ish,huge,rapid,medium,friendly
2993,press,strong,direct,sustained,nasal,breathy,kid-ish,huge,rapid,medium,deadpan
2994,press,strong,direct,sustained,nasal,breathy,kid-ish,huge,rapid,medium,menacing
2995,press,strong,direct,sustained,nasal,breathy,kid-ish,huge,rapid,big,friendly
2996,press,strong,direct,sustained,nasal,breathy,kid-ish,huge,rapid,big,deadpan
2997,press,strong,direct,sustained,nasal,breathy,kid-ish,huge,rapid,big,menacing
2998,press,strong,direct,sustained,nasal,breathy,adult,tiny,slow,hushed,friendly
2999,press,strong,direct,sustained,nasal,breathy,adult,tiny,slow,hushed,deadpan
3000,press,strong,direct,sustained,nasal,breathy,adult,tiny,slow,hushed,menacing
3001,press,strong,direct,sustained,nasal,breathy,adult,tiny,slow,medium,friendly
3002,press,strong,direct,sustained,nasal,breathy,adult,tiny,slow,medium,deadpan
3003,press,strong,direct,sustained,nasal,breathy,adult,tiny,slow,medium,menacing
3004,press,strong,direct,sustained,nasal,breathy,adult,tiny,slow,big,friendly
3005,press,strong,direct,sustained,nasal,breathy,adult,tiny,slow,big,deadpan
3006,press,strong,direct,sustained,nasal,breathy,adult,tiny,slow,big,menacing
3007,press,strong,direct,sustained,nasal,breathy,adult,tiny,steady,hushed,friendly
3008,press,strong,direct,sustained,nasal,breathy,adult,tiny,steady,hushed,deadpan
3009,press,strong,direct,sustained,nasal,breathy,adult,tiny,steady,hushed,menacing
3010,press,strong,direct,sustained,nasal,breathy,adult,tiny,steady,medium,friendly
3011,press,strong,direct,sustained,nasal,breathy,adult,tiny,steady,medium,deadpan
3012,press,strong,direct,sustained,nasal,breathy,adult,tiny,steady,medium,menacing
3013,press,strong,direct,sustained,nasal,breathy,adult,tiny,steady,big,friendly
3014,press,strong,direct,sustained,nasal,breathy,adult,tiny,steady,big,deadpan
3015,press,strong,direct,sustained,nasal,breathy,adult,tiny,steady,big,menacing
3016,press,strong,direct,sustained,nasal,breathy,adult,tiny,rapid,hushed,friendly
3017,press,strong,direct,sustained,nasal,breathy,adult,tiny,rapid,hushed,deadpan
3018,press,strong,direct,sustained,nasal,breathy,adult,tiny,rapid,hushed,menacing
3019,press,strong,direct,sustained,nasal,breathy,adult,tiny,rapid,medium,friendly
3020,press,strong,direct,sustained,nasal,breathy,adult,tiny,rapid,medium,deadpan
3021,press,strong,direct,sustained,nasal,breathy,adult,tiny,rapid,medium,menacing
3022,press,strong,direct,sustained,nasal,breathy,adult,tiny,rapid,big,friendly
3023,press,strong,direct,sustained,nasal,breathy,adult,tiny,rapid,big,deadpan
3024,press,strong,direct,sustained,nasal,breathy,adult,tiny,rapid,big,menacing
3025,press,strong,direct,sustained,nasal,breathy,adult,medium,slow,hushed,friendly
3026,press,strong,direct,sustained,nasal,breathy,adult,medium,slow,hushed,deadpan
3027,press,strong,direct,sustained,nasal,breathy,adult,medium,slow,hushed,menacing
3028,press,strong,direct,sustained,nasal,breathy,adult,medium,slow,medium,friendly
3029,press,strong,direct,sustained,nasal,breathy,adult,medium,slow,medium,deadpan
3030,press,strong,direct,sustained,nasal,breathy,adult,medium,slow,medium,menacing
3031,press,strong,direct,sustained,nasal,breathy,adult,medium,slow,big,friendly
3032,press,strong,direct,sustained,nasal,breathy,adult,medium,slow,big,deadpan
3033,press,strong,direct,sustained,nasal,breathy,adult,medium,slow,big,menacing
3034,press,strong,direct,sustained,nasal,breathy,adult,medium,steady,hushed,friendly
3035,press,strong,direct,sustained,nasal,breathy,adult,medium,steady,hushed,deadpan
3036,press,strong,direct,sustained,nasal,breathy,adult,medium,steady,hushed,menacing
3037,press,strong,direct,sustained,nasal,breathy,adult,medium,steady,medium,friendly
3038,press,strong,direct,sustained,nasal,breathy,adult,medium,steady,medium,deadpan
3039,press,strong,direct,sustained,nasal,breathy,adult,medium,steady,medium,menacing
3040,press,strong,direct,sustained,nasal,breathy,adult,medium,steady,big,friendly
3041,press,strong,direct,sustained,nasal,breathy,adult,medium,steady,big,deadpan
3042,press,strong,direct,sustained,nasal,breathy,adult,medium,steady,big,menacing
3043,press,strong,direct,sustained,nasal,breathy,adult,medium,rapid,hushed,friendly
3044,press,strong,direct,sustained,nasal,breathy,adult,medium,rapid,hushed,deadpan
3045,press,strong,direct,sustained,nasal,breathy,adult,medium,rapid,hushed,menacing
3046,press,strong,direct,sustained,nasal,breathy,adult,medium,rapid,medium,friendly
3047,press,strong,direct,sustained,nasal,breathy,adult,medium,rapid,medium,deadpan
3048,press,strong,direct,sustained,nasal,breathy,adult,medium,rapid,medium,menacing
3049,press,strong,direct,sustained,nasal,breathy,adult,medium,rapid,big,friendly
3050,press,strong,direct,sustained,nasal,breathy,adult,medium,rapid,big,deadpan
3051,press,strong,direct,sustained,nasal,breathy,adult,medium,rapid,big,menacing
3052,press,strong,direct,sustained,nasal,breathy,adult,huge,slow,hushed,friendly
3053,press,strong,direct,sustained,nasal,breathy,adult,huge,slow,hushed,deadpan
3054,press,strong,direct,sustained,nasal,breathy,adult,huge,slow,hushed,menacing
3055,press,strong,direct,sustained,nasal,breathy,adult,huge,slow,medium,friendly
3056,press,strong,direct,sustained,nasal,breathy,adult,huge,slow,medium,deadpan
3057,press,strong,direct,sustained,nasal,breathy,adult,huge,slow,medium,menacing
3058,press,strong,direct,sustained,nasal,breathy,adult,huge,slow,big,friendly
3059,press,strong,direct,sustained,nasal,breathy,adult,huge,slow,big,deadpan
3060,press,strong,direct,sustained,nasal,breathy,adult,huge,slow,big,menacing
3061,press,strong,direct,sustained,nasal,breathy,adult,huge,steady,hushed,friendly
3062,press,strong,direct,sustained,nasal,breathy,adult,huge,steady,hushed,deadpan
3063,press,strong,direct,sustained,nasal,breathy,adult,huge,steady,hushed,menacing
3064,press,strong,direct,sustained,nasal,breathy,adult,huge,steady,medium,friendly
3065,press,strong,direct,sustained,nasal,breathy,adult,huge,steady,medium,deadpan
3066,press,strong,direct,sustained,nasal,breathy,adult,huge,steady,medium,menacing
3067,press,strong,direct,sustained,nasal,breathy,adult,huge,steady,big,friendly
3068,press,strong,direct,sustained,nasal,breathy,adult,huge,steady,big,deadpan
3069,press,strong,direct,sustained,nasal,breathy,adult,huge,steady,big,menacing
3070,press,strong,direct,sustained,nasal,breathy,adult,huge,rapid,hushed,friendly
3071,press,strong,direct,sustained,nasal,breathy,adult,huge,rapid,hushed,deadpan
3072,press,strong,direct,sustained,nasal,breathy,adult,huge,rapid,hushed,menacing
3073,press,strong,direct,sustained,nasal,breathy,adult,huge,rapid,medium,friendly
3074,press,strong,direct,sustained,nasal,breathy,adult,huge,rapid,medium,deadpan
3075,press,strong,direct,sustained,nasal,breathy,adult,huge,rapid,medium,menacing
3076,press,strong,direct,sustained,nasal,breathy,adult,huge,rapid,big,friendly
3077,press,strong,direct,sustained,nasal,breathy,adult,huge,rapid,big,deadpan
3078,press,strong,direct,sustained,nasal,breathy,adult,huge,rapid,big,menacing
3079,press,strong,direct,sustained,nasal,breathy,elder,tiny,slow,hushed,friendly
3080,press,strong,direct,sustained,nasal,breathy,elder,tiny,slow,hushed,deadpan
3081,press,strong,direct,sustained,nasal,breathy,elder,tiny,slow,hushed,menacing
3082,press,strong,direct,sustained,nasal,breathy,elder,tiny,slow,medium,friendly
3083,press,strong,direct,sustained,nasal,breathy,elder,tiny,slow,medium,deadpan
3084,press,strong,direct,sustained,nasal,breathy,elder,tiny,slow,medium,menacing
3085,press,strong,direct,sustained,nasal,breathy,elder,tiny,slow,big,friendly
3086,press,strong,direct,sustained,nasal,breathy,elder,tiny,slow,big,deadpan
3087,press,strong,direct,sustained,nasal,breathy,elder,tiny,slow,big,menacing
3088,press,strong,direct,sustained,nasal,breathy,elder,tiny,steady,hushed,friendly
3089,press,strong,direct,sustained,nasal,breathy,elder,tiny,steady,hushed,deadpan
3090,press,strong,direct,sustained,nasal,breathy,elder,tiny,steady,hushed,menacing
3091,press,strong,direct,sustained,nasal,breathy,elder,tiny,steady,medium,friendly
3092,press,strong,direct,sustained,nasal,breathy,elder,tiny,steady,medium,deadpan
3093,press,strong,direct,sustained,nasal,breathy,elder,tiny,steady,medium,menacing
3094,press,strong,direct,sustained,nasal,breathy,elder,tiny,steady,big,friendly
3095,press,strong,direct,sustained,nasal,breathy,elder,tiny,steady,big,deadpan
3096,press,strong,direct,sustained,nasal,breathy,elder,tiny,steady,big,menacing
3097,press,strong,direct,sustained,nasal,breathy,elder,tiny,rapid,hushed,friendly
3098,press,strong,direct,sustained,nasal,breathy,elder,tiny,rapid,hushed,deadpan
3099,press,strong,direct,sustained,nasal,breathy,elder,tiny,rapid,hushed,menacing
3100,press,strong,direct,sustained,nasal,breathy,elder,tiny,rapid,medium,friendly
3101,press,strong,direct,sustained,nasal,breathy,elder,tiny,rapid,medium,deadpan
3102,press,strong,direct,sustained,nasal,breathy,elder,tiny,rapid,medium,menacing
3103,press,strong,direct,sustained,nasal,breathy,elder,tiny,rapid,big,friendly
3104,press,strong,direct,sustained,nasal,breathy,elder,tiny,rapid,big,deadpan
3105,press,strong,direct,sustained,nasal,breathy,elder,tiny,rapid,big,menacing
3106,press,strong,direct,sustained,nasal,breathy,elder,medium,slow,hushed,friendly
3107,press,strong,direct,sustained,nasal,breathy,elder,medium,slow,hushed,deadpan
3108,press,strong,direct,sustained,nasal,breathy,elder,medium,slow,hushed,menacing
3109,press,strong,direct,sustained,nasal,breathy,elder,medium,slow,medium,friendly
3110,press,strong,direct,sustained,nasal,breathy,elder,medium,slow,medium,deadpan
3111,press,strong,direct,sustained,nasal,breathy,elder,medium,slow,medium,menacing
3112,press,strong,direct,sustained,nasal,breathy,elder,medium,slow,big,friendly
3113,press,strong,direct,sustained,nasal,breathy,elder,medium,slow,big,deadpan
3114,press,strong,direct,sustained,nasal,breathy,elder,medium,slow,big,menacing
3115,press,strong,direct,sustained,nasal,breathy,elder,medium,steady,hushed,friendly
3116,press,strong,direct,sustained,nasal,breathy,elder,medium,steady,hushed,deadpan
3117,press,strong,direct,sustained,nasal,breathy,elder,medium,steady,hushed,menacing
3118,press,strong,direct,sustained,nasal,breathy,elder,medium,steady,medium,friendly
3119,press,strong,direct,sustained,nasal,breathy,elder,medium,steady,medium,deadpan
3120,press,strong,direct,sustained,nasal,breathy,elder,medium,steady,medium,menacing
3121,press,strong,direct,sustained,nasal,breathy,elder,medium,steady,big,friendly
3122,press,strong,direct,sustained,nasal,breathy,elder,medium,steady,big,deadpan
3123,press,strong,direct,sustained,nasal,breathy,elder,medium,steady,big,menacing
3124,press,strong,direct,sustained,nasal,breathy,elder,medium,rapid,hushed,friendly
3125,press,strong,direct,sustained,nasal,breathy,elder,medium,rapid,hushed,deadpan
3126,press,strong,direct,sustained,nasal,breathy,elder,medium,rapid,hushed,menacing
3127,press,strong,direct,sustained,nasal,breathy,elder,medium,rapid,medium,friendly
3128,press,strong,direct,sustained,nasal,breathy,elder,medium,rapid,medium,deadpan
3129,press,strong,direct,sustained,nasal,breathy,elder,medium,rapid,medium,menacing
3130,press,strong,direct,sustained,nasal,breathy,elder,medium,rapid,big,friendly
3131,press,strong,direct,sustained,nasal,breathy,elder,medium,rapid,big,deadpan
3132,press,strong,direct,sustained,nasal,breathy,elder,medium,rapid,big,menacing
3133,press,strong,direct,sustained,nasal,breathy,elder,huge,slow,hushed,friendly
3134,press,strong,direct,sustained,nasal,breathy,elder,huge,slow,hushed,deadpan
3135,press,strong,direct,sustained,nasal,breathy,elder,huge,slow,hushed,menacing
3136,press,strong,direct,sustained,nasal,breathy,elder,huge,slow,medium,friendly
3137,press,strong,direct,sustained,nasal,breathy,elder,huge,slow,medium,deadpan
3138,press,strong,direct,sustained,nasal,breathy,elder,huge,slow,medium,menacing
3139,press,strong,direct,sustained,nasal,breathy,elder,huge,slow,big,friendly
3140,press,strong,direct,sustained,nasal,breathy,elder,huge,slow,big,deadpan
3141,press,strong,direct,sustained,nasal,breathy,elder,huge,slow,big,menacing
3142,press,strong,direct,sustained,nasal,breathy,elder,huge,steady,hushed,friendly
3143,press,strong,direct,sustained,nasal,breathy,elder,huge,steady,hushed,deadpan
3144,press,strong,direct,sustained,nasal,breathy,elder,huge,steady,hushed,menacing
3145,press,strong,direct,sustained,nasal,breathy,elder,huge,steady,medium,friendly
3146,press,strong,direct,sustained,nasal,breathy,elder,huge,steady,medium,deadpan
3147,press,strong,direct,sustained,nasal,breathy,elder,huge,steady,medium,menacing
3148,press,strong,direct,sustained,nasal,breathy,elder,huge,steady,big,friendly
3149,press,strong,direct,sustained,nasal,breathy,elder,huge,steady,big,deadpan
3150,press,strong,direct,sustained,nasal,breathy,elder,huge,steady,big,menacing
3151,press,strong,direct,sustained,nasal,breathy,elder,huge,rapid,hushed,friendly
3152,press,strong,direct,sustained,nasal,breathy,elder,huge,rapid,hushed,deadpan
3153,press,strong,direct,sustained,nasal,breathy,elder,huge,rapid,hushed,menacing
3154,press,strong,direct,sustained,nasal,breathy,elder,huge,rapid,medium,friendly
3155,press,strong,direct,sustained,nasal,breathy,elder,huge,rapid,medium,deadpan
3156,press,strong,direct,sustained,nasal,breathy,elder,huge,rapid,medium,menacing
3157,press,strong,direct,sustained,nasal,breathy,elder,huge,rapid,big,friendly
3158,press,strong,direct,sustained,nasal,breathy,elder,huge,rapid,big,deadpan
3159,press,strong,direct,sustained,nasal,breathy,elder,huge,rapid,big,menacing
3160,press,strong,direct,sustained,nasal,dry,kid-ish,tiny,slow,hushed,friendly
3161,press,strong,direct,sustained,nasal,dry,kid-ish,tiny,slow,hushed,deadpan
3162,press,strong,direct,sustained,nasal,dry,kid-ish,tiny,slow,hushed,menacing
3163,press,strong,direct,sustained,nasal,dry,kid-ish,tiny,slow,medium,friendly
3164,press,strong,direct,sustained,nasal,dry,kid-ish,tiny,slow,medium,deadpan
3165,press,strong,direct,sustained,nasal,dry,kid-ish,tiny,slow,medium,menacing
3166,press,strong,direct,sustained,nasal,dry,kid-ish,tiny,slow,big,friendly
3167,press,strong,direct,sustained,nasal,dry,kid-ish,tiny,slow,big,deadpan
3168,press,strong,direct,sustained,nasal,dry,kid-ish,tiny,slow,big,menacing
3169,press,strong,direct,sustained,nasal,dry,kid-ish,tiny,steady,hushed,friendly
3170,press,strong,direct,sustained,nasal,dry,kid-ish,tiny,steady,hushed,deadpan
3171,press,strong,direct,sustained,nasal,dry,kid-ish,tiny,steady,hushed,menacing
3172,press,strong,direct,sustained,nasal,dry,kid-ish,tiny,steady,medium,friendly
3173,press,strong,direct,sustained,nasal,dry,kid-ish,tiny,steady,medium,deadpan
3174,press,strong,direct,sustained,nasal,dry,kid-ish,tiny,steady,medium,menacing
3175,press,strong,direct,sustained,nasal,dry,kid-ish,tiny,steady,big,friendly
3176,press,strong,direct,sustained,nasal,dry,kid-ish,tiny,steady,big,deadpan
3177,press,strong,direct,sustained,nasal,dry,kid-ish,tiny,steady,big,menacing
3178,press,strong,direct,sustained,nasal,dry,kid-ish,tiny,rapid,hushed,friendly
3179,press,strong,direct,sustained,nasal,dry,kid-ish,tiny,rapid,hushed,deadpan
3180,press,strong,direct,sustained,nasal,dry,kid-ish,tiny,rapid,hushed,menacing
3181,press,strong,direct,sustained,nasal,dry,kid-ish,tiny,rapid,medium,friendly
3182,press,strong,direct,sustained,nasal,dry,kid-ish,tiny,rapid,medium,deadpan
3183,press,strong,direct,sustained,nasal,dry,kid-ish,tiny,rapid,medium,menacing
3184,press,strong,direct,sustained,nasal,dry,kid-ish,tiny,rapid,big,friendly
3185,press,strong,direct,sustained,nasal,dry,kid-ish,tiny,rapid,big,deadpan
3186,press,strong,direct,sustained,nasal,dry,kid-ish,tiny,rapid,big,menacing
3187,press,strong,direct,sustained,nasal,dry,kid-ish,medium,slow,hushed,friendly
3188,press,strong,direct,sustained,nasal,dry,kid-ish,medium,slow,hushed,deadpan
3189,press,strong,direct,sustained,nasal,dry,kid-ish,medium,slow,hushed,menacing
3190,press,strong,direct,sustained,nasal,dry,kid-ish,medium,slow,medium,friendly
3191,press,strong,direct,sustained,nasal,dry,kid-ish,medium,slow,medium,deadpan
3192,press,strong,direct,sustained,nasal,dry,kid-ish,medium,slow,medium,menacing
3193,press,strong,direct,sustained,nasal,dry,kid-ish,medium,slow,big,friendly
3194,press,strong,direct,sustained,nasal,dry,kid-ish,medium,slow,big,deadpan
3195,press,strong,direct,sustained,nasal,dry,kid-ish,medium,slow,big,menacing
3196,press,strong,direct,sustained,nasal,dry,kid-ish,medium,steady,hushed,friendly
3197,press,strong,direct,sustained,nasal,dry,kid-ish,medium,steady,hushed,deadpan
3198,press,strong,direct,sustained,nasal,dry,kid-ish,medium,steady,hushed,menacing
3199,press,strong,direct,sustained,nasal,dry,kid-ish,medium,steady,medium,friendly
3200,press,strong,direct,sustained,nasal,dry,kid-ish,medium,steady,medium,deadpan
3201,press,strong,direct,sustained,nasal,dry,kid-ish,medium,steady,medium,menacing
3202,press,strong,direct,sustained,nasal,dry,kid-ish,medium,steady,big,friendly
3203,press,strong,direct,sustained,nasal,dry,kid-ish,medium,steady,big,deadpan
3204,press,strong,direct,sustained,nasal,dry,kid-ish,medium,steady,big,menacing
3205,press,strong,direct,sustained,nasal,dry,kid-ish,medium,rapid,hushed,friendly
3206,press,strong,direct,sustained,nasal,dry,kid-ish,medium,rapid,hushed,deadpan
3207,press,strong,direct,sustained,nasal,dry,kid-ish,medium,rapid,hushed,menacing
3208,press,strong,direct,sustained,nasal,dry,kid-ish,medium,rapid,medium,friendly
3209,press,strong,direct,sustained,nasal,dry,kid-ish,medium,rapid,medium,deadpan
3210,press,strong,direct,sustained,nasal,dry,kid-ish,medium,rapid,medium,menacing
3211,press,strong,direct,sustained,nasal,dry,kid-ish,medium,rapid,big,friendly
3212,press,strong,direct,sustained,nasal,dry,kid-ish,medium,rapid,big,deadpan
3213,press,strong,direct,sustained,nasal,dry,kid-ish,medium,rapid,big,menacing
3214,press,strong,direct,sustained,nasal,dry,kid-ish,huge,slow,hushed,friendly
3215,press,strong,direct,sustained,nasal,dry,kid-ish,huge,slow,hushed,deadpan
3216,press,strong,direct,sustained,nasal,dry,kid-ish,huge,slow,hushed,menacing
3217,press,strong,direct,sustained,nasal,dry,kid-ish,huge,slow,medium,friendly
3218,press,strong,direct,sustained,nasal,dry,kid-ish,huge,slow,medium,deadpan
3219,press,strong,direct,sustained,nasal,dry,kid-ish,huge,slow,medium,menacing
3220,press,strong,direct,sustained,nasal,dry,kid-ish,huge,slow,big,friendly
3221,press,strong,direct,sustained,nasal,dry,kid-ish,huge,slow,big,deadpan
3222,press,strong,direct,sustained,nasal,dry,kid-ish,huge,slow,big,menacing
3223,press,strong,direct,sustained,nasal,dry,kid-ish,huge,steady,hushed,friendly
3224,press,strong,direct,sustained,nasal,dry,kid-ish,huge,steady,hushed,deadpan
3225,press,strong,direct,sustained,nasal,dry,kid-ish,huge,steady,hushed,menacing
3226,press,strong,direct,sustained,nasal,dry,kid-ish,huge,steady,medium,friendly
3227,press,strong,direct,sustained,nasal,dry,kid-ish,huge,steady,medium,deadpan
3228,press,strong,direct,sustained,nasal,dry,kid-ish,huge,steady,medium,menacing
3229,press,strong,direct,sustained,nasal,dry,kid-ish,huge,steady,big,friendly
3230,press,strong,direct,sustained,nasal,dry,kid-ish,huge,steady,big,deadpan
3231,press,strong,direct,sustained,nasal,dry,kid-ish,huge,steady,big,menacing
3232,press,strong,direct,sustained,nasal,dry,kid-ish,huge,rapid,hushed,friendly
3233,press,strong,direct,sustained,nasal,dry,kid-ish,huge,rapid,hushed,deadpan
3234,press,strong,direct,sustained,nasal,dry,kid-ish,huge,rapid,hushed,menacing
3235,press,strong,direct,sustained,nasal,dry,kid-ish,huge,rapid,medium,friendly
3236,press,strong,direct,sustained,nasal,dry,kid-ish,huge,rapid,medium,deadpan
3237,press,strong,direct,sustained,nasal,dry,kid-ish,huge,rapid,medium,menacing
3238,press,strong,direct,sustained,nasal,dry,kid-ish,huge,rapid,big,friendly
3239,press,strong,direct,sustained,nasal,dry,kid-ish,huge,rapid,big,deadpan
3240,press,strong,direct,sustained,nasal,dry,kid-ish,huge,rapid,big,menacing
3241,press,strong,direct,sustained,nasal,dry,adult,tiny,slow,hushed,friendly
3242,press,strong,direct,sustained,nasal,dry,adult,tiny,slow,hushed,deadpan
3243,press,strong,direct,sustained,nasal,dry,adult,tiny,slow,hushed,menacing
3244,press,strong,direct,sustained,nasal,dry,adult,tiny,slow,medium,friendly
3245,press,strong,direct,sustained,nasal,dry,adult,tiny,slow,medium,deadpan
3246,press,strong,direct,sustained,nasal,dry,adult,tiny,slow,medium,menacing
3247,press,strong,direct,sustained,nasal,dry,adult,tiny,slow,big,friendly
3248,press,strong,direct,sustained,nasal,dry,adult,tiny,slow,big,deadpan
3249,press,strong,direct,sustained,nasal,dry,adult,tiny,slow,big,menacing
3250,press,strong,direct,sustained,nasal,dry,adult,tiny,steady,hushed,friendly
3251,press,strong,direct,sustained,nasal,dry,adult,tiny,steady,hushed,deadpan
3252,press,strong,direct,sustained,nasal,dry,adult,tiny,steady,hushed,menacing
3253,press,strong,direct,sustained,nasal,dry,adult,tiny,steady,medium,friendly
3254,press,strong,direct,sustained,nasal,dry,adult,tiny,steady,medium,deadpan
3255,press,strong,direct,sustained,nasal,dry,adult,tiny,steady,medium,menacing
3256,press,strong,direct,sustained,nasal,dry,adult,tiny,steady,big,friendly
3257,press,strong,direct,sustained,nasal,dry,adult,tiny,steady,big,deadpan
3258,press,strong,direct,sustained,nasal,dry,adult,tiny,steady,big,menacing
3259,press,strong,direct,sustained,nasal,dry,adult,tiny,rapid,hushed,friendly
3260,press,strong,direct,sustained,nasal,dry,adult,tiny,rapid,hushed,deadpan
3261,press,strong,direct,sustained,nasal,dry,adult,tiny,rapid,hushed,menacing
3262,press,strong,direct,sustained,nasal,dry,adult,tiny,rapid,medium,friendly
3263,press,strong,direct,sustained,nasal,dry,adult,tiny,rapid,medium,deadpan
3264,press,strong,direct,sustained,nasal,dry,adult,tiny,rapid,medium,menacing
3265,press,strong,direct,sustained,nasal,dry,adult,tiny,rapid,big,friendly
3266,press,strong,direct,sustained,nasal,dry,adult,tiny,rapid,big,deadpan
3267,press,strong,direct,sustained,nasal,dry,adult,tiny,rapid,big,menacing
3268,press,strong,direct,sustained,nasal,dry,adult,medium,slow,hushed,friendly
3269,press,strong,direct,sustained,nasal,dry,adult,medium,slow,hushed,deadpan
3270,press,strong,direct,sustained,nasal,dry,adult,medium,slow,hushed,menacing
3271,press,strong,direct,sustained,nasal,dry,adult,medium,slow,medium,friendly
3272,press,strong,direct,sustained,nasal,dry,adult,medium,slow,medium,deadpan
3273,press,strong,direct,sustained,nasal,dry,adult,medium,slow,medium,menacing
3274,press,strong,direct,sustained,nasal,dry,adult,medium,slow,big,friendly
3275,press,strong,direct,sustained,nasal,dry,adult,medium,slow,big,deadpan
3276,press,strong,direct,sustained,nasal,dry,adult,medium,slow,big,menacing
3277,press,strong,direct,sustained,nasal,dry,adult,medium,steady,hushed,friendly
3278,press,strong,direct,sustained,nasal,dry,adult,medium,steady,hushed,deadpan
3279,press,strong,direct,sustained,nasal,dry,adult,medium,steady,hushed,menacing
3280,press,strong,direct,sustained,nasal,dry,adult,medium,steady,medium,friendly
3281,press,strong,direct,sustained,nasal,dry,adult,medium,steady,medium,deadpan
3282,press,strong,direct,sustained,nasal,dry,adult,medium,steady,medium,menacing
3283,press,strong,direct,sustained,nasal,dry,adult,medium,steady,big,friendly
3284,press,strong,direct,sustained,nasal,dry,adult,medium,steady,big,deadpan
3285,press,strong,direct,sustained,nasal,dry,adult,medium,steady,big,menacing
3286,press,strong,direct,sustained,nasal,dry,adult,medium,rapid,hushed,friendly
3287,press,strong,direct,sustained,nasal,dry,adult,medium,rapid,hushed,deadpan
3288,press,strong,direct,sustained,nasal,dry,adult,medium,rapid,hushed,menacing
3289,press,strong,direct,sustained,nasal,dry,adult,medium,rapid,medium,friendly
3290,press,strong,direct,sustained,nasal,dry,adult,medium,rapid,medium,deadpan
3291,press,strong,direct,sustained,nasal,dry,adult,medium,rapid,medium,menacing
3292,press,strong,direct,sustained,nasal,dry,adult,medium,rapid,big,friendly
3293,press,strong,direct,sustained,nasal,dry,adult,medium,rapid,big,deadpan
3294,press,strong,direct,sustained,nasal,dry,adult,medium,rapid,big,menacing
3295,press,strong,direct,sustained,nasal,dry,adult,huge,slow,hushed,friendly
3296,press,strong,direct,sustained,nasal,dry,adult,huge,slow,hushed,deadpan
3297,press,strong,direct,sustained,nasal,dry,adult,huge,slow,hushed,menacing
3298,press,strong,direct,sustained,nasal,dry,adult,huge,slow,medium,friendly
3299,press,strong,direct,sustained,nasal,dry,adult,huge,slow,medium,deadpan
3300,press,strong,direct,sustained,nasal,dry,adult,huge,slow,medium,menacing
3301,press,strong,direct,sustained,nasal,dry,adult,huge,slow,big,friendly
3302,press,strong,direct,sustained,nasal,dry,adult,huge,slow,big,deadpan
3303,press,strong,direct,sustained,nasal,dry,adult,huge,slow,big,menacing
3304,press,strong,direct,sustained,nasal,dry,adult,huge,steady,hushed,friendly
3305,press,strong,direct,sustained,nasal,dry,adult,huge,steady,hushed,deadpan
3306,press,strong,direct,sustained,nasal,dry,adult,huge,steady,hushed,menacing
3307,press,strong,direct,sustained,nasal,dry,adult,huge,steady,medium,friendly
3308,press,strong,direct,sustained,nasal,dry,adult,huge,steady,medium,deadpan
3309,press,strong,direct,sustained,nasal,dry,adult,huge,steady,medium,menacing
3310,press,strong,direct,sustained,nasal,dry,adult,huge,steady,big,friendly
3311,press,strong,direct,sustained,nasal,dry,adult,huge,steady,big,deadpan
3312,press,strong,direct,sustained,nasal,dry,adult,huge,steady,big,menacing
3313,press,strong,direct,sustained,nasal,dry,adult,huge,rapid,hushed,friendly
3314,press,strong,direct,sustained,nasal,dry,adult,huge,rapid,hushed,deadpan
3315,press,strong,direct,sustained,nasal,dry,adult,huge,rapid,hushed,menacing
3316,press,strong,direct,sustained,nasal,dry,adult,huge,rapid,medium,friendly
3317,press,strong,direct,sustained,nasal,dry,adult,huge,rapid,medium,deadpan
3318,press,strong,direct,sustained,nasal,dry,adult,huge,rapid,medium,menacing
3319,press,strong,direct,sustained,nasal,dry,adult,huge,rapid,big,friendly
3320,press,strong,direct,sustained,nasal,dry,adult,huge,rapid,big,deadpan
3321,press,strong,direct,sustained,nasal,dry,adult,huge,rapid,big,menacing
3322,press,strong,direct,sustained,nasal,dry,elder,tiny,slow,hushed,friendly
3323,press,strong,direct,sustained,nasal,dry,elder,tiny,slow,hushed,deadpan
3324,press,strong,direct,sustained,nasal,dry,elder,tiny,slow,hushed,menacing
3325,press,strong,direct,sustained,nasal,dry,elder,tiny,slow,medium,friendly
3326,press,strong,direct,sustained,nasal,dry,elder,tiny,slow,medium,deadpan
3327,press,strong,direct,sustained,nasal,dry,elder,tiny,slow,medium,menacing
3328,press,strong,direct,sustained,nasal,dry,elder,tiny,slow,big,friendly
3329,press,strong,direct,sustained,nasal,dry,elder,tiny,slow,big,deadpan
3330,press,strong,direct,sustained,nasal,dry,elder,tiny,slow,big,menacing
3331,press,strong,direct,sustained,nasal,dry,elder,tiny,steady,hushed,friendly
3332,press,strong,direct,sustained,nasal,dry,elder,tiny,steady,hushed,deadpan
3333,press,strong,direct,sustained,nasal,dry,elder,tiny,steady,hushed,menacing
3334,press,strong,direct,sustained,nasal,dry,elder,tiny,steady,medium,friendly
3335,press,strong,direct,sustained,nasal,dry,elder,tiny,steady,medium,deadpan
3336,press,strong,direct,sustained,nasal,dry,elder,tiny,steady,medium,menacing
3337,press,strong,direct,sustained,nasal,dry,elder,tiny,steady,big,friendly
3338,press,strong,direct,sustained,nasal,dry,elder,tiny,steady,big,deadpan
3339,press,strong,direct,sustained,nasal,dry,elder,tiny,steady,big,menacing
3340,press,strong,direct,sustained,nasal,dry,elder,tiny,rapid,hushed,friendly
3341,press,strong,direct,sustained,nasal,dry,elder,tiny,rapid,hushed,deadpan
3342,press,strong,direct,sustained,nasal,dry,elder,tiny,rapid,hushed,menacing
3343,press,strong,direct,sustained,nasal,dry,elder,tiny,rapid,medium,friendly
3344,press,strong,direct,sustained,nasal,dry,elder,tiny,rapid,medium,deadpan
3345,press,strong,direct,sustained,nasal,dry,elder,tiny,rapid,medium,menacing
3346,press,strong,direct,sustained,nasal,dry,elder,tiny,rapid,big,friendly
3347,press,strong,direct,sustained,nasal,dry,elder,tiny,rapid,big,deadpan
3348,press,strong,direct,sustained,nasal,dry,elder,tiny,rapid,big,menacing
3349,press,strong,direct,sustained,nasal,dry,elder,medium,slow,hushed,friendly
3350,press,strong,direct,sustained,nasal,dry,elder,medium,slow,hushed,deadpan
3351,press,strong,direct,sustained,nasal,dry,elder,medium,slow,hushed,menacing
3352,press,strong,direct,sustained,nasal,dry,elder,medium,slow,medium,friendly
3353,press,strong,direct,sustained,nasal,dry,elder,medium,slow,medium,deadpan
3354,press,strong,direct,sustained,nasal,dry,elder,medium,slow,medium,menacing
3355,press,strong,direct,sustained,nasal,dry,elder,medium,slow,big,friendly
3356,press,strong,direct,sustained,nasal,dry,elder,medium,slow,big,deadpan
3357,press,strong,direct,sustained,nasal,dry,elder,medium,slow,big,menacing
3358,press,strong,direct,sustained,nasal,dry,elder,medium,steady,hushed,friendly
3359,press,strong,direct,sustained,nasal,dry,elder,medium,steady,hushed,deadpan
3360,press,strong,direct,sustained,nasal,dry,elder,medium,steady,hushed,menacing
3361,press,strong,direct,sustained,nasal,dry,elder,medium,steady,medium,friendly
3362,press,strong,direct,sustained,nasal,dry,elder,medium,steady,medium,deadpan
3363,press,strong,direct,sustained,nasal,dry,elder,medium,steady,medium,menacing
3364,press,strong,direct,sustained,nasal,dry,elder,medium,steady,big,friendly
3365,press,strong,direct,sustained,nasal,dry,elder,medium,steady,big,deadpan
3366,press,strong,direct,sustained,nasal,dry,elder,medium,steady,big,menacing
3367,press,strong,direct,sustained,nasal,dry,elder,medium,rapid,hushed,friendly
3368,press,strong,direct,sustained,nasal,dry,elder,medium,rapid,hushed,deadpan
3369,press,strong,direct,sustained,nasal,dry,elder,medium,rapid,hushed,menacing
3370,press,strong,direct,sustained,nasal,dry,elder,medium,rapid,medium,friendly
3371,press,strong,direct,sustained,nasal,dry,elder,medium,rapid,medium,deadpan
3372,press,strong,direct,sustained,nasal,dry,elder,medium,rapid,medium,menacing
3373,press,strong,direct,sustained,nasal,dry,elder,medium,rapid,big,friendly
3374,press,strong,direct,sustained,nasal,dry,elder,medium,rapid,big,deadpan
3375,press,strong,direct,sustained,nasal,dry,elder,medium,rapid,big,menacing
3376,press,strong,direct,sustained,nasal,dry,elder,huge,slow,hushed,friendly
3377,press,strong,direct,sustained,nasal,dry,elder,huge,slow,hushed,deadpan
3378,press,strong,direct,sustained,nasal,dry,elder,huge,slow,hushed,menacing
3379,press,strong,direct,sustained,nasal,dry,elder,huge,slow,medium,friendly
3380,press,strong,direct,sustained,nasal,dry,elder,huge,slow,medium,deadpan
3381,press,strong,direct,sustained,nasal,dry,elder,huge,slow,medium,menacing
3382,press,strong,direct,sustained,nasal,dry,elder,huge,slow,big,friendly
3383,press,strong,direct,sustained,nasal,dry,elder,huge,slow,big,deadpan
3384,press,strong,direct,sustained,nasal,dry,elder,huge,slow,big,menacing
3385,press,strong,direct,sustained,nasal,dry,elder,huge,steady,hushed,friendly
3386,press,strong,direct,sustained,nasal,dry,elder,huge,steady,hushed,deadpan
3387,press,strong,direct,sustained,nasal,dry,elder,huge,steady,hushed,menacing
3388,press,strong,direct,sustained,nasal,dry,elder,huge,steady,medium,friendly
3389,press,strong,direct,sustained,nasal,dry,elder,huge,steady,medium,deadpan
3390,press,strong,direct,sustained,nasal,dry,elder,huge,steady,medium,menacing
3391,press,strong,direct,sustained,nasal,dry,elder,huge,steady,big,friendly
3392,press,strong,direct,sustained,nasal,dry,elder,huge,steady,big,deadpan
3393,press,strong,direct,sustained,nasal,dry,elder,huge,steady,big,menacing
3394,press,strong,direct,sustained,nasal,dry,elder,huge,rapid,hushed,friendly
3395,press,strong,direct,sustained,nasal,dry,elder,huge,rapid,hushed,deadpan
3396,press,strong,direct,sustained,nasal,dry,elder,huge,rapid,hushed,menacing
3397,press,strong,direct,sustained,nasal,dry,elder,huge,rapid,medium,friendly
3398,press,strong,direct,sustained,nasal,dry,elder,huge,rapid,medium,deadpan
3399,press,strong,direct,sustained,nasal,dry,elder,huge,rapid,medium,menacing
3400,press,strong,direct,sustained,nasal,dry,elder,huge,rapid,big,friendly
3401,press,strong,direct,sustained,nasal,dry,elder,huge,rapid,big,deadpan
3402,press,strong,direct,sustained,nasal,dry,elder,huge,rapid,big,menacing
3403,press,strong,direct,sustained,throaty,breathy,kid-ish,tiny,slow,hushed,friendly
3404,press,strong,direct,sustained,throaty,breathy,kid-ish,tiny,slow,hushed,deadpan
3405,press,strong,direct,sustained,throaty,breathy,kid-ish,tiny,slow,hushed,menacing
3406,press,strong,direct,sustained,throaty,breathy,kid-ish,tiny,slow,medium,friendly
3407,press,strong,direct,sustained,throaty,breathy,kid-ish,tiny,slow,medium,deadpan
3408,press,strong,direct,sustained,throaty,breathy,kid-ish,tiny,slow,medium,menacing
3409,press,strong,direct,sustained,throaty,breathy,kid-ish,tiny,slow,big,friendly
3410,press,strong,direct,sustained,throaty,breathy,kid-ish,tiny,slow,big,deadpan
3411,press,strong,direct,sustained,throaty,breathy,kid-ish,tiny,slow,big,menacing
3412,press,strong,direct,sustained,throaty,breathy,kid-ish,tiny,steady,hushed,friendly
3413,press,strong,direct,sustained,throaty,breathy,kid-ish,tiny,steady,hushed,deadpan
3414,press,strong,direct,sustained,throaty,breathy,kid-ish,tiny,steady,hushed,menacing
3415,press,strong,direct,sustained,throaty,breathy,kid-ish,tiny,steady,medium,friendly
3416,press,strong,direct,sustained,throaty,breathy,kid-ish,tiny,steady,medium,deadpan
3417,press,strong,direct,sustained,throaty,breathy,kid-ish,tiny,steady,medium,menacing
3418,press,strong,direct,sustained,throaty,breathy,kid-ish,tiny,steady,big,friendly
3419,press,strong,direct,sustained,throaty,breathy,kid-ish,tiny,steady,big,deadpan
3420,press,strong,direct,sustained,throaty,breathy,kid-ish,tiny,steady,big,menacing
3421,press,strong,direct,sustained,throaty,breathy,kid-ish,tiny,rapid,hushed,friendly
3422,press,strong,direct,sustained,throaty,breathy,kid-ish,tiny,rapid,hushed,deadpan
3423,press,strong,direct,sustained,throaty,breathy,kid-ish,tiny,rapid,hushed,menacing
3424,press,strong,direct,sustained,throaty,breathy,kid-ish,tiny,rapid,medium,friendly
3425,press,strong,direct,sustained,throaty,breathy,kid-ish,tiny,rapid,medium,deadpan
3426,press,strong,direct,sustained,throaty,breathy,kid-ish,tiny,rapid,medium,menacing
3427,press,strong,direct,sustained,throaty,breathy,kid-ish,tiny,rapid,big,friendly
3428,press,strong,direct,sustained,throaty,breathy,kid-ish,tiny,rapid,big,deadpan
3429,press,strong,direct,sustained,throaty,breathy,kid-ish,tiny,rapid,big,menacing
3430,press,strong,direct,sustained,throaty,breathy,kid-ish,medium,slow,hushed,friendly
3431,press,strong,direct,sustained,throaty,breathy,kid-ish,medium,slow,hushed,deadpan
3432,press,strong,direct,sustained,throaty,breathy,kid-ish,medium,slow,hushed,menacing
3433,press,strong,direct,sustained,throaty,breathy,kid-ish,medium,slow,medium,friendly
3434,press,strong,direct,sustained,throaty,breathy,kid-ish,medium,slow,medium,deadpan
3435,press,strong,direct,sustained,throaty,breathy,kid-ish,medium,slow,medium,menacing
3436,press,strong,direct,sustained,throaty,breathy,kid-ish,medium,slow,big,friendly
3437,press,strong,direct,sustained,throaty,breathy,kid-ish,medium,slow,big,deadpan
3438,press,strong,direct,sustained,throaty,breathy,kid-ish,medium,slow,big,menacing
3439,press,strong,direct,sustained,throaty,breathy,kid-ish,medium,steady,hushed,friendly
3440,press,strong,direct,sustained,throaty,breathy,kid-ish,medium,steady,hushed,deadpan
3441,press,strong,direct,sustained,throaty,breathy,kid-ish,medium,steady,hushed,menacing
3442,press,strong,direct,sustained,throaty,breathy,kid-ish,medium,steady,medium,friendly
3443,press,strong,direct,sustained,throaty,breathy,kid-ish,medium,steady,medium,deadpan
3444,press,strong,direct,sustained,throaty,breathy,kid-ish,medium,steady,medium,menacing
3445,press,strong,direct,sustained,throaty,breathy,kid-ish,medium,steady,big,friendly
3446,press,strong,direct,sustained,throaty,breathy,kid-ish,medium,steady,big,deadpan
3447,press,strong,direct,sustained,throaty,breathy,kid-ish,medium,steady,big,menacing
3448,press,strong,direct,sustained,throaty,breathy,kid-ish,medium,rapid,hushed,friendly
3449,press,strong,direct,sustained,throaty,breathy,kid-ish,medium,rapid,hushed,deadpan
3450,press,strong,direct,sustained,throaty,breathy,kid-ish,medium,rapid,hushed,menacing
3451,press,strong,direct,sustained,throaty,breathy,kid-ish,medium,rapid,medium,friendly
3452,press,strong,direct,sustained,throaty,breathy,kid-ish,medium,rapid,medium,deadpan
3453,press,strong,direct,sustained,throaty,breathy,kid-ish,medium,rapid,medium,menacing
3454,press,strong,direct,sustained,throaty,breathy,kid-ish,medium,rapid,big,friendly
3455,press,strong,direct,sustained,throaty,breathy,kid-ish,medium,rapid,big,deadpan
3456,press,strong,direct,sustained,throaty,breathy,kid-ish,medium,rapid,big,menacing
3457,press,strong,direct,sustained,throaty,breathy,kid-ish,huge,slow,hushed,friendly
3458,press,strong,direct,sustained,throaty,breathy,kid-ish,huge,slow,hushed,deadpan
3459,press,strong,direct,sustained,throaty,breathy,kid-ish,huge,slow,hushed,menacing
3460,press,strong,direct,sustained,throaty,breathy,kid-ish,huge,slow,medium,friendly
3461,press,strong,direct,sustained,throaty,breathy,kid-ish,huge,slow,medium,deadpan
3462,press,strong,direct,sustained,throaty,breathy,kid-ish,huge,slow,medium,menacing
3463,press,strong,direct,sustained,throaty,breathy,kid-ish,huge,slow,big,friendly
3464,press,strong,direct,sustained,throaty,breathy,kid-ish,huge,slow,big,deadpan
3465,press,strong,direct,sustained,throaty,breathy,kid-ish,huge,slow,big,menacing
3466,press,strong,direct,sustained,throaty,breathy,kid-ish,huge,steady,hushed,friendly
3467,press,strong,direct,sustained,throaty,breathy,kid-ish,huge,steady,hushed,deadpan
3468,press,strong,direct,sustained,throaty,breathy,kid-ish,huge,steady,hushed,menacing
3469,press,strong,direct,sustained,throaty,breathy,kid-ish,huge,steady,medium,friendly
3470,press,strong,direct,sustained,throaty,breathy,kid-ish,huge,steady,medium,deadpan
3471,press,strong,direct,sustained,throaty,breathy,kid-ish,huge,steady,medium,menacing
3472,press,strong,direct,sustained,throaty,breathy,kid-ish,huge,steady,big,friendly
3473,press,strong,direct,sustained,throaty,breathy,kid-ish,huge,steady,big,deadpan
3474,press,strong,direct,sustained,throaty,breathy,kid-ish,huge,steady,big,menacing
3475,press,strong,direct,sustained,throaty,breathy,kid-ish,huge,rapid,hushed,friendly
3476,press,strong,direct,sustained,throaty,breathy,kid-ish,huge,rapid,hushed,deadpan
3477,press,strong,direct,sustained,throaty,breathy,kid-ish,huge,rapid,hushed,menacing
3478,press,strong,direct,sustained,throaty,breathy,kid-ish,huge,rapid,medium,friendly
3479,press,strong,direct,sustained,throaty,breathy,kid-ish,huge,rapid,medium,deadpan
3480,press,strong,direct,sustained,throaty,breathy,kid-ish,huge,rapid,medium,menacing
3481,press,strong,direct,sustained,throaty,breathy,kid-ish,huge,rapid,big,friendly
3482,press,strong,direct,sustained,throaty,breathy,kid-ish,huge,rapid,big,deadpan
3483,press,strong,direct,sustained,throaty,breathy,kid-ish,huge,rapid,big,menacing
3484,press,strong,direct,sustained,throaty,breathy,adult,tiny,slow,hushed,friendly
3485,press,strong,direct,sustained,throaty,breathy,adult,tiny,slow,hushed,deadpan
3486,press,strong,direct,sustained,throaty,breathy,adult,tiny,slow,hushed,menacing
3487,press,strong,direct,sustained,throaty,breathy,adult,tiny,slow,medium,friendly
3488,press,strong,direct,sustained,throaty,breathy,adult,tiny,slow,medium,deadpan
3489,press,strong,direct,sustained,throaty,breathy,adult,tiny,slow,medium,menacing
3490,press,strong,direct,sustained,throaty,breathy,adult,tiny,slow,big,friendly
3491,press,strong,direct,sustained,throaty,breathy,adult,tiny,slow,big,deadpan
3492,press,strong,direct,sustained,throaty,breathy,adult,tiny,slow,big,menacing
3493,press,strong,direct,sustained,throaty,breathy,adult,tiny,steady,hushed,friendly
3494,press,strong,direct,sustained,throaty,breathy,adult,tiny,steady,hushed,deadpan
3495,press,strong,direct,sustained,throaty,breathy,adult,tiny,steady,hushed,menacing
3496,press,strong,direct,sustained,throaty,breathy,adult,tiny,steady,medium,friendly
3497,press,strong,direct,sustained,throaty,breathy,adult,tiny,steady,medium,deadpan
3498,press,strong,direct,sustained,throaty,breathy,adult,tiny,steady,medium,menacing
3499,press,strong,direct,sustained,throaty,breathy,adult,tiny,steady,big,friendly
3500,press,strong,direct,sustained,throaty,breathy,adult,tiny,steady,big,deadpan
3501,press,strong,direct,sustained,throaty,breathy,adult,tiny,steady,big,menacing
3502,press,strong,direct,sustained,throaty,breathy,adult,tiny,rapid,hushed,friendly
3503,press,strong,direct,sustained,throaty,breathy,adult,tiny,rapid,hushed,deadpan
3504,press,strong,direct,sustained,throaty,breathy,adult,tiny,rapid,hushed,menacing
3505,press,strong,direct,sustained,throaty,breathy,adult,tiny,rapid,medium,friendly
3506,press,strong,direct,sustained,throaty,breathy,adult,tiny,rapid,medium,deadpan
3507,press,strong,direct,sustained,throaty,breathy,adult,tiny,rapid,medium,menacing
3508,press,strong,direct,sustained,throaty,breathy,adult,tiny,rapid,big,friendly
3509,press,strong,direct,sustained,throaty,breathy,adult,tiny,rapid,big,deadpan
3510,press,strong,direct,sustained,throaty,breathy,adult,tiny,rapid,big,menacing
3511,press,strong,direct,sustained,throaty,breathy,adult,medium,slow,hushed,friendly
3512,press,strong,direct,sustained,throaty,breathy,adult,medium,slow,hushed,deadpan
3513,press,strong,direct,sustained,throaty,breathy,adult,medium,slow,hushed,menacing
3514,press,strong,direct,sustained,throaty,breathy,adult,medium,slow,medium,friendly
3515,press,strong,direct,sustained,throaty,breathy,adult,medium,slow,medium,deadpan
3516,press,strong,direct,sustained,throaty,breathy,adult,medium,slow,medium,menacing
3517,press,strong,direct,sustained,throaty,breathy,adult,medium,slow,big,friendly
3518,press,strong,direct,sustained,throaty,breathy,adult,medium,slow,big,deadpan
3519,press,strong,direct,sustained,throaty,breathy,adult,medium,slow,big,menacing
3520,press,strong,direct,sustained,throaty,breathy,adult,medium,steady,hushed,friendly
3521,press,strong,direct,sustained,throaty,breathy,adult,medium,steady,hushed,deadpan
3522,press,strong,direct,sustained,throaty,breathy,adult,medium,steady,hushed,menacing
3523,press,strong,direct,sustained,throaty,breathy,adult,medium,steady,medium,friendly
3524,press,strong,direct,sustained,throaty,breathy,adult,medium,steady,medium,deadpan
3525,press,strong,direct,sustained,throaty,breathy,adult,medium,steady,medium,menacing
3526,press,strong,direct,sustained,throaty,breathy,adult,medium,steady,big,friendly
3527,press,strong,direct,sustained,throaty,breathy,adult,medium,steady,big,deadpan
3528,press,strong,direct,sustained,throaty,breathy,adult,medium,steady,big,menacing
3529,press,strong,direct,sustained,throaty,breathy,adult,medium,rapid,hushed,friendly
3530,press,strong,direct,sustained,throaty,breathy,adult,medium,rapid,hushed,deadpan
3531,press,strong,direct,sustained,throaty,breathy,adult,medium,rapid,hushed,menacing
3532,press,strong,direct,sustained,throaty,breathy,adult,medium,rapid,medium,friendly
3533,press,strong,direct,sustained,throaty,breathy,adult,medium,rapid,medium,deadpan
3534,press,strong,direct,sustained,throaty,breathy,adult,medium,rapid,medium,menacing
3535,press,strong,direct,sustained,throaty,breathy,adult,medium,rapid,big,friendly
3536,press,strong,direct,sustained,throaty,breathy,adult,medium,rapid,big,deadpan
3537,press,strong,direct,sustained,throaty,breathy,adult,medium,rapid,big,menacing
3538,press,strong,direct,sustained,throaty,breathy,adult,huge,slow,hushed,friendly
3539,press,strong,direct,sustained,throaty,breathy,adult,huge,slow,hushed,deadpan
3540,press,strong,direct,sustained,throaty,breathy,adult,huge,slow,hushed,menacing
3541,press,strong,direct,sustained,throaty,breathy,adult,huge,slow,medium,friendly
3542,press,strong,direct,sustained,throaty,breathy,adult,huge,slow,medium,deadpan
3543,press,strong,direct,sustained,throaty,breathy,adult,huge,slow,medium,menacing
3544,press,strong,direct,sustained,throaty,breathy,adult,huge,slow,big,friendly
3545,press,strong,direct,sustained,throaty,breathy,adult,huge,slow,big,deadpan
3546,press,strong,direct,sustained,throaty,breathy,adult,huge,slow,big,menacing
3547,press,strong,direct,sustained,throaty,breathy,adult,huge,steady,hushed,friendly
3548,press,strong,direct,sustained,throaty,breathy,adult,huge,steady,hushed,deadpan
3549,press,strong,direct,sustained,throaty,breathy,adult,huge,steady,hushed,menacing
3550,press,strong,direct,sustained,throaty,breathy,adult,huge,steady,medium,friendly
3551,press,strong,direct,sustained,throaty,breathy,adult,huge,steady,medium,deadpan
3552,press,strong,direct,sustained,throaty,breathy,adult,huge,steady,medium,menacing
3553,press,strong,direct,sustained,throaty,breathy,adult,huge,steady,big,friendly
3554,press,strong,direct,sustained,throaty,breathy,adult,huge,steady,big,deadpan
3555,press,strong,direct,sustained,throaty,breathy,adult,huge,steady,big,menacing
3556,press,strong,direct,sustained,throaty,breathy,adult,huge,rapid,hushed,friendly
3557,press,strong,direct,sustained,throaty,breathy,adult,huge,rapid,hushed,deadpan
3558,press,strong,direct,sustained,throaty,breathy,adult,huge,rapid,hushed,menacing
3559,press,strong,direct,sustained,throaty,breathy,adult,huge,rapid,medium,friendly
3560,press,strong,direct,sustained,throaty,breathy,adult,huge,rapid,medium,deadpan
3561,press,strong,direct,sustained,throaty,breathy,adult,huge,rapid,medium,menacing
3562,press,strong,direct,sustained,throaty,breathy,adult,huge,rapid,big,friendly
3563,press,strong,direct,sustained,throaty,breathy,adult,huge,rapid,big,deadpan
3564,press,strong,direct,sustained,throaty,breathy,adult,huge,rapid,big,menacing
3565,press,strong,direct,sustained,throaty,breathy,elder,tiny,slow,hushed,friendly
3566,press,strong,direct,sustained,throaty,breathy,elder,tiny,slow,hushed,deadpan
3567,press,strong,direct,sustained,throaty,breathy,elder,tiny,slow,hushed,menacing
3568,press,strong,direct,sustained,throaty,breathy,elder,tiny,slow,medium,friendly
3569,press,strong,direct,sustained,throaty,breathy,elder,tiny,slow,medium,deadpan
3570,press,strong,direct,sustained,throaty,breathy,elder,tiny,slow,medium,menacing
3571,press,strong,direct,sustained,throaty,breathy,elder,tiny,slow,big,friendly
3572,press,strong,direct,sustained,throaty,breathy,elder,tiny,slow,big,deadpan
3573,press,strong,direct,sustained,throaty,breathy,elder,tiny,slow,big,menacing
3574,press,strong,direct,sustained,throaty,breathy,elder,tiny,steady,hushed,friendly
3575,press,strong,direct,sustained,throaty,breathy,elder,tiny,steady,hushed,deadpan
3576,press,strong,direct,sustained,throaty,breathy,elder,tiny,steady,hushed,menacing
3577,press,strong,direct,sustained,throaty,breathy,elder,tiny,steady,medium,friendly
3578,press,strong,direct,sustained,throaty,breathy,elder,tiny,steady,medium,deadpan
3579,press,strong,direct,sustained,throaty,breathy,elder,tiny,steady,medium,menacing
3580,press,strong,direct,sustained,throaty,breathy,elder,tiny,steady,big,friendly
3581,press,strong,direct,sustained,throaty,breathy,elder,tiny,steady,big,deadpan
3582,press,strong,direct,sustained,throaty,breathy,elder,tiny,steady,big,menacing
3583,press,strong,direct,sustained,throaty,breathy,elder,tiny,rapid,hushed,friendly
3584,press,strong,direct,sustained,throaty,breathy,elder,tiny,rapid,hushed,deadpan
3585,press,strong,direct,sustained,throaty,breathy,elder,tiny,rapid,hushed,menacing
3586,press,strong,direct,sustained,throaty,breathy,elder,tiny,rapid,medium,friendly
3587,press,strong,direct,sustained,throaty,breathy,elder,tiny,rapid,medium,deadpan
3588,press,strong,direct,sustained,throaty,breathy,elder,tiny,rapid,medium,menacing
3589,press,strong,direct,sustained,throaty,breathy,elder,tiny,rapid,big,friendly
3590,press,strong,direct,sustained,throaty,breathy,elder,tiny,rapid,big,deadpan
3591,press,strong,direct,sustained,throaty,breathy,elder,tiny,rapid,big,menacing
3592,press,strong,direct,sustained,throaty,breathy,elder,medium,slow,hushed,friendly
3593,press,strong,direct,sustained,throaty,breathy,elder,medium,slow,hushed,deadpan
3594,press,strong,direct,sustained,throaty,breathy,elder,medium,slow,hushed,menacing
3595,press,strong,direct,sustained,throaty,breathy,elder,medium,slow,medium,friendly
3596,press,strong,direct,sustained,throaty,breathy,elder,medium,slow,medium,deadpan
3597,press,strong,direct,sustained,throaty,breathy,elder,medium,slow,medium,menacing
3598,press,strong,direct,sustained,throaty,breathy,elder,medium,slow,big,friendly
3599,press,strong,direct,sustained,throaty,breathy,elder,medium,slow,big,deadpan
3600,press,strong,direct,sustained,throaty,breathy,elder,medium,slow,big,menacing
3601,press,strong,direct,sustained,throaty,breathy,elder,medium,steady,hushed,friendly
3602,press,strong,direct,sustained,throaty,breathy,elder,medium,steady,hushed,deadpan
3603,press,strong,direct,sustained,throaty,breathy,elder,medium,steady,hushed,menacing
3604,press,strong,direct,sustained,throaty,breathy,elder,medium,steady,medium,friendly
3605,press,strong,direct,sustained,throaty,breathy,elder,medium,steady,medium,deadpan
3606,press,strong,direct,sustained,throaty,breathy,elder,medium,steady,medium,menacing
3607,press,strong,direct,sustained,throaty,breathy,elder,medium,steady,big,friendly
3608,press,strong,direct,sustained,throaty,breathy,elder,medium,steady,big,deadpan
3609,press,strong,direct,sustained,throaty,breathy,elder,medium,steady,big,menacing
3610,press,strong,direct,sustained,throaty,breathy,elder,medium,rapid,hushed,friendly
3611,press,strong,direct,sustained,throaty,breathy,elder,medium,rapid,hushed,deadpan
3612,press,strong,direct,sustained,throaty,breathy,elder,medium,rapid,hushed,menacing
3613,press,strong,direct,sustained,throaty,breathy,elder,medium,rapid,medium,friendly
3614,press,strong,direct,sustained,throaty,breathy,elder,medium,rapid,medium,deadpan
3615,press,strong,direct,sustained,throaty,breathy,elder,medium,rapid,medium,menacing
3616,press,strong,direct,sustained,throaty,breathy,elder,medium,rapid,big,friendly
3617,press,strong,direct,sustained,throaty,breathy,elder,medium,rapid,big,deadpan
3618,press,strong,direct,sustained,throaty,breathy,elder,medium,rapid,big,menacing
3619,press,strong,direct,sustained,throaty,breathy,elder,huge,slow,hushed,friendly
3620,press,strong,direct,sustained,throaty,breathy,elder,huge,slow,hushed,deadpan
3621,press,strong,direct,sustained,throaty,breathy,elder,huge,slow,hushed,menacing
3622,press,strong,direct,sustained,throaty,breathy,elder,huge,slow,medium,friendly
3623,press,strong,direct,sustained,throaty,breathy,elder,huge,slow,medium,deadpan
3624,press,strong,direct,sustained,throaty,breathy,elder,huge,slow,medium,menacing
3625,press,strong,direct,sustained,throaty,breathy,elder,huge,slow,big,friendly
3626,press,strong,direct,sustained,throaty,breathy,elder,huge,slow,big,deadpan
3627,press,strong,direct,sustained,throaty,breathy,elder,huge,slow,big,menacing
3628,press,strong,direct,sustained,throaty,breathy,elder,huge,steady,hushed,friendly
3629,press,strong,direct,sustained,throaty,breathy,elder,huge,steady,hushed,deadpan
3630,press,strong,direct,sustained,throaty,breathy,elder,huge,steady,hushed,menacing
3631,press,strong,direct,sustained,throaty,breathy,elder,huge,steady,medium,friendly
3632,press,strong,direct,sustained,throaty,breathy,elder,huge,steady,medium,deadpan
3633,press,strong,direct,sustained,throaty,breathy,elder,huge,steady,medium,menacing
3634,press,strong,direct,sustained,throaty,breathy,elder,huge,steady,big,friendly
3635,press,strong,direct,sustained,throaty,breathy,elder,huge,steady,big,deadpan
3636,press,strong,direct,sustained,throaty,breathy,elder,huge,steady,big,menacing
3637,press,strong,direct,sustained,throaty,breathy,elder,huge,rapid,hushed,friendly
3638,press,strong,direct,sustained,throaty,breathy,elder,huge,rapid,hushed,deadpan
3639,press,strong,direct,sustained,throaty,breathy,elder,huge,rapid,hushed,menacing
3640,press,strong,direct,sustained,throaty,breathy,elder,huge,rapid,medium,friendly
3641,press,strong,direct,sustained,throaty,breathy,elder,huge,rapid,medium,deadpan
3642,press,strong,direct,sustained,throaty,breathy,elder,huge,rapid,medium,menacing
3643,press,strong,direct,sustained,throaty,breathy,elder,huge,rapid,big,friendly
3644,press,strong,direct,sustained,throaty,breathy,elder,huge,rapid,big,deadpan
3645,press,strong,direct,sustained,throaty,breathy,elder,huge,rapid,big,menacing
3646,press,strong,direct,sustained,throaty,dry,kid-ish,tiny,slow,hushed,friendly
3647,press,strong,direct,sustained,throaty,dry,kid-ish,tiny,slow,hushed,deadpan
3648,press,strong,direct,sustained,throaty,dry,kid-ish,tiny,slow,hushed,menacing
3649,press,strong,direct,sustained,throaty,dry,kid-ish,tiny,slow,medium,friendly
3650,press,strong,direct,sustained,throaty,dry,kid-ish,tiny,slow,medium,deadpan
3651,press,strong,direct,sustained,throaty,dry,kid-ish,tiny,slow,medium,menacing
3652,press,strong,direct,sustained,throaty,dry,kid-ish,tiny,slow,big,friendly
3653,press,strong,direct,sustained,throaty,dry,kid-ish,tiny,slow,big,deadpan
3654,press,strong,direct,sustained,throaty,dry,kid-ish,tiny,slow,big,menacing
3655,press,strong,direct,sustained,throaty,dry,kid-ish,tiny,steady,hushed,friendly
3656,press,strong,direct,sustained,throaty,dry,kid-ish,tiny,steady,hushed,deadpan
3657,press,strong,direct,sustained,throaty,dry,kid-ish,tiny,steady,hushed,menacing
3658,press,strong,direct,sustained,throaty,dry,kid-ish,tiny,steady,medium,friendly
3659,press,strong,direct,sustained,throaty,dry,kid-ish,tiny,steady,medium,deadpan
3660,press,strong,direct,sustained,throaty,dry,kid-ish,tiny,steady,medium,menacing
3661,press,strong,direct,sustained,throaty,dry,kid-ish,tiny,steady,big,friendly
3662,press,strong,direct,sustained,throaty,dry,kid-ish,tiny,steady,big,deadpan
3663,press,strong,direct,sustained,throaty,dry,kid-ish,tiny,steady,big,menacing
3664,press,strong,direct,sustained,throaty,dry,kid-ish,tiny,rapid,hushed,friendly
3665,press,strong,direct,sustained,throaty,dry,kid-ish,tiny,rapid,hushed,deadpan
3666,press,strong,direct,sustained,throaty,dry,kid-ish,tiny,rapid,hushed,menacing
3667,press,strong,direct,sustained,throaty,dry,kid-ish,tiny,rapid,medium,friendly
3668,press,strong,direct,sustained,throaty,dry,kid-ish,tiny,rapid,medium,deadpan
3669,press,strong,direct,sustained,throaty,dry,kid-ish,tiny,rapid,medium,menacing
3670,press,strong,direct,sustained,throaty,dry,kid-ish,tiny,rapid,big,friendly
3671,press,strong,direct,sustained,throaty,dry,kid-ish,tiny,rapid,big,deadpan
3672,press,strong,direct,sustained,throaty,dry,kid-ish,tiny,rapid,big,menacing
3673,press,strong,direct,sustained,throaty,dry,kid-ish,medium,slow,hushed,friendly
3674,press,strong,direct,sustained,throaty,dry,kid-ish,medium,slow,hushed,deadpan
3675,press,strong,direct,sustained,throaty,dry,kid-ish,medium,slow,hushed,menacing
3676,press,strong,direct,sustained,throaty,dry,kid-ish,medium,slow,medium,friendly
3677,press,strong,direct,sustained,throaty,dry,kid-ish,medium,slow,medium,deadpan
3678,press,strong,direct,sustained,throaty,dry,kid-ish,medium,slow,medium,menacing
3679,press,strong,direct,sustained,throaty,dry,kid-ish,medium,slow,big,friendly
3680,press,strong,direct,sustained,throaty,dry,kid-ish,medium,slow,big,deadpan
3681,press,strong,direct,sustained,throaty,dry,kid-ish,medium,slow,big,menacing
3682,press,strong,direct,sustained,throaty,dry,kid-ish,medium,steady,hushed,friendly
3683,press,strong,direct,sustained,throaty,dry,kid-ish,medium,steady,hushed,deadpan
3684,press,strong,direct,sustained,throaty,dry,kid-ish,medium,steady,hushed,menacing
3685,press,strong,direct,sustained,throaty,dry,kid-ish,medium,steady,medium,friendly
3686,press,strong,direct,sustained,throaty,dry,kid-ish,medium,steady,medium,deadpan
3687,press,strong,direct,sustained,throaty,dry,kid-ish,medium,steady,medium,menacing
3688,press,strong,direct,sustained,throaty,dry,kid-ish,medium,steady,big,friendly
3689,press,strong,direct,sustained,throaty,dry,kid-ish,medium,steady,big,deadpan
3690,press,strong,direct,sustained,throaty,dry,kid-ish,medium,steady,big,menacing
3691,press,strong,direct,sustained,throaty,dry,kid-ish,medium,rapid,hushed,friendly
3692,press,strong,direct,sustained,throaty,dry,kid-ish,medium,rapid,hushed,deadpan
3693,press,strong,direct,sustained,throaty,dry,kid-ish,medium,rapid,hushed,menacing
3694,press,strong,direct,sustained,throaty,dry,kid-ish,medium,rapid,medium,friendly
3695,press,strong,direct,sustained,throaty,dry,kid-ish,medium,rapid,medium,deadpan
3696,press,strong,direct,sustained,throaty,dry,kid-ish,medium,rapid,medium,menacing
3697,press,strong,direct,sustained,throaty,dry,kid-ish,medium,rapid,big,friendly
3698,press,strong,direct,sustained,throaty,dry,kid-ish,medium,rapid,big,deadpan
3699,press,strong,direct,sustained,throaty,dry,kid-ish,medium,rapid,big,menacing
3700,press,strong,direct,sustained,throaty,dry,kid-ish,huge,slow,hushed,friendly
3701,press,strong,direct,sustained,throaty,dry,kid-ish,huge,slow,hushed,deadpan
3702,press,strong,direct,sustained,throaty,dry,kid-ish,huge,slow,hushed,menacing
3703,press,strong,direct,sustained,throaty,dry,kid-ish,huge,slow,medium,friendly
3704,press,strong,direct,sustained,throaty,dry,kid-ish,huge,slow,medium,deadpan
3705,press,strong,direct,sustained,throaty,dry,kid-ish,huge,slow,medium,menacing
3706,press,strong,direct,sustained,throaty,dry,kid-ish,huge,slow,big,friendly
3707,press,strong,direct,sustained,throaty,dry,kid-ish,huge,slow,big,deadpan
3708,press,strong,direct,sustained,throaty,dry,kid-ish,huge,slow,big,menacing
3709,press,strong,direct,sustained,throaty,dry,kid-ish,huge,steady,hushed,friendly
3710,press,strong,direct,sustained,throaty,dry,kid-ish,huge,steady,hushed,deadpan
3711,press,strong,direct,sustained,throaty,dry,kid-ish,huge,steady,hushed,menacing
3712,press,strong,direct,sustained,throaty,dry,kid-ish,huge,steady,medium,friendly
3713,press,strong,direct,sustained,throaty,dry,kid-ish,huge,steady,medium,deadpan
3714,press,strong,direct,sustained,throaty,dry,kid-ish,huge,steady,medium,menacing
3715,press,strong,direct,sustained,throaty,dry,kid-ish,huge,steady,big,friendly
3716,press,strong,direct,sustained,throaty,dry,kid-ish,huge,steady,big,deadpan
3717,press,strong,direct,sustained,throaty,dry,kid-ish,huge,steady,big,menacing
3718,press,strong,direct,sustained,throaty,dry,kid-ish,huge,rapid,hushed,friendly
3719,press,strong,direct,sustained,throaty,dry,kid-ish,huge,rapid,hushed,deadpan
3720,press,strong,direct,sustained,throaty,dry,kid-ish,huge,rapid,hushed,menacing
3721,press,strong,direct,sustained,throaty,dry,kid-ish,huge,rapid,medium,friendly
3722,press,strong,direct,sustained,throaty,dry,kid-ish,huge,rapid,medium,deadpan
3723,press,strong,direct,sustained,throaty,dry,kid-ish,huge,rapid,medium,menacing
3724,press,strong,direct,sustained,throaty,dry,kid-ish,huge,rapid,big,friendly
3725,press,strong,direct,sustained,throaty,dry,kid-ish,huge,rapid,big,deadpan
3726,press,strong,direct,sustained,throaty,dry,kid-ish,huge,rapid,big,menacing
3727,press,strong,direct,sustained,throaty,dry,adult,tiny,slow,hushed,friendly
3728,press,strong,direct,sustained,throaty,dry,adult,tiny,slow,hushed,deadpan
3729,press,strong,direct,sustained,throaty,dry,adult,tiny,slow,hushed,menacing
3730,press,strong,direct,sustained,throaty,dry,adult,tiny,slow,medium,friendly
3731,press,strong,direct,sustained,throaty,dry,adult,tiny,slow,medium,deadpan
3732,press,strong,direct,sustained,throaty,dry,adult,tiny,slow,medium,menacing
3733,press,strong,direct,sustained,throaty,dry,adult,tiny,slow,big,friendly
3734,press,strong,direct,sustained,throaty,dry,adult,tiny,slow,big,deadpan
3735,press,strong,direct,sustained,throaty,dry,adult,tiny,slow,big,menacing
3736,press,strong,direct,sustained,throaty,dry,adult,tiny,steady,hushed,friendly
3737,press,strong,direct,sustained,throaty,dry,adult,tiny,steady,hushed,deadpan
3738,press,strong,direct,sustained,throaty,dry,adult,tiny,steady,hushed,menacing
3739,press,strong,direct,sustained,throaty,dry,adult,tiny,steady,medium,friendly
3740,press,strong,direct,sustained,throaty,dry,adult,tiny,steady,medium,deadpan
3741,press,strong,direct,sustained,throaty,dry,adult,tiny,steady,medium,menacing
3742,press,strong,direct,sustained,throaty,dry,adult,tiny,steady,big,friendly
3743,press,strong,direct,sustained,throaty,dry,adult,tiny,steady,big,deadpan
3744,press,strong,direct,sustained,throaty,dry,adult,tiny,steady,big,menacing
3745,press,strong,direct,sustained,throaty,dry,adult,tiny,rapid,hushed,friendly
3746,press,strong,direct,sustained,throaty,dry,adult,tiny,rapid,hushed,deadpan
3747,press,strong,direct,sustained,throaty,dry,adult,tiny,rapid,hushed,menacing
3748,press,strong,direct,sustained,throaty,dry,adult,tiny,rapid,medium,friendly
3749,press,strong,direct,sustained,throaty,dry,adult,tiny,rapid,medium,deadpan
3750,press,strong,direct,sustained,throaty,dry,adult,tiny,rapid,medium,menacing
3751,press,strong,direct,sustained,throaty,dry,adult,tiny,rapid,big,friendly
3752,press,strong,direct,sustained,throaty,dry,adult,tiny,rapid,big,deadpan
3753,press,strong,direct,sustained,throaty,dry,adult,tiny,rapid,big,menacing
3754,press,strong,direct,sustained,throaty,dry,adult,medium,slow,hushed,friendly
3755,press,strong,direct,sustained,throaty,dry,adult,medium,slow,hushed,deadpan
3756,press,strong,direct,sustained,throaty,dry,adult,medium,slow,hushed,menacing
3757,press,strong,direct,sustained,throaty,dry,adult,medium,slow,medium,friendly
3758,press,strong,direct,sustained,throaty,dry,adult,medium,slow,medium,deadpan
3759,press,strong,direct,sustained,throaty,dry,adult,medium,slow,medium,menacing
3760,press,strong,direct,sustained,throaty,dry,adult,medium,slow,big,friendly
3761,press,strong,direct,sustained,throaty,dry,adult,medium,slow,big,deadpan
3762,press,strong,direct,sustained,throaty,dry,adult,medium,slow,big,menacing
3763,press,strong,direct,sustained,throaty,dry,adult,medium,steady,hushed,friendly
3764,press,strong,direct,sustained,throaty,dry,adult,medium,steady,hushed,deadpan
3765,press,strong,direct,sustained,throaty,dry,adult,medium,steady,hushed,menacing
3766,press,strong,direct,sustained,throaty,dry,adult,medium,steady,medium,friendly
3767,press,strong,direct,sustained,throaty,dry,adult,medium,steady,medium,deadpan
3768,press,strong,direct,sustained,throaty,dry,adult,medium,steady,medium,menacing
3769,press,strong,direct,sustained,throaty,dry,adult,medium,steady,big,friendly
3770,press,strong,direct,sustained,throaty,dry,adult,medium,steady,big,deadpan
3771,press,strong,direct,sustained,throaty,dry,adult,medium,steady,big,menacing
3772,press,strong,direct,sustained,throaty,dry,adult,medium,rapid,hushed,friendly
3773,press,strong,direct,sustained,throaty,dry,adult,medium,rapid,hushed,deadpan
3774,press,strong,direct,sustained,throaty,dry,adult,medium,rapid,hushed,menacing
3775,press,strong,direct,sustained,throaty,dry,adult,medium,rapid,medium,friendly
3776,press,strong,direct,sustained,throaty,dry,adult,medium,rapid,medium,deadpan
3777,press,strong,direct,sustained,throaty,dry,adult,medium,rapid,medium,menacing
3778,press,strong,direct,sustained,throaty,dry,adult,medium,rapid,big,friendly
3779,press,strong,direct,sustained,throaty,dry,adult,medium,rapid,big,deadpan
3780,press,strong,direct,sustained,throaty,dry,adult,medium,rapid,big,menacing
3781,press,strong,direct,sustained,throaty,dry,adult,huge,slow,hushed,friendly
3782,press,strong,direct,sustained,throaty,dry,adult,huge,slow,hushed,deadpan
3783,press,strong,direct,sustained,throaty,dry,adult,huge,slow,hushed,menacing
3784,press,strong,direct,sustained,throaty,dry,adult,huge,slow,medium,friendly
3785,press,strong,direct,sustained,throaty,dry,adult,huge,slow,medium,deadpan
3786,press,strong,direct,sustained,throaty,dry,adult,huge,slow,medium,menacing
3787,press,strong,direct,sustained,throaty,dry,adult,huge,slow,big,friendly
3788,press,strong,direct,sustained,throaty,dry,adult,huge,slow,big,deadpan
3789,press,strong,direct,sustained,throaty,dry,adult,huge,slow,big,menacing
3790,press,strong,direct,sustained,throaty,dry,adult,huge,steady,hushed,friendly
3791,press,strong,direct,sustained,throaty,dry,adult,huge,steady,hushed,deadpan
3792,press,strong,direct,sustained,throaty,dry,adult,huge,steady,hushed,menacing
3793,press,strong,direct,sustained,throaty,dry,adult,huge,steady,medium,friendly
3794,press,strong,direct,sustained,throaty,dry,adult,huge,steady,medium,deadpan
3795,press,strong,direct,sustained,throaty,dry,adult,huge,steady,medium,menacing
3796,press,strong,direct,sustained,throaty,dry,adult,huge,steady,big,friendly
3797,press,strong,direct,sustained,throaty,dry,adult,huge,steady,big,deadpan
3798,press,strong,direct,sustained,throaty,dry,adult,huge,steady,big,menacing
3799,press,strong,direct,sustained,throaty,dry,adult,huge,rapid,hushed,friendly
3800,press,strong,direct,sustained,throaty,dry,adult,huge,rapid,hushed,deadpan
3801,press,strong,direct,sustained,throaty,dry,adult,huge,rapid,hushed,menacing
3802,press,strong,direct,sustained,throaty,dry,adult,huge,rapid,medium,friendly
3803,press,strong,direct,sustained,throaty,dry,adult,huge,rapid,medium,deadpan
3804,press,strong,direct,sustained,throaty,dry,adult,huge,rapid,medium,menacing
3805,press,strong,direct,sustained,throaty,dry,adult,huge,rapid,big,friendly
3806,press,strong,direct,sustained,throaty,dry,adult,huge,rapid,big,deadpan
3807,press,strong,direct,sustained,throaty,dry,adult,huge,rapid,big,menacing
3808,press,strong,direct,sustained,throaty,dry,elder,tiny,slow,hushed,friendly
3809,press,strong,direct,sustained,throaty,dry,elder,tiny,slow,hushed,deadpan
3810,press,strong,direct,sustained,throaty,dry,elder,tiny,slow,hushed,menacing
3811,press,strong,direct,sustained,throaty,dry,elder,tiny,slow,medium,friendly
3812,press,strong,direct,sustained,throaty,dry,elder,tiny,slow,medium,deadpan
3813,press,strong,direct,sustained,throaty,dry,elder,tiny,slow,medium,menacing
3814,press,strong,direct,sustained,throaty,dry,elder,tiny,slow,big,friendly
3815,press,strong,direct,sustained,throaty,dry,elder,tiny,slow,big,deadpan
3816,press,strong,direct,sustained,throaty,dry,elder,tiny,slow,big,menacing
3817,press,strong,direct,sustained,throaty,dry,elder,tiny,steady,hushed,friendly
3818,press,strong,direct,sustained,throaty,dry,elder,tiny,steady,hushed,deadpan
3819,press,strong,direct,sustained,throaty,dry,elder,tiny,steady,hushed,menacing
3820,press,strong,direct,sustained,throaty,dry,elder,tiny,steady,medium,friendly
3821,press,strong,direct,sustained,throaty,dry,elder,tiny,steady,medium,deadpan
3822,press,strong,direct,sustained,throaty,dry,elder,tiny,steady,medium,menacing
3823,press,strong,direct,sustained,throaty,dry,elder,tiny,steady,big,friendly
3824,press,strong,direct,sustained,throaty,dry,elder,tiny,steady,big,deadpan
3825,press,strong,direct,sustained,throaty,dry,elder,tiny,steady,big,menacing
3826,press,strong,direct,sustained,throaty,dry,elder,tiny,rapid,hushed,friendly
3827,press,strong,direct,sustained,throaty,dry,elder,tiny,rapid,hushed,deadpan
3828,press,strong,direct,sustained,throaty,dry,elder,tiny,rapid,hushed,menacing
3829,press,strong,direct,sustained,throaty,dry,elder,tiny,rapid,medium,friendly
3830,press,strong,direct,sustained,throaty,dry,elder,tiny,rapid,medium,deadpan
3831,press,strong,direct,sustained,throaty,dry,elder,tiny,rapid,medium,menacing
3832,press,strong,direct,sustained,throaty,dry,elder,tiny,rapid,big,friendly
3833,press,strong,direct,sustained,throaty,dry,elder,tiny,rapid,big,deadpan
3834,press,strong,direct,sustained,throaty,dry,elder,tiny,rapid,big,menacing
3835,press,strong,direct,sustained,throaty,dry,elder,medium,slow,hushed,friendly
3836,press,strong,direct,sustained,throaty,dry,elder,medium,slow,hushed,deadpan
3837,press,strong,direct,sustained,throaty,dry,elder,medium,slow,hushed,menacing
3838,press,strong,direct,sustained,throaty,dry,elder,medium,slow,medium,friendly
3839,press,strong,direct,sustained,throaty,dry,elder,medium,slow,medium,deadpan
3840,press,strong,direct,sustained,throaty,dry,elder,medium,slow,medium,menacing
3841,press,strong,direct,sustained,throaty,dry,elder,medium,slow,big,friendly
3842,press,strong,direct,sustained,throaty,dry,elder,medium,slow,big,deadpan
3843,press,strong,direct,sustained,throaty,dry,elder,medium,slow,big,menacing
3844,press,strong,direct,sustained,throaty,dry,elder,medium,steady,hushed,friendly
3845,press,strong,direct,sustained,throaty,dry,elder,medium,steady,hushed,deadpan
3846,press,strong,direct,sustained,throaty,dry,elder,medium,steady,hushed,menacing
3847,press,strong,direct,sustained,throaty,dry,elder,medium,steady,medium,friendly
3848,press,strong,direct,sustained,throaty,dry,elder,medium,steady,medium,deadpan
3849,press,strong,direct,sustained,throaty,dry,elder,medium,steady,medium,menacing
3850,press,strong,direct,sustained,throaty,dry,elder,medium,steady,big,friendly
3851,press,strong,direct,sustained,throaty,dry,elder,medium,steady,big,deadpan
3852,press,strong,direct,sustained,throaty,dry,elder,medium,steady,big,menacing
3853,press,strong,direct,sustained,throaty,dry,elder,medium,rapid,hushed,friendly
3854,press,strong,direct,sustained,throaty,dry,elder,medium,rapid,hushed,deadpan
3855,press,strong,direct,sustained,throaty,dry,elder,medium,rapid,hushed,menacing
3856,press,strong,direct,sustained,throaty,dry,elder,medium,rapid,medium,friendly
3857,press,strong,direct,sustained,throaty,dry,elder,medium,rapid,medium,deadpan
3858,press,strong,direct,sustained,throaty,dry,elder,medium,rapid,medium,menacing
3859,press,strong,direct,sustained,throaty,dry,elder,medium,rapid,big,friendly
3860,press,strong,direct,sustained,throaty,dry,elder,medium,rapid,big,deadpan
3861,press,strong,direct,sustained,throaty,dry,elder,medium,rapid,big,menacing
3862,press,strong,direct,sustained,throaty,dry,elder,huge,slow,hushed,friendly
3863,press,strong,direct,sustained,throaty,dry,elder,huge,slow,hushed,deadpan
3864,press,strong,direct,sustained,throaty,dry,elder,huge,slow,hushed,menacing
3865,press,strong,direct,sustained,throaty,dry,elder,huge,slow,medium,friendly
3866,press,strong,direct,sustained,throaty,dry,elder,huge,slow,medium,deadpan
3867,press,strong,direct,sustained,throaty,dry,elder,huge,slow,medium,menacing
3868,press,strong,direct,sustained,throaty,dry,elder,huge,slow,big,friendly
3869,press,strong,direct,sustained,throaty,dry,elder,huge,slow,big,deadpan
3870,press,strong,direct,sustained,throaty,dry,elder,huge,slow,big,menacing
3871,press,strong,direct,sustained,throaty,dry,elder,huge,steady,hushed,friendly
3872,press,strong,direct,sustained,throaty,dry,elder,huge,steady,hushed,deadpan
3873,press,strong,direct,sustained,throaty,dry,elder,huge,steady,hushed,menacing
3874,press,strong,direct,sustained,throaty,dry,elder,huge,steady,medium,friendly
3875,press,strong,direct,sustained,throaty,dry,elder,huge,steady,medium,deadpan
3876,press,strong,direct,sustained,throaty,dry,elder,huge,steady,medium,menacing
3877,press,strong,direct,sustained,throaty,dry,elder,huge,steady,big,friendly
3878,press,strong,direct,sustained,throaty,dry,elder,huge,steady,big,deadpan
3879,press,strong,direct,sustained,throaty,dry,elder,huge,steady,big,menacing
3880,press,strong,direct,sustained,throaty,dry,elder,huge,rapid,hushed,friendly
3881,press,strong,direct,sustained,throaty,dry,elder,huge,rapid,hushed,deadpan
3882,press,strong,direct,sustained,throaty,dry,elder,huge,rapid,hushed,menacing
3883,press,strong,direct,sustained,throaty,dry,elder,huge,rapid,medium,friendly
3884,press,strong,direct,sustained,throaty,dry,elder,huge,rapid,medium,deadpan
3885,press,strong,direct,sustained,throaty,dry,elder,huge,rapid,medium,menacing
3886,press,strong,direct,sustained,throaty,dry,elder,huge,rapid,big,friendly
3887,press,strong,direct,sustained,throaty,dry,elder,huge,rapid,big,deadpan
3888,press,strong,direct,sustained,throaty,dry,elder,huge,rapid,big,menacing
3889,press,strong,direct,sustained,balanced,breathy,kid-ish,tiny,slow,hushed,friendly
3890,press,strong,direct,sustained,balanced,breathy,kid-ish,tiny,slow,hushed,deadpan
3891,press,strong,direct,sustained,balanced,breathy,kid-ish,tiny,slow,hushed,menacing
3892,press,strong,direct,sustained,balanced,breathy,kid-ish,tiny,slow,medium,friendly
3893,press,strong,direct,sustained,balanced,breathy,kid-ish,tiny,slow,medium,deadpan
3894,press,strong,direct,sustained,balanced,breathy,kid-ish,tiny,slow,medium,menacing
3895,press,strong,direct,sustained,balanced,breathy,kid-ish,tiny,slow,big,friendly
3896,press,strong,direct,sustained,balanced,breathy,kid-ish,tiny,slow,big,deadpan
3897,press,strong,direct,sustained,balanced,breathy,kid-ish,tiny,slow,big,menacing
3898,press,strong,direct,sustained,balanced,breathy,kid-ish,tiny,steady,hushed,friendly
3899,press,strong,direct,sustained,balanced,breathy,kid-ish,tiny,steady,hushed,deadpan
3900,press,strong,direct,sustained,balanced,breathy,kid-ish,tiny,steady,hushed,menacing
3901,press,strong,direct,sustained,balanced,breathy,kid-ish,tiny,steady,medium,friendly
3902,press,strong,direct,sustained,balanced,breathy,kid-ish,tiny,steady,medium,deadpan
3903,press,strong,direct,sustained,balanced,breathy,kid-ish,tiny,steady,medium,menacing
3904,press,strong,direct,sustained,balanced,breathy,kid-ish,tiny,steady,big,friendly
3905,press,strong,direct,sustained,balanced,breathy,kid-ish,tiny,steady,big,deadpan
3906,press,strong,direct,sustained,balanced,breathy,kid-ish,tiny,steady,big,menacing
3907,press,strong,direct,sustained,balanced,breathy,kid-ish,tiny,rapid,hushed,friendly
3908,press,strong,direct,sustained,balanced,breathy,kid-ish,tiny,rapid,hushed,deadpan
3909,press,strong,direct,sustained,balanced,breathy,kid-ish,tiny,rapid,hushed,menacing
3910,press,strong,direct,sustained,balanced,breathy,kid-ish,tiny,rapid,medium,friendly
3911,press,strong,direct,sustained,balanced,breathy,kid-ish,tiny,rapid,medium,deadpan
3912,press,strong,direct,sustained,balanced,breathy,kid-ish,tiny,rapid,medium,menacing
3913,press,strong,direct,sustained,balanced,breathy,kid-ish,tiny,rapid,big,friendly
3914,press,strong,direct,sustained,balanced,breathy,kid-ish,tiny,rapid,big,deadpan
3915,press,strong,direct,sustained,balanced,breathy,kid-ish,tiny,rapid,big,menacing
3916,press,strong,direct,sustained,balanced,breathy,kid-ish,medium,slow,hushed,friendly
3917,press,strong,direct,sustained,balanced,breathy,kid-ish,medium,slow,hushed,deadpan
3918,press,strong,direct,sustained,balanced,breathy,kid-ish,medium,slow,hushed,menacing
3919,press,strong,direct,sustained,balanced,breathy,kid-ish,medium,slow,medium,friendly
3920,press,strong,direct,sustained,balanced,breathy,kid-ish,medium,slow,medium,deadpan
3921,press,strong,direct,sustained,balanced,breathy,kid-ish,medium,slow,medium,menacing
3922,press,strong,direct,sustained,balanced,breathy,kid-ish,medium,slow,big,friendly
3923,press,strong,direct,sustained,balanced,breathy,kid-ish,medium,slow,big,deadpan
3924,press,strong,direct,sustained,balanced,breathy,kid-ish,medium,slow,big,menacing
3925,press,strong,direct,sustained,balanced,breathy,kid-ish,medium,steady,hushed,friendly
3926,press,strong,direct,sustained,balanced,breathy,kid-ish,medium,steady,hushed,deadpan
3927,press,strong,direct,sustained,balanced,breathy,kid-ish,medium,steady,hushed,menacing
3928,press,strong,direct,sustained,balanced,breathy,kid-ish,medium,steady,medium,friendly
3929,press,strong,direct,sustained,balanced,breathy,kid-ish,medium,steady,medium,deadpan
3930,press,strong,direct,sustained,balanced,breathy,kid-ish,medium,steady,medium,menacing
3931,press,strong,direct,sustained,balanced,breathy,kid-ish,medium,steady,big,friendly
3932,press,strong,direct,sustained,balanced,breathy,kid-ish,medium,steady,big,deadpan
3933,press,strong,direct,sustained,balanced,breathy,kid-ish,medium,steady,big,menacing
3934,press,strong,direct,sustained,balanced,breathy,kid-ish,medium,rapid,hushed,friendly
3935,press,strong,direct,sustained,balanced,breathy,kid-ish,medium,rapid,hushed,deadpan
3936,press,strong,direct,sustained,balanced,breathy,kid-ish,medium,rapid,hushed,menacing
3937,press,strong,direct,sustained,balanced,breathy,kid-ish,medium,rapid,medium,friendly
3938,press,strong,direct,sustained,balanced,breathy,kid-ish,medium,rapid,medium,deadpan
3939,press,strong,direct,sustained,balanced,breathy,kid-ish,medium,rapid,medium,menacing
3940,press,strong,direct,sustained,balanced,breathy,kid-ish,medium,rapid,big,friendly
3941,press,strong,direct,sustained,balanced,breathy,kid-ish,medium,rapid,big,deadpan
3942,press,strong,direct,sustained,balanced,breathy,kid-ish,medium,rapid,big,menacing
3943,press,strong,direct,sustained,balanced,breathy,kid-ish,huge,slow,hushed,friendly
3944,press,strong,direct,sustained,balanced,breathy,kid-ish,huge,slow,hushed,deadpan
3945,press,strong,direct,sustained,balanced,breathy,kid-ish,huge,slow,hushed,menacing
3946,press,strong,direct,sustained,balanced,breathy,kid-ish,huge,slow,medium,friendly
3947,press,strong,direct,sustained,balanced,breathy,kid-ish,huge,slow,medium,deadpan
3948,press,strong,direct,sustained,balanced,breathy,kid-ish,huge,slow,medium,menacing
3949,press,strong,direct,sustained,balanced,breathy,kid-ish,huge,slow,big,friendly
3950,press,strong,direct,sustained,balanced,breathy,kid-ish,huge,slow,big,deadpan
3951,press,strong,direct,sustained,balanced,breathy,kid-ish,huge,slow,big,menacing
3952,press,strong,direct,sustained,balanced,breathy,kid-ish,huge,steady,hushed,friendly
3953,press,strong,direct,sustained,balanced,breathy,kid-ish,huge,steady,hushed,deadpan
3954,press,strong,direct,sustained,balanced,breathy,kid-ish,huge,steady,hushed,menacing
3955,press,strong,direct,sustained,balanced,breathy,kid-ish,huge,steady,medium,friendly
3956,press,strong,direct,sustained,balanced,breathy,kid-ish,huge,steady,medium,deadpan
3957,press,strong,direct,sustained,balanced,breathy,kid-ish,huge,steady,medium,menacing
3958,press,strong,direct,sustained,balanced,breathy,kid-ish,huge,steady,big,friendly
3959,press,strong,direct,sustained,balanced,breathy,kid-ish,huge,steady,big,deadpan
3960,press,strong,direct,sustained,balanced,breathy,kid-ish,huge,steady,big,menacing
3961,press,strong,direct,sustained,balanced,breathy,kid-ish,huge,rapid,hushed,friendly
3962,press,strong,direct,sustained,balanced,breathy,kid-ish,huge,rapid,hushed,deadpan
3963,press,strong,direct,sustained,balanced,breathy,kid-ish,huge,rapid,hushed,menacing
3964,press,strong,direct,sustained,balanced,breathy,kid-ish,huge,rapid,medium,friendly
3965,press,strong,direct,sustained,balanced,breathy,kid-ish,huge,rapid,medium,deadpan
3966,press,strong,direct,sustained,balanced,breathy,kid-ish,huge,rapid,medium,menacing
3967,press,strong,direct,sustained,balanced,breathy,kid-ish,huge,rapid,big,friendly
3968,press,strong,direct,sustained,balanced,breathy,kid-ish,huge,rapid,big,deadpan
3969,press,strong,direct,sustained,balanced,breathy,kid-ish,huge,rapid,big,menacing
3970,press,strong,direct,sustained,balanced,breathy,adult,tiny,slow,hushed,friendly
3971,press,strong,direct,sustained,balanced,breathy,adult,tiny,slow,hushed,deadpan
3972,press,strong,direct,sustained,balanced,breathy,adult,tiny,slow,hushed,menacing
3973,press,strong,direct,sustained,balanced,breathy,adult,tiny,slow,medium,friendly
3974,press,strong,direct,sustained,balanced,breathy,adult,tiny,slow,medium,deadpan
3975,press,strong,direct,sustained,balanced,breathy,adult,tiny,slow,medium,menacing
3976,press,strong,direct,sustained,balanced,breathy,adult,tiny,slow,big,friendly
3977,press,strong,direct,sustained,balanced,breathy,adult,tiny,slow,big,deadpan
3978,press,strong,direct,sustained,balanced,breathy,adult,tiny,slow,big,menacing
3979,press,strong,direct,sustained,balanced,breathy,adult,tiny,steady,hushed,friendly
3980,press,strong,direct,sustained,balanced,breathy,adult,tiny,steady,hushed,deadpan
3981,press,strong,direct,sustained,balanced,breathy,adult,tiny,steady,hushed,menacing
3982,press,strong,direct,sustained,balanced,breathy,adult,tiny,steady,medium,friendly
3983,press,strong,direct,sustained,balanced,breathy,adult,tiny,steady,medium,deadpan
3984,press,strong,direct,sustained,balanced,breathy,adult,tiny,steady,medium,menacing
3985,press,strong,direct,sustained,balanced,breathy,adult,tiny,steady,big,friendly
3986,press,strong,direct,sustained,balanced,breathy,adult,tiny,steady,big,deadpan
3987,press,strong,direct,sustained,balanced,breathy,adult,tiny,steady,big,menacing
3988,press,strong,direct,sustained,balanced,breathy,adult,tiny,rapid,hushed,friendly
3989,press,strong,direct,sustained,balanced,breathy,adult,tiny,rapid,hushed,deadpan
3990,press,strong,direct,sustained,balanced,breathy,adult,tiny,rapid,hushed,menacing
3991,press,strong,direct,sustained,balanced,breathy,adult,tiny,rapid,medium,friendly
3992,press,strong,direct,sustained,balanced,breathy,adult,tiny,rapid,medium,deadpan
3993,press,strong,direct,sustained,balanced,breathy,adult,tiny,rapid,medium,menacing
3994,press,strong,direct,sustained,balanced,breathy,adult,tiny,rapid,big,friendly
3995,press,strong,direct,sustained,balanced,breathy,adult,tiny,rapid,big,deadpan
3996,press,strong,direct,sustained,balanced,breathy,adult,tiny,rapid,big,menacing
3997,press,strong,direct,sustained,balanced,breathy,adult,medium,slow,hushed,friendly
3998,press,strong,direct,sustained,balanced,breathy,adult,medium,slow,hushed,deadpan
3999,press,strong,direct,sustained,balanced,breathy,adult,medium,slow,hushed,menacing
4000,press,strong,direct,sustained,balanced,breathy,adult,medium,slow,medium,friendly
4001,press,strong,direct,sustained,balanced,breathy,adult,medium,slow,medium,deadpan
4002,press,strong,direct,sustained,balanced,breathy,adult,medium,slow,medium,menacing
4003,press,strong,direct,sustained,balanced,breathy,adult,medium,slow,big,friendly
4004,press,strong,direct,sustained,balanced,breathy,adult,medium,slow,big,deadpan
4005,press,strong,direct,sustained,balanced,breathy,adult,medium,slow,big,menacing
4006,press,strong,direct,sustained,balanced,breathy,adult,medium,steady,hushed,friendly
4007,press,strong,direct,sustained,balanced,breathy,adult,medium,steady,hushed,deadpan
4008,press,strong,direct,sustained,balanced,breathy,adult,medium,steady,hushed,menacing
4009,press,strong,direct,sustained,balanced,breathy,adult,medium,steady,medium,friendly
4010,press,strong,direct,sustained,balanced,breathy,adult,medium,steady,medium,deadpan
4011,press,strong,direct,sustained,balanced,breathy,adult,medium,steady,medium,menacing
4012,press,strong,direct,sustained,balanced,breathy,adult,medium,steady,big,friendly
4013,press,strong,direct,sustained,balanced,breathy,adult,medium,steady,big,deadpan
4014,press,strong,direct,sustained,balanced,breathy,adult,medium,steady,big,menacing
4015,press,strong,direct,sustained,balanced,breathy,adult,medium,rapid,hushed,friendly
4016,press,strong,direct,sustained,balanced,breathy,adult,medium,rapid,hushed,deadpan
4017,press,strong,direct,sustained,balanced,breathy,adult,medium,rapid,hushed,menacing
4018,press,strong,direct,sustained,balanced,breathy,adult,medium,rapid,medium,friendly
4019,press,strong,direct,sustained,balanced,breathy,adult,medium,rapid,medium,deadpan
4020,press,strong,direct,sustained,balanced,breathy,adult,medium,rapid,medium,menacing
4021,press,strong,direct,sustained,balanced,breathy,adult,medium,rapid,big,friendly
4022,press,strong,direct,sustained,balanced,breathy,adult,medium,rapid,big,deadpan
4023,press,strong,direct,sustained,balanced,breathy,adult,medium,rapid,big,menacing
4024,press,strong,direct,sustained,balanced,breathy,adult,huge,slow,hushed,friendly
4025,press,strong,direct,sustained,balanced,breathy,adult,huge,slow,hushed,deadpan
4026,press,strong,direct,sustained,balanced,breathy,adult,huge,slow,hushed,menacing
4027,press,strong,direct,sustained,balanced,breathy,adult,huge,slow,medium,friendly
4028,press,strong,direct,sustained,balanced,breathy,adult,huge,slow,medium,deadpan
4029,press,strong,direct,sustained,balanced,breathy,adult,huge,slow,medium,menacing
4030,press,strong,direct,sustained,balanced,breathy,adult,huge,slow,big,friendly
4031,press,strong,direct,sustained,balanced,breathy,adult,huge,slow,big,deadpan
4032,press,strong,direct,sustained,balanced,breathy,adult,huge,slow,big,menacing
4033,press,strong,direct,sustained,balanced,breathy,adult,huge,steady,hushed,friendly
4034,press,strong,direct,sustained,balanced,breathy,adult,huge,steady,hushed,deadpan
4035,press,strong,direct,sustained,balanced,breathy,adult,huge,steady,hushed,menacing
4036,press,strong,direct,sustained,balanced,breathy,adult,huge,steady,medium,friendly
4037,press,strong,direct,sustained,balanced,breathy,adult,huge,steady,medium,deadpan
4038,press,strong,direct,sustained,balanced,breathy,adult,huge,steady,medium,menacing
4039,press,strong,direct,sustained,balanced,breathy,adult,huge,steady,big,friendly
4040,press,strong,direct,sustained,balanced,breathy,adult,huge,steady,big,deadpan
4041,press,strong,direct,sustained,balanced,breathy,adult,huge,steady,big,menacing
4042,press,strong,direct,sustained,balanced,breathy,adult,huge,rapid,hushed,friendly
4043,press,strong,direct,sustained,balanced,breathy,adult,huge,rapid,hushed,deadpan
4044,press,strong,direct,sustained,balanced,breathy,adult,huge,rapid,hushed,menacing
4045,press,strong,direct,sustained,balanced,breathy,adult,huge,rapid,medium,friendly
4046,press,strong,direct,sustained,balanced,breathy,adult,huge,rapid,medium,deadpan
4047,press,strong,direct,sustained,balanced,breathy,adult,huge,rapid,medium,menacing
4048,press,strong,direct,sustained,balanced,breathy,adult,huge,rapid,big,friendly
4049,press,strong,direct,sustained,balanced,breathy,adult,huge,rapid,big,deadpan
4050,press,strong,direct,sustained,balanced,breathy,adult,huge,rapid,big,menacing
4051,press,strong,direct,sustained,balanced,breathy,elder,tiny,slow,hushed,friendly
4052,press,strong,direct,sustained,balanced,breathy,elder,tiny,slow,hushed,deadpan
4053,press,strong,direct,sustained,balanced,breathy,elder,tiny,slow,hushed,menacing
4054,press,strong,direct,sustained,balanced,breathy,elder,tiny,slow,medium,friendly
4055,press,strong,direct,sustained,balanced,breathy,elder,tiny,slow,medium,deadpan
4056,press,strong,direct,sustained,balanced,breathy,elder,tiny,slow,medium,menacing
4057,press,strong,direct,sustained,balanced,breathy,elder,tiny,slow,big,friendly
4058,press,strong,direct,sustained,balanced,breathy,elder,tiny,slow,big,deadpan
4059,press,strong,direct,sustained,balanced,breathy,elder,tiny,slow,big,menacing
4060,press,strong,direct,sustained,balanced,breathy,elder,tiny,steady,hushed,friendly
4061,press,strong,direct,sustained,balanced,breathy,elder,tiny,steady,hushed,deadpan
4062,press,strong,direct,sustained,balanced,breathy,elder,tiny,steady,hushed,menacing
4063,press,strong,direct,sustained,balanced,breathy,elder,tiny,steady,medium,friendly
4064,press,strong,direct,sustained,balanced,breathy,elder,tiny,steady,medium,deadpan
4065,press,strong,direct,sustained,balanced,breathy,elder,tiny,steady,medium,menacing
4066,press,strong,direct,sustained,balanced,breathy,elder,tiny,steady,big,friendly
4067,press,strong,direct,sustained,balanced,breathy,elder,tiny,steady,big,deadpan
4068,press,strong,direct,sustained,balanced,breathy,elder,tiny,steady,big,menacing
4069,press,strong,direct,sustained,balanced,breathy,elder,tiny,rapid,hushed,friendly
4070,press,strong,direct,sustained,balanced,breathy,elder,tiny,rapid,hushed,deadpan
4071,press,strong,direct,sustained,balanced,breathy,elder,tiny,rapid,hushed,menacing
4072,press,strong,direct,sustained,balanced,breathy,elder,tiny,rapid,medium,friendly
4073,press,strong,direct,sustained,balanced,breathy,elder,tiny,rapid,medium,deadpan
4074,press,strong,direct,sustained,balanced,breathy,elder,tiny,rapid,medium,menacing
4075,press,strong,direct,sustained,balanced,breathy,elder,tiny,rapid,big,friendly
4076,press,strong,direct,sustained,balanced,breathy,elder,tiny,rapid,big,deadpan
4077,press,strong,direct,sustained,balanced,breathy,elder,tiny,rapid,big,menacing
4078,press,strong,direct,sustained,balanced,breathy,elder,medium,slow,hushed,friendly
4079,press,strong,direct,sustained,balanced,breathy,elder,medium,slow,hushed,deadpan
4080,press,strong,direct,sustained,balanced,breathy,elder,medium,slow,hushed,menacing
4081,press,strong,direct,sustained,balanced,breathy,elder,medium,slow,medium,friendly
4082,press,strong,direct,sustained,balanced,breathy,elder,medium,slow,medium,deadpan
4083,press,strong,direct,sustained,balanced,breathy,elder,medium,slow,medium,menacing
4084,press,strong,direct,sustained,balanced,breathy,elder,medium,slow,big,friendly
4085,press,strong,direct,sustained,balanced,breathy,elder,medium,slow,big,deadpan
4086,press,strong,direct,sustained,balanced,breathy,elder,medium,slow,big,menacing
4087,press,strong,direct,sustained,balanced,breathy,elder,medium,steady,hushed,friendly
4088,press,strong,direct,sustained,balanced,breathy,elder,medium,steady,hushed,deadpan
4089,press,strong,direct,sustained,balanced,breathy,elder,medium,steady,hushed,menacing
4090,press,strong,direct,sustained,balanced,breathy,elder,medium,steady,medium,friendly
4091,press,strong,direct,sustained,balanced,breathy,elder,medium,steady,medium,deadpan
4092,press,strong,direct,sustained,balanced,breathy,elder,medium,steady,medium,menacing
4093,press,strong,direct,sustained,balanced,breathy,elder,medium,steady,big,friendly
4094,press,strong,direct,sustained,balanced,breathy,elder,medium,steady,big,deadpan
4095,press,strong,direct,sustained,balanced,breathy,elder,medium,steady,big,menacing
4096,press,strong,direct,sustained,balanced,breathy,elder,medium,rapid,hushed,friendly
4097,press,strong,direct,sustained,balanced,breathy,elder,medium,rapid,hushed,deadpan
4098,press,strong,direct,sustained,balanced,breathy,elder,medium,rapid,hushed,menacing
4099,press,strong,direct,sustained,balanced,breathy,elder,medium,rapid,medium,friendly
4100,press,strong,direct,sustained,balanced,breathy,elder,medium,rapid,medium,deadpan
4101,press,strong,direct,sustained,balanced,breathy,elder,medium,rapid,medium,menacing
4102,press,strong,direct,sustained,balanced,breathy,elder,medium,rapid,big,friendly
4103,press,strong,direct,sustained,balanced,breathy,elder,medium,rapid,big,deadpan
4104,press,strong,direct,sustained,balanced,breathy,elder,medium,rapid,big,menacing
4105,press,strong,direct,sustained,balanced,breathy,elder,huge,slow,hushed,friendly
4106,press,strong,direct,sustained,balanced,breathy,elder,huge,slow,hushed,deadpan
4107,press,strong,direct,sustained,balanced,breathy,elder,huge,slow,hushed,menacing
4108,press,strong,direct,sustained,balanced,breathy,elder,huge,slow,medium,friendly
4109,press,strong,direct,sustained,balanced,breathy,elder,huge,slow,medium,deadpan
4110,press,strong,direct,sustained,balanced,breathy,elder,huge,slow,medium,menacing
4111,press,strong,direct,sustained,balanced,breathy,elder,huge,slow,big,friendly
4112,press,strong,direct,sustained,balanced,breathy,elder,huge,slow,big,deadpan
4113,press,strong,direct,sustained,balanced,breathy,elder,huge,slow,big,menacing
4114,press,strong,direct,sustained,balanced,breathy,elder,huge,steady,hushed,friendly
4115,press,strong,direct,sustained,balanced,breathy,elder,huge,steady,hushed,deadpan
4116,press,strong,direct,sustained,balanced,breathy,elder,huge,steady,hushed,menacing
4117,press,strong,direct,sustained,balanced,breathy,elder,huge,steady,medium,friendly
4118,press,strong,direct,sustained,balanced,breathy,elder,huge,steady,medium,deadpan
4119,press,strong,direct,sustained,balanced,breathy,elder,huge,steady,medium,menacing
4120,press,strong,direct,sustained,balanced,breathy,elder,huge,steady,big,friendly
4121,press,strong,direct,sustained,balanced,breathy,elder,huge,steady,big,deadpan
4122,press,strong,direct,sustained,balanced,breathy,elder,huge,steady,big,menacing
4123,press,strong,direct,sustained,balanced,breathy,elder,huge,rapid,hushed,friendly
4124,press,strong,direct,sustained,balanced,breathy,elder,huge,rapid,hushed,deadpan
4125,press,strong,direct,sustained,balanced,breathy,elder,huge,rapid,hushed,menacing
4126,press,strong,direct,sustained,balanced,breathy,elder,huge,rapid,medium,friendly
4127,press,strong,direct,sustained,balanced,breathy,elder,huge,rapid,medium,deadpan
4128,press,strong,direct,sustained,balanced,breathy,elder,huge,rapid,medium,menacing
4129,press,strong,direct,sustained,balanced,breathy,elder,huge,rapid,big,friendly
4130,press,strong,direct,sustained,balanced,breathy,elder,huge,rapid,big,deadpan
4131,press,strong,direct,sustained,balanced,breathy,elder,huge,rapid,big,menacing
4132,press,strong,direct,sustained,balanced,dry,kid-ish,tiny,slow,hushed,friendly
4133,press,strong,direct,sustained,balanced,dry,kid-ish,tiny,slow,hushed,deadpan
4134,press,strong,direct,sustained,balanced,dry,kid-ish,tiny,slow,hushed,menacing
4135,press,strong,direct,sustained,balanced,dry,kid-ish,tiny,slow,medium,friendly
4136,press,strong,direct,sustained,balanced,dry,kid-ish,tiny,slow,medium,deadpan
4137,press,strong,direct,sustained,balanced,dry,kid-ish,tiny,slow,medium,menacing
4138,press,strong,direct,sustained,balanced,dry,kid-ish,tiny,slow,big,friendly
4139,press,strong,direct,sustained,balanced,dry,kid-ish,tiny,slow,big,deadpan
4140,press,strong,direct,sustained,balanced,dry,kid-ish,tiny,slow,big,menacing
4141,press,strong,direct,sustained,balanced,dry,kid-ish,tiny,steady,hushed,friendly
4142,press,strong,direct,sustained,balanced,dry,kid-ish,tiny,steady,hushed,deadpan
4143,press,strong,direct,sustained,balanced,dry,kid-ish,tiny,steady,hushed,menacing
4144,press,strong,direct,sustained,balanced,dry,kid-ish,tiny,steady,medium,friendly
4145,press,strong,direct,sustained,balanced,dry,kid-ish,tiny,steady,medium,deadpan
4146,press,strong,direct,sustained,balanced,dry,kid-ish,tiny,steady,medium,menacing
4147,press,strong,direct,sustained,balanced,dry,kid-ish,tiny,steady,big,friendly
4148,press,strong,direct,sustained,balanced,dry,kid-ish,tiny,steady,big,deadpan
4149,press,strong,direct,sustained,balanced,dry,kid-ish,tiny,steady,big,menacing
4150,press,strong,direct,sustained,balanced,dry,kid-ish,tiny,rapid,hushed,friendly
4151,press,strong,direct,sustained,balanced,dry,kid-ish,tiny,rapid,hushed,deadpan
4152,press,strong,direct,sustained,balanced,dry,kid-ish,tiny,rapid,hushed,menacing
4153,press,strong,direct,sustained,balanced,dry,kid-ish,tiny,rapid,medium,friendly
4154,press,strong,direct,sustained,balanced,dry,kid-ish,tiny,rapid,medium,deadpan
4155,press,strong,direct,sustained,balanced,dry,kid-ish,tiny,rapid,medium,menacing
4156,press,strong,direct,sustained,balanced,dry,kid-ish,tiny,rapid,big,friendly
4157,press,strong,direct,sustained,balanced,dry,kid-ish,tiny,rapid,big,deadpan
4158,press,strong,direct,sustained,balanced,dry,kid-ish,tiny,rapid,big,menacing
4159,press,strong,direct,sustained,balanced,dry,kid-ish,medium,slow,hushed,friendly
4160,press,strong,direct,sustained,balanced,dry,kid-ish,medium,slow,hushed,deadpan
4161,press,strong,direct,sustained,balanced,dry,kid-ish,medium,slow,hushed,menacing
4162,press,strong,direct,sustained,balanced,dry,kid-ish,medium,slow,medium,friendly
4163,press,strong,direct,sustained,balanced,dry,kid-ish,medium,slow,medium,deadpan
4164,press,strong,direct,sustained,balanced,dry,kid-ish,medium,slow,medium,menacing
4165,press,strong,direct,sustained,balanced,dry,kid-ish,medium,slow,big,friendly
4166,press,strong,direct,sustained,balanced,dry,kid-ish,medium,slow,big,deadpan
4167,press,strong,direct,sustained,balanced,dry,kid-ish,medium,slow,big,menacing
4168,press,strong,direct,sustained,balanced,dry,kid-ish,medium,steady,hushed,friendly
4169,press,strong,direct,sustained,balanced,dry,kid-ish,medium,steady,hushed,deadpan
4170,press,strong,direct,sustained,balanced,dry,kid-ish,medium,steady,hushed,menacing
4171,press,strong,direct,sustained,balanced,dry,kid-ish,medium,steady,medium,friendly
4172,press,strong,direct,sustained,balanced,dry,kid-ish,medium,steady,medium,deadpan
4173,press,strong,direct,sustained,balanced,dry,kid-ish,medium,steady,medium,menacing
4174,press,strong,direct,sustained,balanced,dry,kid-ish,medium,steady,big,friendly
4175,press,strong,direct,sustained,balanced,dry,kid-ish,medium,steady,big,deadpan
4176,press,strong,direct,sustained,balanced,dry,kid-ish,medium,steady,big,menacing
4177,press,strong,direct,sustained,balanced,dry,kid-ish,medium,rapid,hushed,friendly
4178,press,strong,direct,sustained,balanced,dry,kid-ish,medium,rapid,hushed,deadpan
4179,press,strong,direct,sustained,balanced,dry,kid-ish,medium,rapid,hushed,menacing
4180,press,strong,direct,sustained,balanced,dry,kid-ish,medium,rapid,medium,friendly
4181,press,strong,direct,sustained,balanced,dry,kid-ish,medium,rapid,medium,deadpan
4182,press,strong,direct,sustained,balanced,dry,kid-ish,medium,rapid,medium,menacing
4183,press,strong,direct,sustained,balanced,dry,kid-ish,medium,rapid,big,friendly
4184,press,strong,direct,sustained,balanced,dry,kid-ish,medium,rapid,big,deadpan
4185,press,strong,direct,sustained,balanced,dry,kid-ish,medium,rapid,big,menacing
4186,press,strong,direct,sustained,balanced,dry,kid-ish,huge,slow,hushed,friendly
4187,press,strong,direct,sustained,balanced,dry,kid-ish,huge,slow,hushed,deadpan
4188,press,strong,direct,sustained,balanced,dry,kid-ish,huge,slow,hushed,menacing
4189,press,strong,direct,sustained,balanced,dry,kid-ish,huge,slow,medium,friendly
4190,press,strong,direct,sustained,balanced,dry,kid-ish,huge,slow,medium,deadpan
4191,press,strong,direct,sustained,balanced,dry,kid-ish,huge,slow,medium,menacing
4192,press,strong,direct,sustained,balanced,dry,kid-ish,huge,slow,big,friendly
4193,press,strong,direct,sustained,balanced,dry,kid-ish,huge,slow,big,deadpan
4194,press,strong,direct,sustained,balanced,dry,kid-ish,huge,slow,big,menacing
4195,press,strong,direct,sustained,balanced,dry,kid-ish,huge,steady,hushed,friendly
4196,press,strong,direct,sustained,balanced,dry,kid-ish,huge,steady,hushed,deadpan
4197,press,strong,direct,sustained,balanced,dry,kid-ish,huge,steady,hushed,menacing
4198,press,strong,direct,sustained,balanced,dry,kid-ish,huge,steady,medium,friendly
4199,press,strong,direct,sustained,balanced,dry,kid-ish,huge,steady,medium,deadpan
4200,press,strong,direct,sustained,balanced,dry,kid-ish,huge,steady,medium,menacing
4201,press,strong,direct,sustained,balanced,dry,kid-ish,huge,steady,big,friendly
4202,press,strong,direct,sustained,balanced,dry,kid-ish,huge,steady,big,deadpan
4203,press,strong,direct,sustained,balanced,dry,kid-ish,huge,steady,big,menacing
4204,press,strong,direct,sustained,balanced,dry,kid-ish,huge,rapid,hushed,friendly
4205,press,strong,direct,sustained,balanced,dry,kid-ish,huge,rapid,hushed,deadpan
4206,press,strong,direct,sustained,balanced,dry,kid-ish,huge,rapid,hushed,menacing
4207,press,strong,direct,sustained,balanced,dry,kid-ish,huge,rapid,medium,friendly
4208,press,strong,direct,sustained,balanced,dry,kid-ish,huge,rapid,medium,deadpan
4209,press,strong,direct,sustained,balanced,dry,kid-ish,huge,rapid,medium,menacing
4210,press,strong,direct,sustained,balanced,dry,kid-ish,huge,rapid,big,friendly
4211,press,strong,direct,sustained,balanced,dry,kid-ish,huge,rapid,big,deadpan
4212,press,strong,direct,sustained,balanced,dry,kid-ish,huge,rapid,big,menacing
4213,press,strong,direct,sustained,balanced,dry,adult,tiny,slow,hushed,friendly
4214,press,strong,direct,sustained,balanced,dry,adult,tiny,slow,hushed,deadpan
4215,press,strong,direct,sustained,balanced,dry,adult,tiny,slow,hushed,menacing
4216,press,strong,direct,sustained,balanced,dry,adult,tiny,slow,medium,friendly
4217,press,strong,direct,sustained,balanced,dry,adult,tiny,slow,medium,deadpan
4218,press,strong,direct,sustained,balanced,dry,adult,tiny,slow,medium,menacing
4219,press,strong,direct,sustained,balanced,dry,adult,tiny,slow,big,friendly
4220,press,strong,direct,sustained,balanced,dry,adult,tiny,slow,big,deadpan
4221,press,strong,direct,sustained,balanced,dry,adult,tiny,slow,big,menacing
4222,press,strong,direct,sustained,balanced,dry,adult,tiny,steady,hushed,friendly
4223,press,strong,direct,sustained,balanced,dry,adult,tiny,steady,hushed,deadpan
4224,press,strong,direct,sustained,balanced,dry,adult,tiny,steady,hushed,menacing
4225,press,strong,direct,sustained,balanced,dry,adult,tiny,steady,medium,friendly
4226,press,strong,direct,sustained,balanced,dry,adult,tiny,steady,medium,deadpan
4227,press,strong,direct,sustained,balanced,dry,adult,tiny,steady,medium,menacing
4228,press,strong,direct,sustained,balanced,dry,adult,tiny,steady,big,friendly
4229,press,strong,direct,sustained,balanced,dry,adult,tiny,steady,big,deadpan
4230,press,strong,direct,sustained,balanced,dry,adult,tiny,steady,big,menacing
4231,press,strong,direct,sustained,balanced,dry,adult,tiny,rapid,hushed,friendly
4232,press,strong,direct,sustained,balanced,dry,adult,tiny,rapid,hushed,deadpan
4233,press,strong,direct,sustained,balanced,dry,adult,tiny,rapid,hushed,menacing
4234,press,strong,direct,sustained,balanced,dry,adult,tiny,rapid,medium,friendly
4235,press,strong,direct,sustained,balanced,dry,adult,tiny,rapid,medium,deadpan
4236,press,strong,direct,sustained,balanced,dry,adult,tiny,rapid,medium,menacing
4237,press,strong,direct,sustained,balanced,dry,adult,tiny,rapid,big,friendly
4238,press,strong,direct,sustained,balanced,dry,adult,tiny,rapid,big,deadpan
4239,press,strong,direct,sustained,balanced,dry,adult,tiny,rapid,big,menacing
4240,press,strong,direct,sustained,balanced,dry,adult,medium,slow,hushed,friendly
4241,press,strong,direct,sustained,balanced,dry,adult,medium,slow,hushed,deadpan
4242,press,strong,direct,sustained,balanced,dry,adult,medium,slow,hushed,menacing
4243,press,strong,direct,sustained,balanced,dry,adult,medium,slow,medium,friendly
4244,press,strong,direct,sustained,balanced,dry,adult,medium,slow,medium,deadpan
4245,press,strong,direct,sustained,balanced,dry,adult,medium,slow,medium,menacing
4246,press,strong,direct,sustained,balanced,dry,adult,medium,slow,big,friendly
4247,press,strong,direct,sustained,balanced,dry,adult,medium,slow,big,deadpan
4248,press,strong,direct,sustained,balanced,dry,adult,medium,slow,big,menacing
4249,press,strong,direct,sustained,balanced,dry,adult,medium,steady,hushed,friendly
4250,press,strong,direct,sustained,balanced,dry,adult,medium,steady,hushed,deadpan
4251,press,strong,direct,sustained,balanced,dry,adult,medium,steady,hushed,menacing
4252,press,strong,direct,sustained,balanced,dry,adult,medium,steady,medium,friendly
4253,press,strong,direct,sustained,balanced,dry,adult,medium,steady,medium,deadpan
4254,press,strong,direct,sustained,balanced,dry,adult,medium,steady,medium,menacing
4255,press,strong,direct,sustained,balanced,dry,adult,medium,steady,big,friendly
4256,press,strong,direct,sustained,balanced,dry,adult,medium,steady,big,deadpan
4257,press,strong,direct,sustained,balanced,dry,adult,medium,steady,big,menacing
4258,press,strong,direct,sustained,balanced,dry,adult,medium,rapid,hushed,friendly
4259,press,strong,direct,sustained,balanced,dry,adult,medium,rapid,hushed,deadpan
4260,press,strong,direct,sustained,balanced,dry,adult,medium,rapid,hushed,menacing
4261,press,strong,direct,sustained,balanced,dry,adult,medium,rapid,medium,friendly
4262,press,strong,direct,sustained,balanced,dry,adult,medium,rapid,medium,deadpan
4263,press,strong,direct,sustained,balanced,dry,adult,medium,rapid,medium,menacing
4264,press,strong,direct,sustained,balanced,dry,adult,medium,rapid,big,friendly
4265,press,strong,direct,sustained,balanced,dry,adult,medium,rapid,big,deadpan
4266,press,strong,direct,sustained,balanced,dry,adult,medium,rapid,big,menacing
4267,press,strong,direct,sustained,balanced,dry,adult,huge,slow,hushed,friendly
4268,press,strong,direct,sustained,balanced,dry,adult,huge,slow,hushed,deadpan
4269,press,strong,direct,sustained,balanced,dry,adult,huge,slow,hushed,menacing
4270,press,strong,direct,sustained,balanced,dry,adult,huge,slow,medium,friendly
4271,press,strong,direct,sustained,balanced,dry,adult,huge,slow,medium,deadpan
4272,press,strong,direct,sustained,balanced,dry,adult,huge,slow,medium,menacing
4273,press,strong,direct,sustained,balanced,dry,adult,huge,slow,big,friendly
4274,press,strong,direct,sustained,balanced,dry,adult,huge,slow,big,deadpan
4275,press,strong,direct,sustained,balanced,dry,adult,huge,slow,big,menacing
4276,press,strong,direct,sustained,balanced,dry,adult,huge,steady,hushed,friendly
4277,press,strong,direct,sustained,balanced,dry,adult,huge,steady,hushed,deadpan
4278,press,strong,direct,sustained,balanced,dry,adult,huge,steady,hushed,menacing
4279,press,strong,direct,sustained,balanced,dry,adult,huge,steady,medium,friendly
4280,press,strong,direct,sustained,balanced,dry,adult,huge,steady,medium,deadpan
4281,press,strong,direct,sustained,balanced,dry,adult,huge,steady,medium,menacing
4282,press,strong,direct,sustained,balanced,dry,adult,huge,steady,big,friendly
4283,press,strong,direct,sustained,balanced,dry,adult,huge,steady,big,deadpan
4284,press,strong,direct,sustained,balanced,dry,adult,huge,steady,big,menacing
4285,press,strong,direct,sustained,balanced,dry,adult,huge,rapid,hushed,friendly
4286,press,strong,direct,sustained,balanced,dry,adult,huge,rapid,hushed,deadpan
4287,press,strong,direct,sustained,balanced,dry,adult,huge,rapid,hushed,menacing
4288,press,strong,direct,sustained,balanced,dry,adult,huge,rapid,medium,friendly
4289,press,strong,direct,sustained,balanced,dry,adult,huge,rapid,medium,deadpan
4290,press,strong,direct,sustained,balanced,dry,adult,huge,rapid,medium,menacing
4291,press,strong,direct,sustained,balanced,dry,adult,huge,rapid,big,friendly
4292,press,strong,direct,sustained,balanced,dry,adult,huge,rapid,big,deadpan
4293,press,strong,direct,sustained,balanced,dry,adult,huge,rapid,big,menacing
4294,press,strong,direct,sustained,balanced,dry,elder,tiny,slow,hushed,friendly
4295,press,strong,direct,sustained,balanced,dry,elder,tiny,slow,hushed,deadpan
4296,press,strong,direct,sustained,balanced,dry,elder,tiny,slow,hushed,menacing
4297,press,strong,direct,sustained,balanced,dry,elder,tiny,slow,medium,friendly
4298,press,strong,direct,sustained,balanced,dry,elder,tiny,slow,medium,deadpan
4299,press,strong,direct,sustained,balanced,dry,elder,tiny,slow,medium,menacing
4300,press,strong,direct,sustained,balanced,dry,elder,tiny,slow,big,friendly
4301,press,strong,direct,sustained,balanced,dry,elder,tiny,slow,big,deadpan
4302,press,strong,direct,sustained,balanced,dry,elder,tiny,slow,big,menacing
4303,press,strong,direct,sustained,balanced,dry,elder,tiny,steady,hushed,friendly
4304,press,strong,direct,sustained,balanced,dry,elder,tiny,steady,hushed,deadpan
4305,press,strong,direct,sustained,balanced,dry,elder,tiny,steady,hushed,menacing
4306,press,strong,direct,sustained,balanced,dry,elder,tiny,steady,medium,friendly
4307,press,strong,direct,sustained,balanced,dry,elder,tiny,steady,medium,deadpan
4308,press,strong,direct,sustained,balanced,dry,elder,tiny,steady,medium,menacing
4309,press,strong,direct,sustained,balanced,dry,elder,tiny,steady,big,friendly
4310,press,strong,direct,sustained,balanced,dry,elder,tiny,steady,big,deadpan
4311,press,strong,direct,sustained,balanced,dry,elder,tiny,steady,big,menacing
4312,press,strong,direct,sustained,balanced,dry,elder,tiny,rapid,hushed,friendly
4313,press,strong,direct,sustained,balanced,dry,elder,tiny,rapid,hushed,deadpan
4314,press,strong,direct,sustained,balanced,dry,elder,tiny,rapid,hushed,menacing
4315,press,strong,direct,sustained,balanced,dry,elder,tiny,rapid,medium,friendly
4316,press,strong,direct,sustained,balanced,dry,elder,tiny,rapid,medium,deadpan
4317,press,strong,direct,sustained,balanced,dry,elder,tiny,rapid,medium,menacing
4318,press,strong,direct,sustained,balanced,dry,elder,tiny,rapid,big,friendly
4319,press,strong,direct,sustained,balanced,dry,elder,tiny,rapid,big,deadpan
4320,press,strong,direct,sustained,balanced,dry,elder,tiny,rapid,big,menacing
4321,press,strong,direct,sustained,balanced,dry,elder,medium,slow,hushed,friendly
4322,press,strong,direct,sustained,balanced,dry,elder,medium,slow,hushed,deadpan
4323,press,strong,direct,sustained,balanced,dry,elder,medium,slow,hushed,menacing
4324,press,strong,direct,sustained,balanced,dry,elder,medium,slow,medium,friendly
4325,press,strong,direct,sustained,balanced,dry,elder,medium,slow,medium,deadpan
4326,press,strong,direct,sustained,balanced,dry,elder,medium,slow,medium,menacing
4327,press,strong,direct,sustained,balanced,dry,elder,medium,slow,big,friendly
4328,press,strong,direct,sustained,balanced,dry,elder,medium,slow,big,deadpan
4329,press,strong,direct,sustained,balanced,dry,elder,medium,slow,big,menacing
4330,press,strong,direct,sustained,balanced,dry,elder,medium,steady,hushed,friendly
4331,press,strong,direct,sustained,balanced,dry,elder,medium,steady,hushed,deadpan
4332,press,strong,direct,sustained,balanced,dry,elder,medium,steady,hushed,menacing
4333,press,strong,direct,sustained,balanced,dry,elder,medium,steady,medium,friendly
4334,press,strong,direct,sustained,balanced,dry,elder,medium,steady,medium,deadpan
4335,press,strong,direct,sustained,balanced,dry,elder,medium,steady,medium,menacing
4336,press,strong,direct,sustained,balanced,dry,elder,medium,steady,big,friendly
4337,press,strong,direct,sustained,balanced,dry,elder,medium,steady,big,deadpan
4338,press,strong,direct,sustained,balanced,dry,elder,medium,steady,big,menacing
4339,press,strong,direct,sustained,balanced,dry,elder,medium,rapid,hushed,friendly
4340,press,strong,direct,sustained,balanced,dry,elder,medium,rapid,hushed,deadpan
4341,press,strong,direct,sustained,balanced,dry,elder,medium,rapid,hushed,menacing
4342,press,strong,direct,sustained,balanced,dry,elder,medium,rapid,medium,friendly
4343,press,strong,direct,sustained,balanced,dry,elder,medium,rapid,medium,deadpan
4344,press,strong,direct,sustained,balanced,dry,elder,medium,rapid,medium,menacing
4345,press,strong,direct,sustained,balanced,dry,elder,medium,rapid,big,friendly
4346,press,strong,direct,sustained,balanced,dry,elder,medium,rapid,big,deadpan
4347,press,strong,direct,sustained,balanced,dry,elder,medium,rapid,big,menacing
4348,press,strong,direct,sustained,balanced,dry,elder,huge,slow,hushed,friendly
4349,press,strong,direct,sustained,balanced,dry,elder,huge,slow,hushed,deadpan
4350,press,strong,direct,sustained,balanced,dry,elder,huge,slow,hushed,menacing
4351,press,strong,direct,sustained,balanced,dry,elder,huge,slow,medium,friendly
4352,press,strong,direct,sustained,balanced,dry,elder,huge,slow,medium,deadpan
4353,press,strong,direct,sustained,balanced,dry,elder,huge,slow,medium,menacing
4354,press,strong,direct,sustained,balanced,dry,elder,huge,slow,big,friendly
4355,press,strong,direct,sustained,balanced,dry,elder,huge,slow,big,deadpan
4356,press,strong,direct,sustained,balanced,dry,elder,huge,slow,big,menacing
4357,press,strong,direct,sustained,balanced,dry,elder,huge,steady,hushed,friendly
4358,press,strong,direct,sustained,balanced,dry,elder,huge,steady,hushed,deadpan
4359,press,strong,direct,sustained,balanced,dry,elder,huge,steady,hushed,menacing
4360,press,strong,direct,sustained,balanced,dry,elder,huge,steady,medium,friendly
4361,press,strong,direct,sustained,balanced,dry,elder,huge,steady,medium,deadpan
4362,press,strong,direct,sustained,balanced,dry,elder,huge,steady,medium,menacing
4363,press,strong,direct,sustained,balanced,dry,elder,huge,steady,big,friendly
4364,press,strong,direct,sustained,balanced,dry,elder,huge,steady,big,deadpan
4365,press,strong,direct,sustained,balanced,dry,elder,huge,steady,big,menacing
4366,press,strong,direct,sustained,balanced,dry,elder,huge,rapid,hushed,friendly
4367,press,strong,direct,sustained,balanced,dry,elder,huge,rapid,hushed,deadpan
4368,press,strong,direct,sustained,balanced,dry,elder,huge,rapid,hushed,menacing
4369,press,strong,direct,sustained,balanced,dry,elder,huge,rapid,medium,friendly
4370,press,strong,direct,sustained,balanced,dry,elder,huge,rapid,medium,deadpan
4371,press,strong,direct,sustained,balanced,dry,elder,huge,rapid,medium,menacing
4372,press,strong,direct,sustained,balanced,dry,elder,huge,rapid,big,friendly
4373,press,strong,direct,sustained,balanced,dry,elder,huge,rapid,big,deadpan
4374,press,strong,direct,sustained,balanced,dry,elder,huge,rapid,big,menacing
4375,punch,strong,direct,sudden,nasal,breathy,kid-ish,tiny,slow,hushed,friendly
4376,punch,strong,direct,sudden,nasal,breathy,kid-ish,tiny,slow,hushed,deadpan
4377,punch,strong,direct,sudden,nasal,breathy,kid-ish,tiny,slow,hushed,menacing
4378,punch,strong,direct,sudden,nasal,breathy,kid-ish,tiny,slow,medium,friendly
4379,punch,strong,direct,sudden,nasal,breathy,kid-ish,tiny,slow,medium,deadpan
4380,punch,strong,direct,sudden,nasal,breathy,kid-ish,tiny,slow,medium,menacing
4381,punch,strong,direct,sudden,nasal,breathy,kid-ish,tiny,slow,big,friendly
4382,punch,strong,direct,sudden,nasal,breathy,kid-ish,tiny,slow,big,deadpan
4383,punch,strong,direct,sudden,nasal,breathy,kid-ish,tiny,slow,big,menacing
4384,punch,strong,direct,sudden,nasal,breathy,kid-ish,tiny,steady,hushed,friendly
4385,punch,strong,direct,sudden,nasal,breathy,kid-ish,tiny,steady,hushed,deadpan
4386,punch,strong,direct,sudden,nasal,breathy,kid-ish,tiny,steady,hushed,menacing
4387,punch,strong,direct,sudden,nasal,breathy,kid-ish,tiny,steady,medium,friendly
4388,punch,strong,direct,sudden,nasal,breathy,kid-ish,tiny,steady,medium,deadpan
4389,punch,strong,direct,sudden,nasal,breathy,kid-ish,tiny,steady,medium,menacing
4390,punch,strong,direct,sudden,nasal,breathy,kid-ish,tiny,steady,big,friendly
4391,punch,strong,direct,sudden,nasal,breathy,kid-ish,tiny,steady,big,deadpan
4392,punch,strong,direct,sudden,nasal,breathy,kid-ish,tiny,steady,big,menacing
4393,punch,strong,direct,sudden,nasal,breathy,kid-ish,tiny,rapid,hushed,friendly
4394,punch,strong,direct,sudden,nasal,breathy,kid-ish,tiny,rapid,hushed,deadpan
4395,punch,strong,direct,sudden,nasal,breathy,kid-ish,tiny,rapid,hushed,menacing
4396,punch,strong,direct,sudden,nasal,breathy,kid-ish,tiny,rapid,medium,friendly
4397,punch,strong,direct,sudden,nasal,breathy,kid-ish,tiny,rapid,medium,deadpan
4398,punch,strong,direct,sudden,nasal,breathy,kid-ish,tiny,rapid,medium,menacing
4399,punch,strong,direct,sudden,nasal,breathy,kid-ish,tiny,rapid,big,friendly
4400,punch,strong,direct,sudden,nasal,breathy,kid-ish,tiny,rapid,big,deadpan
4401,punch,strong,direct,sudden,nasal,breathy,kid-ish,tiny,rapid,big,menacing
4402,punch,strong,direct,sudden,nasal,breathy,kid-ish,medium,slow,hushed,friendly
4403,punch,strong,direct,sudden,nasal,breathy,kid-ish,medium,slow,hushed,deadpan
4404,punch,strong,direct,sudden,nasal,breathy,kid-ish,medium,slow,hushed,menacing
4405,punch,strong,direct,sudden,nasal,breathy,kid-ish,medium,slow,medium,friendly
4406,punch,strong,direct,sudden,nasal,breathy,kid-ish,medium,slow,medium,deadpan
4407,punch,strong,direct,sudden,nasal,breathy,kid-ish,medium,slow,medium,menacing
4408,punch,strong,direct,sudden,nasal,breathy,kid-ish,medium,slow,big,friendly
4409,punch,strong,direct,sudden,nasal,breathy,kid-ish,medium,slow,big,deadpan
4410,punch,strong,direct,sudden,nasal,breathy,kid-ish,medium,slow,big,menacing
4411,punch,strong,direct,sudden,nasal,breathy,kid-ish,medium,steady,hushed,friendly
4412,punch,strong,direct,sudden,nasal,breathy,kid-ish,medium,steady,hushed,deadpan
4413,punch,strong,direct,sudden,nasal,breathy,kid-ish,medium,steady,hushed,menacing
4414,punch,strong,direct,sudden,nasal,breathy,kid-ish,medium,steady,medium,friendly
4415,punch,strong,direct,sudden,nasal,breathy,kid-ish,medium,steady,medium,deadpan
4416,punch,strong,direct,sudden,nasal,breathy,kid-ish,medium,steady,medium,menacing
4417,punch,strong,direct,sudden,nasal,breathy,kid-ish,medium,steady,big,friendly
4418,punch,strong,direct,sudden,nasal,breathy,kid-ish,medium,steady,big,deadpan
4419,punch,strong,direct,sudden,nasal,breathy,kid-ish,medium,steady,big,menacing
4420,punch,strong,direct,sudden,nasal,breathy,kid-ish,medium,rapid,hushed,friendly
4421,punch,strong,direct,sudden,nasal,breathy,kid-ish,medium,rapid,hushed,deadpan
4422,punch,strong,direct,sudden,nasal,breathy,kid-ish,medium,rapid,hushed,menacing
4423,punch,strong,direct,sudden,nasal,breathy,kid-ish,medium,rapid,medium,friendly
4424,punch,strong,direct,sudden,nasal,breathy,kid-ish,medium,rapid,medium,deadpan
4425,punch,strong,direct,sudden,nasal,breathy,kid-ish,medium,rapid,medium,menacing
4426,punch,strong,direct,sudden,nasal,breathy,kid-ish,medium,rapid,big,friendly
4427,punch,strong,direct,sudden,nasal,breathy,kid-ish,medium,rapid,big,deadpan
4428,punch,strong,direct,sudden,nasal,breathy,kid-ish,medium,rapid,big,menacing
4429,punch,strong,direct,sudden,nasal,breathy,kid-ish,huge,slow,hushed,friendly
4430,punch,strong,direct,sudden,nasal,breathy,kid-ish,huge,slow,hushed,deadpan
4431,punch,strong,direct,sudden,nasal,breathy,kid-ish,huge,slow,hushed,menacing
4432,punch,strong,direct,sudden,nasal,breathy,kid-ish,huge,slow,medium,friendly
4433,punch,strong,direct,sudden,nasal,breathy,kid-ish,huge,slow,medium,deadpan
4434,punch,strong,direct,sudden,nasal,breathy,kid-ish,huge,slow,medium,menacing
4435,punch,strong,direct,sudden,nasal,breathy,kid-ish,huge,slow,big,friendly
4436,punch,strong,direct,sudden,nasal,breathy,kid-ish,huge,slow,big,deadpan
4437,punch,strong,direct,sudden,nasal,breathy,kid-ish,huge,slow,big,menacing
4438,punch,strong,direct,sudden,nasal,breathy,kid-ish,huge,steady,hushed,friendly
4439,punch,strong,direct,sudden,nasal,breathy,kid-ish,huge,steady,hushed,deadpan
4440,punch,strong,direct,sudden,nasal,breathy,kid-ish,huge,steady,hushed,menacing
4441,punch,strong,direct,sudden,nasal,breathy,kid-ish,huge,steady,medium,friendly
4442,punch,strong,direct,sudden,nasal,breathy,kid-ish,huge,steady,medium,deadpan
4443,punch,strong,direct,sudden,nasal,breathy,kid-ish,huge,steady,medium,menacing
4444,punch,strong,direct,sudden,nasal,breathy,kid-ish,huge,steady,big,friendly
4445,punch,strong,direct,sudden,nasal,breathy,kid-ish,huge,steady,big,deadpan
4446,punch,strong,direct,sudden,nasal,breathy,kid-ish,huge,steady,big,menacing
4447,punch,strong,direct,sudden,nasal,breathy,kid-ish,huge,rapid,hushed,friendly
4448,punch,strong,direct,sudden,nasal,breathy,kid-ish,huge,rapid,hushed,deadpan
4449,punch,strong,direct,sudden,nasal,breathy,kid-ish,huge,rapid,hushed,menacing
4450,punch,strong,direct,sudden,nasal,breathy,kid-ish,huge,rapid,medium,friendly
4451,punch,strong,direct,sudden,nasal,breathy,kid-ish,huge,rapid,medium,deadpan
4452,punch,strong,direct,sudden,nasal,breathy,kid-ish,huge,rapid,medium,menacing
4453,punch,strong,direct,sudden,nasal,breathy,kid-ish,huge,rapid,big,friendly
4454,punch,strong,direct,sudden,nasal,breathy,kid-ish,huge,rapid,big,deadpan
4455,punch,strong,direct,sudden,nasal,breathy,kid-ish,huge,rapid,big,menacing
4456,punch,strong,direct,sudden,nasal,breathy,adult,tiny,slow,hushed,friendly
4457,punch,strong,direct,sudden,nasal,breathy,adult,tiny,slow,hushed,deadpan
4458,punch,strong,direct,sudden,nasal,breathy,adult,tiny,slow,hushed,menacing
4459,punch,strong,direct,sudden,nasal,breathy,adult,tiny,slow,medium,friendly
4460,punch,strong,direct,sudden,nasal,breathy,adult,tiny,slow,medium,deadpan
4461,punch,strong,direct,sudden,nasal,breathy,adult,tiny,slow,medium,menacing
4462,punch,strong,direct,sudden,nasal,breathy,adult,tiny,slow,big,friendly
4463,punch,strong,direct,sudden,nasal,breathy,adult,tiny,slow,big,deadpan
4464,punch,strong,direct,sudden,nasal,breathy,adult,tiny,slow,big,menacing
4465,punch,strong,direct,sudden,nasal,breathy,adult,tiny,steady,hushed,friendly
4466,punch,strong,direct,sudden,nasal,breathy,adult,tiny,steady,hushed,deadpan
4467,punch,strong,direct,sudden,nasal,breathy,adult,tiny,steady,hushed,menacing
4468,punch,strong,direct,sudden,nasal,breathy,adult,tiny,steady,medium,friendly
4469,punch,strong,direct,sudden,nasal,breathy,adult,tiny,steady,medium,deadpan
4470,punch,strong,direct,sudden,nasal,breathy,adult,tiny,steady,medium,menacing
4471,punch,strong,direct,sudden,nasal,breathy,adult,tiny,steady,big,friendly
4472,punch,strong,direct,sudden,nasal,breathy,adult,tiny,steady,big,deadpan
4473,punch,strong,direct,sudden,nasal,breathy,adult,tiny,steady,big,menacing
4474,punch,strong,direct,sudden,nasal,breathy,adult,tiny,rapid,hushed,friendly
4475,punch,strong,direct,sudden,nasal,breathy,adult,tiny,rapid,hushed,deadpan
4476,punch,strong,direct,sudden,nasal,breathy,adult,tiny,rapid,hushed,menacing
4477,punch,strong,direct,sudden,nasal,breathy,adult,tiny,rapid,medium,friendly
4478,punch,strong,direct,sudden,nasal,breathy,adult,tiny,rapid,medium,deadpan
4479,punch,strong,direct,sudden,nasal,breathy,adult,tiny,rapid,medium,menacing
4480,punch,strong,direct,sudden,nasal,breathy,adult,tiny,rapid,big,friendly
4481,punch,strong,direct,sudden,nasal,breathy,adult,tiny,rapid,big,deadpan
4482,punch,strong,direct,sudden,nasal,breathy,adult,tiny,rapid,big,menacing
4483,punch,strong,direct,sudden,nasal,breathy,adult,medium,slow,hushed,friendly
4484,punch,strong,direct,sudden,nasal,breathy,adult,medium,slow,hushed,deadpan
4485,punch,strong,direct,sudden,nasal,breathy,adult,medium,slow,hushed,menacing
4486,punch,strong,direct,sudden,nasal,breathy,adult,medium,slow,medium,friendly
4487,punch,strong,direct,sudden,nasal,breathy,adult,medium,slow,medium,deadpan
4488,punch,strong,direct,sudden,nasal,breathy,adult,medium,slow,medium,menacing
4489,punch,strong,direct,sudden,nasal,breathy,adult,medium,slow,big,friendly
4490,punch,strong,direct,sudden,nasal,breathy,adult,medium,slow,big,deadpan
4491,punch,strong,direct,sudden,nasal,breathy,adult,medium,slow,big,menacing
4492,punch,strong,direct,sudden,nasal,breathy,adult,medium,steady,hushed,friendly
4493,punch,strong,direct,sudden,nasal,breathy,adult,medium,steady,hushed,deadpan
4494,punch,strong,direct,sudden,nasal,breathy,adult,medium,steady,hushed,menacing
4495,punch,strong,direct,sudden,nasal,breathy,adult,medium,steady,medium,friendly
4496,punch,strong,direct,sudden,nasal,breathy,adult,medium,steady,medium,deadpan
4497,punch,strong,direct,sudden,nasal,breathy,adult,medium,steady,medium,menacing
4498,punch,strong,direct,sudden,nasal,breathy,adult,medium,steady,big,friendly
4499,punch,strong,direct,sudden,nasal,breathy,adult,medium,steady,big,deadpan
4500,punch,strong,direct,sudden,nasal,breathy,adult,medium,steady,big,menacing
4501,punch,strong,direct,sudden,nasal,breathy,adult,medium,rapid,hushed,friendly
4502,punch,strong,direct,sudden,nasal,breathy,adult,medium,rapid,hushed,deadpan
4503,punch,strong,direct,sudden,nasal,breathy,adult,medium,rapid,hushed,menacing
4504,punch,strong,direct,sudden,nasal,breathy,adult,medium,rapid,medium,friendly
4505,punch,strong,direct,sudden,nasal,breathy,adult,medium,rapid,medium,deadpan
4506,punch,strong,direct,sudden,nasal,breathy,adult,medium,rapid,medium,menacing
4507,punch,strong,direct,sudden,nasal,breathy,adult,medium,rapid,big,friendly
4508,punch,strong,direct,sudden,nasal,breathy,adult,medium,rapid,big,deadpan
4509,punch,strong,direct,sudden,nasal,breathy,adult,medium,rapid,big,menacing
4510,punch,strong,direct,sudden,nasal,breathy,adult,huge,slow,hushed,friendly
4511,punch,strong,direct,sudden,nasal,breathy,adult,huge,slow,hushed,deadpan
4512,punch,strong,direct,sudden,nasal,breathy,adult,huge,slow,hushed,menacing
4513,punch,strong,direct,sudden,nasal,breathy,adult,huge,slow,medium,friendly
4514,punch,strong,direct,sudden,nasal,breathy,adult,huge,slow,medium,deadpan
4515,punch,strong,direct,sudden,nasal,breathy,adult,huge,slow,medium,menacing
4516,punch,strong,direct,sudden,nasal,breathy,adult,huge,slow,big,friendly
4517,punch,strong,direct,sudden,nasal,breathy,adult,huge,slow,big,deadpan
4518,punch,strong,direct,sudden,nasal,breathy,adult,huge,slow,big,menacing
4519,punch,strong,direct,sudden,nasal,breathy,adult,huge,steady,hushed,friendly
4520,punch,strong,direct,sudden,nasal,breathy,adult,huge,steady,hushed,deadpan
4521,punch,strong,direct,sudden,nasal,breathy,adult,huge,steady,hushed,menacing
4522,punch,strong,direct,sudden,nasal,breathy,adult,huge,steady,medium,friendly
4523,punch,strong,direct,sudden,nasal,breathy,adult,huge,steady,medium,deadpan
4524,punch,strong,direct,sudden,nasal,breathy,adult,huge,steady,medium,menacing
4525,punch,strong,direct,sudden,nasal,breathy,adult,huge,steady,big,friendly
4526,punch,strong,direct,sudden,nasal,breathy,adult,huge,steady,big,deadpan
4527,punch,strong,direct,sudden,nasal,breathy,adult,huge,steady,big,menacing
4528,punch,strong,direct,sudden,nasal,breathy,adult,huge,rapid,hushed,friendly
4529,punch,strong,direct,sudden,nasal,breathy,adult,huge,rapid,hushed,deadpan
4530,punch,strong,direct,sudden,nasal,breathy,adult,huge,rapid,hushed,menacing
4531,punch,strong,direct,sudden,nasal,breathy,adult,huge,rapid,medium,friendly
4532,punch,strong,direct,sudden,nasal,breathy,adult,huge,rapid,medium,deadpan
4533,punch,strong,direct,sudden,nasal,breathy,adult,huge,rapid,medium,menacing
4534,punch,strong,direct,sudden,nasal,breathy,adult,huge,rapid,big,friendly
4535,punch,strong,direct,sudden,nasal,breathy,adult,huge,rapid,big,deadpan
4536,punch,strong,direct,sudden,nasal,breathy,adult,huge,rapid,big,menacing
4537,punch,strong,direct,sudden,nasal,breathy,elder,tiny,slow,hushed,friendly
4538,punch,strong,direct,sudden,nasal,breathy,elder,tiny,slow,hushed,deadpan
4539,punch,strong,direct,sudden,nasal,breathy,elder,tiny,slow,hushed,menacing
4540,punch,strong,direct,sudden,nasal,breathy,elder,tiny,slow,medium,friendly
4541,punch,strong,direct,sudden,nasal,breathy,elder,tiny,slow,medium,deadpan
4542,punch,strong,direct,sudden,nasal,breathy,elder,tiny,slow,medium,menacing
4543,punch,strong,direct,sudden,nasal,breathy,elder,tiny,slow,big,friendly
4544,punch,strong,direct,sudden,nasal,breathy,elder,tiny,slow,big,deadpan
4545,punch,strong,direct,sudden,nasal,breathy,elder,tiny,slow,big,menacing
4546,punch,strong,direct,sudden,nasal,breathy,elder,tiny,steady,hushed,friendly
4547,punch,strong,direct,sudden,nasal,breathy,elder,tiny,steady,hushed,deadpan
4548,punch,strong,direct,sudden,nasal,breathy,elder,tiny,steady,hushed,menacing
4549,punch,strong,direct,sudden,nasal,breathy,elder,tiny,steady,medium,friendly
4550,punch,strong,direct,sudden,nasal,breathy,elder,tiny,steady,medium,deadpan
4551,punch,strong,direct,sudden,nasal,breathy,elder,tiny,steady,medium,menacing
4552,punch,strong,direct,sudden,nasal,breathy,elder,tiny,steady,big,friendly
4553,punch,strong,direct,sudden,nasal,breathy,elder,tiny,steady,big,deadpan
4554,punch,strong,direct,sudden,nasal,breathy,elder,tiny,steady,big,menacing
4555,punch,strong,direct,sudden,nasal,breathy,elder,tiny,rapid,hushed,friendly
4556,punch,strong,direct,sudden,nasal,breathy,elder,tiny,rapid,hushed,deadpan
4557,punch,strong,direct,sudden,nasal,breathy,elder,tiny,rapid,hushed,menacing
4558,punch,strong,direct,sudden,nasal,breathy,elder,tiny,rapid,medium,friendly
4559,punch,strong,direct,sudden,nasal,breathy,elder,tiny,rapid,medium,deadpan
4560,punch,strong,direct,sudden,nasal,breathy,elder,tiny,rapid,medium,menacing
4561,punch,strong,direct,sudden,nasal,breathy,elder,tiny,rapid,big,friendly
4562,punch,strong,direct,sudden,nasal,breathy,elder,tiny,rapid,big,deadpan
4563,punch,strong,direct,sudden,nasal,breathy,elder,tiny,rapid,big,menacing
4564,punch,strong,direct,sudden,nasal,breathy,elder,medium,slow,hushed,friendly
4565,punch,strong,direct,sudden,nasal,breathy,elder,medium,slow,hushed,deadpan
4566,punch,strong,direct,sudden,nasal,breathy,elder,medium,slow,hushed,menacing
4567,punch,strong,direct,sudden,nasal,breathy,elder,medium,slow,medium,friendly
4568,punch,strong,direct,sudden,nasal,breathy,elder,medium,slow,medium,deadpan
4569,punch,strong,direct,sudden,nasal,breathy,elder,medium,slow,medium,menacing
4570,punch,strong,direct,sudden,nasal,breathy,elder,medium,slow,big,friendly
4571,punch,strong,direct,sudden,nasal,breathy,elder,medium,slow,big,deadpan
4572,punch,strong,direct,sudden,nasal,breathy,elder,medium,slow,big,menacing
4573,punch,strong,direct,sudden,nasal,breathy,elder,medium,steady,hushed,friendly
4574,punch,strong,direct,sudden,nasal,breathy,elder,medium,steady,hushed,deadpan
4575,punch,strong,direct,sudden,nasal,breathy,elder,medium,steady,hushed,menacing
4576,punch,strong,direct,sudden,nasal,breathy,elder,medium,steady,medium,friendly
4577,punch,strong,direct,sudden,nasal,breathy,elder,medium,steady,medium,deadpan
4578,punch,strong,direct,sudden,nasal,breathy,elder,medium,steady,medium,menacing
4579,punch,strong,direct,sudden,nasal,breathy,elder,medium,steady,big,friendly
4580,punch,strong,direct,sudden,nasal,breathy,elder,medium,steady,big,deadpan
4581,punch,strong,direct,sudden,nasal,breathy,elder,medium,steady,big,menacing
4582,punch,strong,direct,sudden,nasal,breathy,elder,medium,rapid,hushed,friendly
4583,punch,strong,direct,sudden,nasal,breathy,elder,medium,rapid,hushed,deadpan
4584,punch,strong,direct,sudden,nasal,breathy,elder,medium,rapid,hushed,menacing
4585,punch,strong,direct,sudden,nasal,breathy,elder,medium,rapid,medium,friendly
4586,punch,strong,direct,sudden,nasal,breathy,elder,medium,rapid,medium,deadpan
4587,punch,strong,direct,sudden,nasal,breathy,elder,medium,rapid,medium,menacing
4588,punch,strong,direct,sudden,nasal,breathy,elder,medium,rapid,big,friendly
4589,punch,strong,direct,sudden,nasal,breathy,elder,medium,rapid,big,deadpan
4590,punch,strong,direct,sudden,nasal,breathy,elder,medium,rapid,big,menacing
4591,punch,strong,direct,sudden,nasal,breathy,elder,huge,slow,hushed,friendly
4592,punch,strong,direct,sudden,nasal,breathy,elder,huge,slow,hushed,deadpan
4593,punch,strong,direct,sudden,nasal,breathy,elder,huge,slow,hushed,menacing
4594,punch,strong,direct,sudden,nasal,breathy,elder,huge,slow,medium,friendly
4595,punch,strong,direct,sudden,nasal,breathy,elder,huge,slow,medium,deadpan
4596,punch,strong,direct,sudden,nasal,breathy,elder,huge,slow,medium,menacing
4597,punch,strong,direct,sudden,nasal,breathy,elder,huge,slow,big,friendly
4598,punch,strong,direct,sudden,nasal,breathy,elder,huge,slow,big,deadpan
4599,punch,strong,direct,sudden,nasal,breathy,elder,huge,slow,big,menacing
4600,punch,strong,direct,sudden,nasal,breathy,elder,huge,steady,hushed,friendly
4601,punch,strong,direct,sudden,nasal,breathy,elder,huge,steady,hushed,deadpan
4602,punch,strong,direct,sudden,nasal,breathy,elder,huge,steady,hushed,menacing
4603,punch,strong,direct,sudden,nasal,breathy,elder,huge,steady,medium,friendly
4604,punch,strong,direct,sudden,nasal,breathy,elder,huge,steady,medium,deadpan
4605,punch,strong,direct,sudden,nasal,breathy,elder,huge,steady,medium,menacing
4606,punch,strong,direct,sudden,nasal,breathy,elder,huge,steady,big,friendly
4607,punch,strong,direct,sudden,nasal,breathy,elder,huge,steady,big,deadpan
4608,punch,strong,direct,sudden,nasal,breathy,elder,huge,steady,big,menacing
4609,punch,strong,direct,sudden,nasal,breathy,elder,huge,rapid,hushed,friendly
4610,punch,strong,direct,sudden,nasal,breathy,elder,huge,rapid,hushed,deadpan
4611,punch,strong,direct,sudden,nasal,breathy,elder,huge,rapid,hushed,menacing
4612,punch,strong,direct,sudden,nasal,breathy,elder,huge,rapid,medium,friendly
4613,punch,strong,direct,sudden,nasal,breathy,elder,huge,rapid,medium,deadpan
4614,punch,strong,direct,sudden,nasal,breathy,elder,huge,rapid,medium,menacing
4615,punch,strong,direct,sudden,nasal,breathy,elder,huge,rapid,big,friendly
4616,punch,strong,direct,sudden,nasal,breathy,elder,huge,rapid,big,deadpan
4617,punch,strong,direct,sudden,nasal,breathy,elder,huge,rapid,big,menacing
4618,punch,strong,direct,sudden,nasal,dry,kid-ish,tiny,slow,hushed,friendly
4619,punch,strong,direct,sudden,nasal,dry,kid-ish,tiny,slow,hushed,deadpan
4620,punch,strong,direct,sudden,nasal,dry,kid-ish,tiny,slow,hushed,menacing
4621,punch,strong,direct,sudden,nasal,dry,kid-ish,tiny,slow,medium,friendly
4622,punch,strong,direct,sudden,nasal,dry,kid-ish,tiny,slow,medium,deadpan
4623,punch,strong,direct,sudden,nasal,dry,kid-ish,tiny,slow,medium,menacing
4624,punch,strong,direct,sudden,nasal,dry,kid-ish,tiny,slow,big,friendly
4625,punch,strong,direct,sudden,nasal,dry,kid-ish,tiny,slow,big,deadpan
4626,punch,strong,direct,sudden,nasal,dry,kid-ish,tiny,slow,big,menacing
4627,punch,strong,direct,sudden,nasal,dry,kid-ish,tiny,steady,hushed,friendly
4628,punch,strong,direct,sudden,nasal,dry,kid-ish,tiny,steady,hushed,deadpan
4629,punch,strong,direct,sudden,nasal,dry,kid-ish,tiny,steady,hushed,menacing
4630,punch,strong,direct,sudden,nasal,dry,kid-ish,tiny,steady,medium,friendly
4631,punch,strong,direct,sudden,nasal,dry,kid-ish,tiny,steady,medium,deadpan
4632,punch,strong,direct,sudden,nasal,dry,kid-ish,tiny,steady,medium,menacing
4633,punch,strong,direct,sudden,nasal,dry,kid-ish,tiny,steady,big,friendly
4634,punch,strong,direct,sudden,nasal,dry,kid-ish,tiny,steady,big,deadpan
4635,punch,strong,direct,sudden,nasal,dry,kid-ish,tiny,steady,big,menacing
4636,punch,strong,direct,sudden,nasal,dry,kid-ish,tiny,rapid,hushed,friendly
4637,punch,strong,direct,sudden,nasal,dry,kid-ish,tiny,rapid,hushed,deadpan
4638,punch,strong,direct,sudden,nasal,dry,kid-ish,tiny,rapid,hushed,menacing
4639,punch,strong,direct,sudden,nasal,dry,kid-ish,tiny,rapid,medium,friendly
4640,punch,strong,direct,sudden,nasal,dry,kid-ish,tiny,rapid,medium,deadpan
4641,punch,strong,direct,sudden,nasal,dry,kid-ish,tiny,rapid,medium,menacing
4642,punch,strong,direct,sudden,nasal,dry,kid-ish,tiny,rapid,big,friendly
4643,punch,strong,direct,sudden,nasal,dry,kid-ish,tiny,rapid,big,deadpan
4644,punch,strong,direct,sudden,nasal,dry,kid-ish,tiny,rapid,big,menacing
4645,punch,strong,direct,sudden,nasal,dry,kid-ish,medium,slow,hushed,friendly
4646,punch,strong,direct,sudden,nasal,dry,kid-ish,medium,slow,hushed,deadpan
4647,punch,strong,direct,sudden,nasal,dry,kid-ish,medium,slow,hushed,menacing
4648,punch,strong,direct,sudden,nasal,dry,kid-ish,medium,slow,medium,friendly
4649,punch,strong,direct,sudden,nasal,dry,kid-ish,medium,slow,medium,deadpan
4650,punch,strong,direct,sudden,nasal,dry,kid-ish,medium,slow,medium,menacing
4651,punch,strong,direct,sudden,nasal,dry,kid-ish,medium,slow,big,friendly
4652,punch,strong,direct,sudden,nasal,dry,kid-ish,medium,slow,big,deadpan
4653,punch,strong,direct,sudden,nasal,dry,kid-ish,medium,slow,big,menacing
4654,punch,strong,direct,sudden,nasal,dry,kid-ish,medium,steady,hushed,friendly
4655,punch,strong,direct,sudden,nasal,dry,kid-ish,medium,steady,hushed,deadpan
4656,punch,strong,direct,sudden,nasal,dry,kid-ish,medium,steady,hushed,menacing
4657,punch,strong,direct,sudden,nasal,dry,kid-ish,medium,steady,medium,friendly
4658,punch,strong,direct,sudden,nasal,dry,kid-ish,medium,steady,medium,deadpan
4659,punch,strong,direct,sudden,nasal,dry,kid-ish,medium,steady,medium,menacing
4660,punch,strong,direct,sudden,nasal,dry,kid-ish,medium,steady,big,friendly
4661,punch,strong,direct,sudden,nasal,dry,kid-ish,medium,steady,big,deadpan
4662,punch,strong,direct,sudden,nasal,dry,kid-ish,medium,steady,big,menacing
4663,punch,strong,direct,sudden,nasal,dry,kid-ish,medium,rapid,hushed,friendly
4664,punch,strong,direct,sudden,nasal,dry,kid-ish,medium,rapid,hushed,deadpan
4665,punch,strong,direct,sudden,nasal,dry,kid-ish,medium,rapid,hushed,menacing
4666,punch,strong,direct,sudden,nasal,dry,kid-ish,medium,rapid,medium,friendly
4667,punch,strong,direct,sudden,nasal,dry,kid-ish,medium,rapid,medium,deadpan
4668,punch,strong,direct,sudden,nasal,dry,kid-ish,medium,rapid,medium,menacing
4669,punch,strong,direct,sudden,nasal,dry,kid-ish,medium,rapid,big,friendly
4670,punch,strong,direct,sudden,nasal,dry,kid-ish,medium,rapid,big,deadpan
4671,punch,strong,direct,sudden,nasal,dry,kid-ish,medium,rapid,big,menacing
4672,punch,strong,direct,sudden,nasal,dry,kid-ish,huge,slow,hushed,friendly
4673,punch,strong,direct,sudden,nasal,dry,kid-ish,huge,slow,hushed,deadpan
4674,punch,strong,direct,sudden,nasal,dry,kid-ish,huge,slow,hushed,menacing
4675,punch,strong,direct,sudden,nasal,dry,kid-ish,huge,slow,medium,friendly
4676,punch,strong,direct,sudden,nasal,dry,kid-ish,huge,slow,medium,deadpan
4677,punch,strong,direct,sudden,nasal,dry,kid-ish,huge,slow,medium,menacing
4678,punch,strong,direct,sudden,nasal,dry,kid-ish,huge,slow,big,friendly
4679,punch,strong,direct,sudden,nasal,dry,kid-ish,huge,slow,big,deadpan
4680,punch,strong,direct,sudden,nasal,dry,kid-ish,huge,slow,big,menacing
4681,punch,strong,direct,sudden,nasal,dry,kid-ish,huge,steady,hushed,friendly
4682,punch,strong,direct,sudden,nasal,dry,kid-ish,huge,steady,hushed,deadpan
4683,punch,strong,direct,sudden,nasal,dry,kid-ish,huge,steady,hushed,menacing
4684,punch,strong,direct,sudden,nasal,dry,kid-ish,huge,steady,medium,friendly
4685,punch,strong,direct,sudden,nasal,dry,kid-ish,huge,steady,medium,deadpan
4686,punch,strong,direct,sudden,nasal,dry,kid-ish,huge,steady,medium,menacing
4687,punch,strong,direct,sudden,nasal,dry,kid-ish,huge,steady,big,friendly
4688,punch,strong,direct,sudden,nasal,dry,kid-ish,huge,steady,big,deadpan
4689,punch,strong,direct,sudden,nasal,dry,kid-ish,huge,steady,big,menacing
4690,punch,strong,direct,sudden,nasal,dry,kid-ish,huge,rapid,hushed,friendly
4691,punch,strong,direct,sudden,nasal,dry,kid-ish,huge,rapid,hushed,deadpan
4692,punch,strong,direct,sudden,nasal,dry,kid-ish,huge,rapid,hushed,menacing
4693,punch,strong,direct,sudden,nasal,dry,kid-ish,huge,rapid,medium,friendly
4694,punch,strong,direct,sudden,nasal,dry,kid-ish,huge,rapid,medium,deadpan
4695,punch,strong,direct,sudden,nasal,dry,kid-ish,huge,rapid,medium,menacing
4696,punch,strong,direct,sudden,nasal,dry,kid-ish,huge,rapid,big,friendly
4697,punch,strong,direct,sudden,nasal,dry,kid-ish,huge,rapid,big,deadpan
4698,punch,strong,direct,sudden,nasal,dry,kid-ish,huge,rapid,big,menacing
4699,punch,strong,direct,sudden,nasal,dry,adult,tiny,slow,hushed,friendly
4700,punch,strong,direct,sudden,nasal,dry,adult,tiny,slow,hushed,deadpan
4701,punch,strong,direct,sudden,nasal,dry,adult,tiny,slow,hushed,menacing
4702,punch,strong,direct,sudden,nasal,dry,adult,tiny,slow,medium,friendly
4703,punch,strong,direct,sudden,nasal,dry,adult,tiny,slow,medium,deadpan
4704,punch,strong,direct,sudden,nasal,dry,adult,tiny,slow,medium,menacing
4705,punch,strong,direct,sudden,nasal,dry,adult,tiny,slow,big,friendly
4706,punch,strong,direct,sudden,nasal,dry,adult,tiny,slow,big,deadpan
4707,punch,strong,direct,sudden,nasal,dry,adult,tiny,slow,big,menacing
4708,punch,strong,direct,sudden,nasal,dry,adult,tiny,steady,hushed,friendly
4709,punch,strong,direct,sudden,nasal,dry,adult,tiny,steady,hushed,deadpan
4710,punch,strong,direct,sudden,nasal,dry,adult,tiny,steady,hushed,menacing
4711,punch,strong,direct,sudden,nasal,dry,adult,tiny,steady,medium,friendly
4712,punch,strong,direct,sudden,nasal,dry,adult,tiny,steady,medium,deadpan
4713,punch,strong,direct,sudden,nasal,dry,adult,tiny,steady,medium,menacing
4714,punch,strong,direct,sudden,nasal,dry,adult,tiny,steady,big,friendly
4715,punch,strong,direct,sudden,nasal,dry,adult,tiny,steady,big,deadpan
4716,punch,strong,direct,sudden,nasal,dry,adult,tiny,steady,big,menacing
4717,punch,strong,direct,sudden,nasal,dry,adult,tiny,rapid,hushed,friendly
4718,punch,strong,direct,sudden,nasal,dry,adult,tiny,rapid,hushed,deadpan
4719,punch,strong,direct,sudden,nasal,dry,adult,tiny,rapid,hushed,menacing
4720,punch,strong,direct,sudden,nasal,dry,adult,tiny,rapid,medium,friendly
4721,punch,strong,direct,sudden,nasal,dry,adult,tiny,rapid,medium,deadpan
4722,punch,strong,direct,sudden,nasal,dry,adult,tiny,rapid,medium,menacing
4723,punch,strong,direct,sudden,nasal,dry,adult,tiny,rapid,big,friendly
4724,punch,strong,direct,sudden,nasal,dry,adult,tiny,rapid,big,deadpan
4725,punch,strong,direct,sudden,nasal,dry,adult,tiny,rapid,big,menacing
4726,punch,strong,direct,sudden,nasal,dry,adult,medium,slow,hushed,friendly
4727,punch,strong,direct,sudden,nasal,dry,adult,medium,slow,hushed,deadpan
4728,punch,strong,direct,sudden,nasal,dry,adult,medium,slow,hushed,menacing
4729,punch,strong,direct,sudden,nasal,dry,adult,medium,slow,medium,friendly
4730,punch,strong,direct,sudden,nasal,dry,adult,medium,slow,medium,deadpan
4731,punch,strong,direct,sudden,nasal,dry,adult,medium,slow,medium,menacing
4732,punch,strong,direct,sudden,nasal,dry,adult,medium,slow,big,friendly
4733,punch,strong,direct,sudden,nasal,dry,adult,medium,slow,big,deadpan
4734,punch,strong,direct,sudden,nasal,dry,adult,medium,slow,big,menacing
4735,punch,strong,direct,sudden,nasal,dry,adult,medium,steady,hushed,friendly
4736,punch,strong,direct,sudden,nasal,dry,adult,medium,steady,hushed,deadpan
4737,punch,strong,direct,sudden,nasal,dry,adult,medium,steady,hushed,menacing
4738,punch,strong,direct,sudden,nasal,dry,adult,medium,steady,medium,friendly
4739,punch,strong,direct,sudden,nasal,dry,adult,medium,steady,medium,deadpan
4740,punch,strong,direct,sudden,nasal,dry,adult,medium,steady,medium,menacing
4741,punch,strong,direct,sudden,nasal,dry,adult,medium,steady,big,friendly
4742,punch,strong,direct,sudden,nasal,dry,adult,medium,steady,big,deadpan
4743,punch,strong,direct,sudden,nasal,dry,adult,medium,steady,big,menacing
4744,punch,strong,direct,sudden,nasal,dry,adult,medium,rapid,hushed,friendly
4745,punch,strong,direct,sudden,nasal,dry,adult,medium,rapid,hushed,deadpan
4746,punch,strong,direct,sudden,nasal,dry,adult,medium,rapid,hushed,menacing
4747,punch,strong,direct,sudden,nasal,dry,adult,medium,rapid,medium,friendly
4748,punch,strong,direct,sudden,nasal,dry,adult,medium,rapid,medium,deadpan
4749,punch,strong,direct,sudden,nasal,dry,adult,medium,rapid,medium,menacing
4750,punch,strong,direct,sudden,nasal,dry,adult,medium,rapid,big,friendly
4751,punch,strong,direct,sudden,nasal,dry,adult,medium,rapid,big,deadpan
4752,punch,strong,direct,sudden,nasal,dry,adult,medium,rapid,big,menacing
4753,punch,strong,direct,sudden,nasal,dry,adult,huge,slow,hushed,friendly
4754,punch,strong,direct,sudden,nasal,dry,adult,huge,slow,hushed,deadpan
4755,punch,strong,direct,sudden,nasal,dry,adult,huge,slow,hushed,menacing
4756,punch,strong,direct,sudden,nasal,dry,adult,huge,slow,medium,friendly
4757,punch,strong,direct,sudden,nasal,dry,adult,huge,slow,medium,deadpan
4758,punch,strong,direct,sudden,nasal,dry,adult,huge,slow,medium,menacing
4759,punch,strong,direct,sudden,nasal,dry,adult,huge,slow,big,friendly
4760,punch,strong,direct,sudden,nasal,dry,adult,huge,slow,big,deadpan
4761,punch,strong,direct,sudden,nasal,dry,adult,huge,slow,big,menacing
4762,punch,strong,direct,sudden,nasal,dry,adult,huge,steady,hushed,friendly
4763,punch,strong,direct,sudden,nasal,dry,adult,huge,steady,hushed,deadpan
4764,punch,strong,direct,sudden,nasal,dry,adult,huge,steady,hushed,menacing
4765,punch,strong,direct,sudden,nasal,dry,adult,huge,steady,medium,friendly
4766,punch,strong,direct,sudden,nasal,dry,adult,huge,steady,medium,deadpan
4767,punch,strong,direct,sudden,nasal,dry,adult,huge,steady,medium,menacing
4768,punch,strong,direct,sudden,nasal,dry,adult,huge,steady,big,friendly
4769,punch,strong,direct,sudden,nasal,dry,adult,huge,steady,big,deadpan
4770,punch,strong,direct,sudden,nasal,dry,adult,huge,steady,big,menacing
4771,punch,strong,direct,sudden,nasal,dry,adult,huge,rapid,hushed,friendly
4772,punch,strong,direct,sudden,nasal,dry,adult,huge,rapid,hushed,deadpan
4773,punch,strong,direct,sudden,nasal,dry,adult,huge,rapid,hushed,menacing
4774,punch,strong,direct,sudden,nasal,dry,adult,huge,rapid,medium,friendly
4775,punch,strong,direct,sudden,nasal,dry,adult,huge,rapid,medium,deadpan
4776,punch,strong,direct,sudden,nasal,dry,adult,huge,rapid,medium,menacing
4777,punch,strong,direct,sudden,nasal,dry,adult,huge,rapid,big,friendly
4778,punch,strong,direct,sudden,nasal,dry,adult,huge,rapid,big,deadpan
4779,punch,strong,direct,sudden,nasal,dry,adult,huge,rapid,big,menacing
4780,punch,strong,direct,sudden,nasal,dry,elder,tiny,slow,hushed,friendly
4781,punch,strong,direct,sudden,nasal,dry,elder,tiny,slow,hushed,deadpan
4782,punch,strong,direct,sudden,nasal,dry,elder,tiny,slow,hushed,menacing
4783,punch,strong,direct,sudden,nasal,dry,elder,tiny,slow,medium,friendly
4784,punch,strong,direct,sudden,nasal,dry,elder,tiny,slow,medium,deadpan
4785,punch,strong,direct,sudden,nasal,dry,elder,tiny,slow,medium,menacing
4786,punch,strong,direct,sudden,nasal,dry,elder,tiny,slow,big,friendly
4787,punch,strong,direct,sudden,nasal,dry,elder,tiny,slow,big,deadpan
4788,punch,strong,direct,sudden,nasal,dry,elder,tiny,slow,big,menacing
4789,punch,strong,direct,sudden,nasal,dry,elder,tiny,steady,hushed,friendly
4790,punch,strong,direct,sudden,nasal,dry,elder,tiny,steady,hushed,deadpan
4791,punch,strong,direct,sudden,nasal,dry,elder,tiny,steady,hushed,menacing
4792,punch,strong,direct,sudden,nasal,dry,elder,tiny,steady,medium,friendly
4793,punch,strong,direct,sudden,nasal,dry,elder,tiny,steady,medium,deadpan
4794,punch,strong,direct,sudden,nasal,dry,elder,tiny,steady,medium,menacing
4795,punch,strong,direct,sudden,nasal,dry,elder,tiny,steady,big,friendly
4796,punch,strong,direct,sudden,nasal,dry,elder,tiny,steady,big,deadpan
4797,punch,strong,direct,sudden,nasal,dry,elder,tiny,steady,big,menacing
4798,punch,strong,direct,sudden,nasal,dry,elder,tiny,rapid,hushed,friendly
4799,punch,strong,direct,sudden,nasal,dry,elder,tiny,rapid,hushed,deadpan
4800,punch,strong,direct,sudden,nasal,dry,elder,tiny,rapid,hushed,menacing
4801,punch,strong,direct,sudden,nasal,dry,elder,tiny,rapid,medium,friendly
4802,punch,strong,direct,sudden,nasal,dry,elder,tiny,rapid,medium,deadpan
4803,punch,strong,direct,sudden,nasal,dry,elder,tiny,rapid,medium,menacing
4804,punch,strong,direct,sudden,nasal,dry,elder,tiny,rapid,big,friendly
4805,punch,strong,direct,sudden,nasal,dry,elder,tiny,rapid,big,deadpan
4806,punch,strong,direct,sudden,nasal,dry,elder,tiny,rapid,big,menacing
4807,punch,strong,direct,sudden,nasal,dry,elder,medium,slow,hushed,friendly
4808,punch,strong,direct,sudden,nasal,dry,elder,medium,slow,hushed,deadpan
4809,punch,strong,direct,sudden,nasal,dry,elder,medium,slow,hushed,menacing
4810,punch,strong,direct,sudden,nasal,dry,elder,medium,slow,medium,friendly
4811,punch,strong,direct,sudden,nasal,dry,elder,medium,slow,medium,deadpan
4812,punch,strong,direct,sudden,nasal,dry,elder,medium,slow,medium,menacing
4813,punch,strong,direct,sudden,nasal,dry,elder,medium,slow,big,friendly
4814,punch,strong,direct,sudden,nasal,dry,elder,medium,slow,big,deadpan
4815,punch,strong,direct,sudden,nasal,dry,elder,medium,slow,big,menacing
4816,punch,strong,direct,sudden,nasal,dry,elder,medium,steady,hushed,friendly
4817,punch,strong,direct,sudden,nasal,dry,elder,medium,steady,hushed,deadpan
4818,punch,strong,direct,sudden,nasal,dry,elder,medium,steady,hushed,menacing
4819,punch,strong,direct,sudden,nasal,dry,elder,medium,steady,medium,friendly
4820,punch,strong,direct,sudden,nasal,dry,elder,medium,steady,medium,deadpan
4821,punch,strong,direct,sudden,nasal,dry,elder,medium,steady,medium,menacing
4822,punch,strong,direct,sudden,nasal,dry,elder,medium,steady,big,friendly
4823,punch,strong,direct,sudden,nasal,dry,elder,medium,steady,big,deadpan
4824,punch,strong,direct,sudden,nasal,dry,elder,medium,steady,big,menacing
4825,punch,strong,direct,sudden,nasal,dry,elder,medium,rapid,hushed,friendly
4826,punch,strong,direct,sudden,nasal,dry,elder,medium,rapid,hushed,deadpan
4827,punch,strong,direct,sudden,nasal,dry,elder,medium,rapid,hushed,menacing
4828,punch,strong,direct,sudden,nasal,dry,elder,medium,rapid,medium,friendly
4829,punch,strong,direct,sudden,nasal,dry,elder,medium,rapid,medium,deadpan
4830,punch,strong,direct,sudden,nasal,dry,elder,medium,rapid,medium,menacing
4831,punch,strong,direct,sudden,nasal,dry,elder,medium,rapid,big,friendly
4832,punch,strong,direct,sudden,nasal,dry,elder,medium,rapid,big,deadpan
4833,punch,strong,direct,sudden,nasal,dry,elder,medium,rapid,big,menacing
4834,punch,strong,direct,sudden,nasal,dry,elder,huge,slow,hushed,friendly
4835,punch,strong,direct,sudden,nasal,dry,elder,huge,slow,hushed,deadpan
4836,punch,strong,direct,sudden,nasal,dry,elder,huge,slow,hushed,menacing
4837,punch,strong,direct,sudden,nasal,dry,elder,huge,slow,medium,friendly
4838,punch,strong,direct,sudden,nasal,dry,elder,huge,slow,medium,deadpan
4839,punch,strong,direct,sudden,nasal,dry,elder,huge,slow,medium,menacing
4840,punch,strong,direct,sudden,nasal,dry,elder,huge,slow,big,friendly
4841,punch,strong,direct,sudden,nasal,dry,elder,huge,slow,big,deadpan
4842,punch,strong,direct,sudden,nasal,dry,elder,huge,slow,big,menacing
4843,punch,strong,direct,sudden,nasal,dry,elder,huge,steady,hushed,friendly
4844,punch,strong,direct,sudden,nasal,dry,elder,huge,steady,hushed,deadpan
4845,punch,strong,direct,sudden,nasal,dry,elder,huge,steady,hushed,menacing
4846,punch,strong,direct,sudden,nasal,dry,elder,huge,steady,medium,friendly
4847,punch,strong,direct,sudden,nasal,dry,elder,huge,steady,medium,deadpan
4848,punch,strong,direct,sudden,nasal,dry,elder,huge,steady,medium,menacing
4849,punch,strong,direct,sudden,nasal,dry,elder,huge,steady,big,friendly
4850,punch,strong,direct,sudden,nasal,dry,elder,huge,steady,big,deadpan
4851,punch,strong,direct,sudden,nasal,dry,elder,huge,steady,big,menacing
4852,punch,strong,direct,sudden,nasal,dry,elder,huge,rapid,hushed,friendly
4853,punch,strong,direct,sudden,nasal,dry,elder,huge,rapid,hushed,deadpan
4854,punch,strong,direct,sudden,nasal,dry,elder,huge,rapid,hushed,menacing
4855,punch,strong,direct,sudden,nasal,dry,elder,huge,rapid,medium,friendly
4856,punch,strong,direct,sudden,nasal,dry,elder,huge,rapid,medium,deadpan
4857,punch,strong,direct,sudden,nasal,dry,elder,huge,rapid,medium,menacing
4858,punch,strong,direct,sudden,nasal,dry,elder,huge,rapid,big,friendly
4859,punch,strong,direct,sudden,nasal,dry,elder,huge,rapid,big,deadpan
4860,punch,strong,direct,sudden,nasal,dry,elder,huge,rapid,big,menacing
4861,punch,strong,direct,sudden,throaty,breathy,kid-ish,tiny,slow,hushed,friendly
4862,punch,strong,direct,sudden,throaty,breathy,kid-ish,tiny,slow,hushed,deadpan
4863,punch,strong,direct,sudden,throaty,breathy,kid-ish,tiny,slow,hushed,menacing
4864,punch,strong,direct,sudden,throaty,breathy,kid-ish,tiny,slow,medium,friendly
4865,punch,strong,direct,sudden,throaty,breathy,kid-ish,tiny,slow,medium,deadpan
4866,punch,strong,direct,sudden,throaty,breathy,kid-ish,tiny,slow,medium,menacing
4867,punch,strong,direct,sudden,throaty,breathy,kid-ish,tiny,slow,big,friendly
4868,punch,strong,direct,sudden,throaty,breathy,kid-ish,tiny,slow,big,deadpan
4869,punch,strong,direct,sudden,throaty,breathy,kid-ish,tiny,slow,big,menacing
4870,punch,strong,direct,sudden,throaty,breathy,kid-ish,tiny,steady,hushed,friendly
4871,punch,strong,direct,sudden,throaty,breathy,kid-ish,tiny,steady,hushed,deadpan
4872,punch,strong,direct,sudden,throaty,breathy,kid-ish,tiny,steady,hushed,menacing
4873,punch,strong,direct,sudden,throaty,breathy,kid-ish,tiny,steady,medium,friendly
4874,punch,strong,direct,sudden,throaty,breathy,kid-ish,tiny,steady,medium,deadpan
4875,punch,strong,direct,sudden,throaty,breathy,kid-ish,tiny,steady,medium,menacing
4876,punch,strong,direct,sudden,throaty,breathy,kid-ish,tiny,steady,big,friendly
4877,punch,strong,direct,sudden,throaty,breathy,kid-ish,tiny,steady,big,deadpan
4878,punch,strong,direct,sudden,throaty,breathy,kid-ish,tiny,steady,big,menacing
4879,punch,strong,direct,sudden,throaty,breathy,kid-ish,tiny,rapid,hushed,friendly
4880,punch,strong,direct,sudden,throaty,breathy,kid-ish,tiny,rapid,hushed,deadpan
4881,punch,strong,direct,sudden,throaty,breathy,kid-ish,tiny,rapid,hushed,menacing
4882,punch,strong,direct,sudden,throaty,breathy,kid-ish,tiny,rapid,medium,friendly
4883,punch,strong,direct,sudden,throaty,breathy,kid-ish,tiny,rapid,medium,deadpan
4884,punch,strong,direct,sudden,throaty,breathy,kid-ish,tiny,rapid,medium,menacing
4885,punch,strong,direct,sudden,throaty,breathy,kid-ish,tiny,rapid,big,friendly
4886,punch,strong,direct,sudden,throaty,breathy,kid-ish,tiny,rapid,big,deadpan
4887,punch,strong,direct,sudden,throaty,breathy,kid-ish,tiny,rapid,big,menacing
4888,punch,strong,direct,sudden,throaty,breathy,kid-ish,medium,slow,hushed,friendly
4889,punch,strong,direct,sudden,throaty,breathy,kid-ish,medium,slow,hushed,deadpan
4890,punch,strong,direct,sudden,throaty,breathy,kid-ish,medium,slow,hushed,menacing
4891,punch,strong,direct,sudden,throaty,breathy,kid-ish,medium,slow,medium,friendly
4892,punch,strong,direct,sudden,throaty,breathy,kid-ish,medium,slow,medium,deadpan
4893,punch,strong,direct,sudden,throaty,breathy,kid-ish,medium,slow,medium,menacing
4894,punch,strong,direct,sudden,throaty,breathy,kid-ish,medium,slow,big,friendly
4895,punch,strong,direct,sudden,throaty,breathy,kid-ish,medium,slow,big,deadpan
4896,punch,strong,direct,sudden,throaty,breathy,kid-ish,medium,slow,big,menacing
4897,punch,strong,direct,sudden,throaty,breathy,kid-ish,medium,steady,hushed,friendly
4898,punch,strong,direct,sudden,throaty,breathy,kid-ish,medium,steady,hushed,deadpan
4899,punch,strong,direct,sudden,throaty,breathy,kid-ish,medium,steady,hushed,menacing
4900,punch,strong,direct,sudden,throaty,breathy,kid-ish,medium,steady,medium,friendly
4901,punch,strong,direct,sudden,throaty,breathy,kid-ish,medium,steady,medium,deadpan
4902,punch,strong,direct,sudden,throaty,breathy,kid-ish,medium,steady,medium,menacing
4903,punch,strong,direct,sudden,throaty,breathy,kid-ish,medium,steady,big,friendly
4904,punch,strong,direct,sudden,throaty,breathy,kid-ish,medium,steady,big,deadpan
4905,punch,strong,direct,sudden,throaty,breathy,kid-ish,medium,steady,big,menacing
4906,punch,strong,direct,sudden,throaty,breathy,kid-ish,medium,rapid,hushed,friendly
4907,punch,strong,direct,sudden,throaty,breathy,kid-ish,medium,rapid,hushed,deadpan
4908,punch,strong,direct,sudden,throaty,breathy,kid-ish,medium,rapid,hushed,menacing
4909,punch,strong,direct,sudden,throaty,breathy,kid-ish,medium,rapid,medium,friendly
4910,punch,strong,direct,sudden,throaty,breathy,kid-ish,medium,rapid,medium,deadpan
4911,punch,strong,direct,sudden,throaty,breathy,kid-ish,medium,rapid,medium,menacing
4912,punch,strong,direct,sudden,throaty,breathy,kid-ish,medium,rapid,big,friendly
4913,punch,strong,direct,sudden,throaty,breathy,kid-ish,medium,rapid,big,deadpan
4914,punch,strong,direct,sudden,throaty,breathy,kid-ish,medium,rapid,big,menacing
4915,punch,strong,direct,sudden,throaty,breathy,kid-ish,huge,slow,hushed,friendly
4916,punch,strong,direct,sudden,throaty,breathy,kid-ish,huge,slow,hushed,deadpan
4917,punch,strong,direct,sudden,throaty,breathy,kid-ish,huge,slow,hushed,menacing
4918,punch,strong,direct,sudden,throaty,breathy,kid-ish,huge,slow,medium,friendly
4919,punch,strong,direct,sudden,throaty,breathy,kid-ish,huge,slow,medium,deadpan
4920,punch,strong,direct,sudden,throaty,breathy,kid-ish,huge,slow,medium,menacing
4921,punch,strong,direct,sudden,throaty,breathy,kid-ish,huge,slow,big,friendly
4922,punch,strong,direct,sudden,throaty,breathy,kid-ish,huge,slow,big,deadpan
4923,punch,strong,direct,sudden,throaty,breathy,kid-ish,huge,slow,big,menacing
4924,punch,strong,direct,sudden,throaty,breathy,kid-ish,huge,steady,hushed,friendly
4925,punch,strong,direct,sudden,throaty,breathy,kid-ish,huge,steady,hushed,deadpan
4926,punch,strong,direct,sudden,throaty,breathy,kid-ish,huge,steady,hushed,menacing
4927,punch,strong,direct,sudden,throaty,breathy,kid-ish,huge,steady,medium,friendly
4928,punch,strong,direct,sudden,throaty,breathy,kid-ish,huge,steady,medium,deadpan
4929,punch,strong,direct,sudden,throaty,breathy,kid-ish,huge,steady,medium,menacing
4930,punch,strong,direct,sudden,throaty,breathy,kid-ish,huge,steady,big,friendly
4931,punch,strong,direct,sudden,throaty,breathy,kid-ish,huge,steady,big,deadpan
4932,punch,strong,direct,sudden,throaty,breathy,kid-ish,huge,steady,big,menacing
4933,punch,strong,direct,sudden,throaty,breathy,kid-ish,huge,rapid,hushed,friendly
4934,punch,strong,direct,sudden,throaty,breathy,kid-ish,huge,rapid,hushed,deadpan
4935,punch,strong,direct,sudden,throaty,breathy,kid-ish,huge,rapid,hushed,menacing
4936,punch,strong,direct,sudden,throaty,breathy,kid-ish,huge,rapid,medium,friendly
4937,punch,strong,direct,sudden,throaty,breathy,kid-ish,huge,rapid,medium,deadpan
4938,punch,strong,direct,sudden,throaty,breathy,kid-ish,huge,rapid,medium,menacing
4939,punch,strong,direct,sudden,throaty,breathy,kid-ish,huge,rapid,big,friendly
4940,punch,strong,direct,sudden,throaty,breathy,kid-ish,huge,rapid,big,deadpan
4941,punch,strong,direct,sudden,throaty,breathy,kid-ish,huge,rapid,big,menacing
4942,punch,strong,direct,sudden,throaty,breathy,adult,tiny,slow,hushed,friendly
4943,punch,strong,direct,sudden,throaty,breathy,adult,tiny,slow,hushed,deadpan
4944,punch,strong,direct,sudden,throaty,breathy,adult,tiny,slow,hushed,menacing
4945,punch,strong,direct,sudden,throaty,breathy,adult,tiny,slow,medium,friendly
4946,punch,strong,direct,sudden,throaty,breathy,adult,tiny,slow,medium,deadpan
4947,punch,strong,direct,sudden,throaty,breathy,adult,tiny,slow,medium,menacing
4948,punch,strong,direct,sudden,throaty,breathy,adult,tiny,slow,big,friendly
4949,punch,strong,direct,sudden,throaty,breathy,adult,tiny,slow,big,deadpan
4950,punch,strong,direct,sudden,throaty,breathy,adult,tiny,slow,big,menacing
4951,punch,strong,direct,sudden,throaty,breathy,adult,tiny,steady,hushed,friendly
4952,punch,strong,direct,sudden,throaty,breathy,adult,tiny,steady,hushed,deadpan
4953,punch,strong,direct,sudden,throaty,breathy,adult,tiny,steady,hushed,menacing
4954,punch,strong,direct,sudden,throaty,breathy,adult,tiny,steady,medium,friendly
4955,punch,strong,direct,sudden,throaty,breathy,adult,tiny,steady,medium,deadpan
4956,punch,strong,direct,sudden,throaty,breathy,adult,tiny,steady,medium,menacing
4957,punch,strong,direct,sudden,throaty,breathy,adult,tiny,steady,big,friendly
4958,punch,strong,direct,sudden,throaty,breathy,adult,tiny,steady,big,deadpan
4959,punch,strong,direct,sudden,throaty,breathy,adult,tiny,steady,big,menacing
4960,punch,strong,direct,sudden,throaty,breathy,adult,tiny,rapid,hushed,friendly
4961,punch,strong,direct,sudden,throaty,breathy,adult,tiny,rapid,hushed,deadpan
4962,punch,strong,direct,sudden,throaty,breathy,adult,tiny,rapid,hushed,menacing
4963,punch,strong,direct,sudden,throaty,breathy,adult,tiny,rapid,medium,friendly
4964,punch,strong,direct,sudden,throaty,breathy,adult,tiny,rapid,medium,deadpan
4965,punch,strong,direct,sudden,throaty,breathy,adult,tiny,rapid,medium,menacing
4966,punch,strong,direct,sudden,throaty,breathy,adult,tiny,rapid,big,friendly
4967,punch,strong,direct,sudden,throaty,breathy,adult,tiny,rapid,big,deadpan
4968,punch,strong,direct,sudden,throaty,breathy,adult,tiny,rapid,big,menacing
4969,punch,strong,direct,sudden,throaty,breathy,adult,medium,slow,hushed,friendly
4970,punch,strong,direct,sudden,throaty,breathy,adult,medium,slow,hushed,deadpan
4971,punch,strong,direct,sudden,throaty,breathy,adult,medium,slow,hushed,menacing
4972,punch,strong,direct,sudden,throaty,breathy,adult,medium,slow,medium,friendly
4973,punch,strong,direct,sudden,throaty,breathy,adult,medium,slow,medium,deadpan
4974,punch,strong,direct,sudden,throaty,breathy,adult,medium,slow,medium,menacing
4975,punch,strong,direct,sudden,throaty,breathy,adult,medium,slow,big,friendly
4976,punch,strong,direct,sudden,throaty,breathy,adult,medium,slow,big,deadpan
4977,punch,strong,direct,sudden,throaty,breathy,adult,medium,slow,big,menacing
4978,punch,strong,direct,sudden,throaty,breathy,adult,medium,steady,hushed,friendly
4979,punch,strong,direct,sudden,throaty,breathy,adult,medium,steady,hushed,deadpan
4980,punch,strong,direct,sudden,throaty,breathy,adult,medium,steady,hushed,menacing
4981,punch,strong,direct,sudden,throaty,breathy,adult,medium,steady,medium,friendly
4982,punch,strong,direct,sudden,throaty,breathy,adult,medium,steady,medium,deadpan
4983,punch,strong,direct,sudden,throaty,breathy,adult,medium,steady,medium,menacing
4984,punch,strong,direct,sudden,throaty,breathy,adult,medium,steady,big,friendly
4985,punch,strong,direct,sudden,throaty,breathy,adult,medium,steady,big,deadpan
4986,punch,strong,direct,sudden,throaty,breathy,adult,medium,steady,big,menacing
4987,punch,strong,direct,sudden,throaty,breathy,adult,medium,rapid,hushed,friendly
4988,punch,strong,direct,sudden,throaty,breathy,adult,medium,rapid,hushed,deadpan
4989,punch,strong,direct,sudden,throaty,breathy,adult,medium,rapid,hushed,menacing
4990,punch,strong,direct,sudden,throaty,breathy,adult,medium,rapid,medium,friendly
4991,punch,strong,direct,sudden,throaty,breathy,adult,medium,rapid,medium,deadpan
4992,punch,strong,direct,sudden,throaty,breathy,adult,medium,rapid,medium,menacing
4993,punch,strong,direct,sudden,throaty,breathy,adult,medium,rapid,big,friendly
4994,punch,strong,direct,sudden,throaty,breathy,adult,medium,rapid,big,deadpan
4995,punch,strong,direct,sudden,throaty,breathy,adult,medium,rapid,big,menacing
4996,punch,strong,direct,sudden,throaty,breathy,adult,huge,slow,hushed,friendly
4997,punch,strong,direct,sudden,throaty,breathy,adult,huge,slow,hushed,deadpan
4998,punch,strong,direct,sudden,throaty,breathy,adult,huge,slow,hushed,menacing
4999,punch,strong,direct,sudden,throaty,breathy,adult,huge,slow,medium,friendly
5000,punch,strong,direct,sudden,throaty,breathy,adult,huge,slow,medium,deadpan
5001,punch,strong,direct,sudden,throaty,breathy,adult,huge,slow,medium,menacing
5002,punch,strong,direct,sudden,throaty,breathy,adult,huge,slow,big,friendly
5003,punch,strong,direct,sudden,throaty,breathy,adult,huge,slow,big,deadpan
5004,punch,strong,direct,sudden,throaty,breathy,adult,huge,slow,big,menacing
5005,punch,strong,direct,sudden,throaty,breathy,adult,huge,steady,hushed,friendly
5006,punch,strong,direct,sudden,throaty,breathy,adult,huge,steady,hushed,deadpan
5007,punch,strong,direct,sudden,throaty,breathy,adult,huge,steady,hushed,menacing
5008,punch,strong,direct,sudden,throaty,breathy,adult,huge,steady,medium,friendly
5009,punch,strong,direct,sudden,throaty,breathy,adult,huge,steady,medium,deadpan
5010,punch,strong,direct,sudden,throaty,breathy,adult,huge,steady,medium,menacing
5011,punch,strong,direct,sudden,throaty,breathy,adult,huge,steady,big,friendly
5012,punch,strong,direct,sudden,throaty,breathy,adult,huge,steady,big,deadpan
5013,punch,strong,direct,sudden,throaty,breathy,adult,huge,steady,big,menacing
5014,punch,strong,direct,sudden,throaty,breathy,adult,huge,rapid,hushed,friendly
5015,punch,strong,direct,sudden,throaty,breathy,adult,huge,rapid,hushed,deadpan
5016,punch,strong,direct,sudden,throaty,breathy,adult,huge,rapid,hushed,menacing
5017,punch,strong,direct,sudden,throaty,breathy,adult,huge,rapid,medium,friendly
5018,punch,strong,direct,sudden,throaty,breathy,adult,huge,rapid,medium,deadpan
5019,punch,strong,direct,sudden,throaty,breathy,adult,huge,rapid,medium,menacing
5020,punch,strong,direct,sudden,throaty,breathy,adult,huge,rapid,big,friendly
5021,punch,strong,direct,sudden,throaty,breathy,adult,huge,rapid,big,deadpan
5022,punch,strong,direct,sudden,throaty,breathy,adult,huge,rapid,big,menacing
5023,punch,strong,direct,sudden,throaty,breathy,elder,tiny,slow,hushed,friendly
5024,punch,strong,direct,sudden,throaty,breathy,elder,tiny,slow,hushed,deadpan
5025,punch,strong,direct,sudden,throaty,breathy,elder,tiny,slow,hushed,menacing
5026,punch,strong,direct,sudden,throaty,breathy,elder,tiny,slow,medium,friendly
5027,punch,strong,direct,sudden,throaty,breathy,elder,tiny,slow,medium,deadpan
5028,punch,strong,direct,sudden,throaty,breathy,elder,tiny,slow,medium,menacing
5029,punch,strong,direct,sudden,throaty,breathy,elder,tiny,slow,big,friendly
5030,punch,strong,direct,sudden,throaty,breathy,elder,tiny,slow,big,deadpan
5031,punch,strong,direct,sudden,throaty,breathy,elder,tiny,slow,big,menacing
5032,punch,strong,direct,sudden,throaty,breathy,elder,tiny,steady,hushed,friendly
5033,punch,strong,direct,sudden,throaty,breathy,elder,tiny,steady,hushed,deadpan
5034,punch,strong,direct,sudden,throaty,breathy,elder,tiny,steady,hushed,menacing
5035,punch,strong,direct,sudden,throaty,breathy,elder,tiny,steady,medium,friendly
5036,punch,strong,direct,sudden,throaty,breathy,elder,tiny,steady,medium,deadpan
5037,punch,strong,direct,sudden,throaty,breathy,elder,tiny,steady,medium,menacing
5038,punch,strong,direct,sudden,throaty,breathy,elder,tiny,steady,big,friendly
5039,punch,strong,direct,sudden,throaty,breathy,elder,tiny,steady,big,deadpan
5040,punch,strong,direct,sudden,throaty,breathy,elder,tiny,steady,big,menacing
5041,punch,strong,direct,sudden,throaty,breathy,elder,tiny,rapid,hushed,friendly
5042,punch,strong,direct,sudden,throaty,breathy,elder,tiny,rapid,hushed,deadpan
5043,punch,strong,direct,sudden,throaty,breathy,elder,tiny,rapid,hushed,menacing
5044,punch,strong,direct,sudden,throaty,breathy,elder,tiny,rapid,medium,friendly
5045,punch,strong,direct,sudden,throaty,breathy,elder,tiny,rapid,medium,deadpan
5046,punch,strong,direct,sudden,throaty,breathy,elder,tiny,rapid,medium,menacing
5047,punch,strong,direct,sudden,throaty,breathy,elder,tiny,rapid,big,friendly
5048,punch,strong,direct,sudden,throaty,breathy,elder,tiny,rapid,big,deadpan
5049,punch,strong,direct,sudden,throaty,breathy,elder,tiny,rapid,big,menacing
5050,punch,strong,direct,sudden,throaty,breathy,elder,medium,slow,hushed,friendly
5051,punch,strong,direct,sudden,throaty,breathy,elder,medium,slow,hushed,deadpan
5052,punch,strong,direct,sudden,throaty,breathy,elder,medium,slow,hushed,menacing
5053,punch,strong,direct,sudden,throaty,breathy,elder,medium,slow,medium,friendly
5054,punch,strong,direct,sudden,throaty,breathy,elder,medium,slow,medium,deadpan
5055,punch,strong,direct,sudden,throaty,breathy,elder,medium,slow,medium,menacing
5056,punch,strong,direct,sudden,throaty,breathy,elder,medium,slow,big,friendly
5057,punch,strong,direct,sudden,throaty,breathy,elder,medium,slow,big,deadpan
5058,punch,strong,direct,sudden,throaty,breathy,elder,medium,slow,big,menacing
5059,punch,strong,direct,sudden,throaty,breathy,elder,medium,steady,hushed,friendly
5060,punch,strong,direct,sudden,throaty,breathy,elder,medium,steady,hushed,deadpan
5061,punch,strong,direct,sudden,throaty,breathy,elder,medium,steady,hushed,menacing
5062,punch,strong,direct,sudden,throaty,breathy,elder,medium,steady,medium,friendly
5063,punch,strong,direct,sudden,throaty,breathy,elder,medium,steady,medium,deadpan
5064,punch,strong,direct,sudden,throaty,breathy,elder,medium,steady,medium,menacing
5065,punch,strong,direct,sudden,throaty,breathy,elder,medium,steady,big,friendly
5066,punch,strong,direct,sudden,throaty,breathy,elder,medium,steady,big,deadpan
5067,punch,strong,direct,sudden,throaty,breathy,elder,medium,steady,big,menacing
5068,punch,strong,direct,sudden,throaty,breathy,elder,medium,rapid,hushed,friendly
5069,punch,strong,direct,sudden,throaty,breathy,elder,medium,rapid,hushed,deadpan
5070,punch,strong,direct,sudden,throaty,breathy,elder,medium,rapid,hushed,menacing
5071,punch,strong,direct,sudden,throaty,breathy,elder,medium,rapid,medium,friendly
5072,punch,strong,direct,sudden,throaty,breathy,elder,medium,rapid,medium,deadpan
5073,punch,strong,direct,sudden,throaty,breathy,elder,medium,rapid,medium,menacing
5074,punch,strong,direct,sudden,throaty,breathy,elder,medium,rapid,big,friendly
5075,punch,strong,direct,sudden,throaty,breathy,elder,medium,rapid,big,deadpan
5076,punch,strong,direct,sudden,throaty,breathy,elder,medium,rapid,big,menacing
5077,punch,strong,direct,sudden,throaty,breathy,elder,huge,slow,hushed,friendly
5078,punch,strong,direct,sudden,throaty,breathy,elder,huge,slow,hushed,deadpan
5079,punch,strong,direct,sudden,throaty,breathy,elder,huge,slow,hushed,menacing
5080,punch,strong,direct,sudden,throaty,breathy,elder,huge,slow,medium,friendly
5081,punch,strong,direct,sudden,throaty,breathy,elder,huge,slow,medium,deadpan
5082,punch,strong,direct,sudden,throaty,breathy,elder,huge,slow,medium,menacing
5083,punch,strong,direct,sudden,throaty,breathy,elder,huge,slow,big,friendly
5084,punch,strong,direct,sudden,throaty,breathy,elder,huge,slow,big,deadpan
5085,punch,strong,direct,sudden,throaty,breathy,elder,huge,slow,big,menacing
5086,punch,strong,direct,sudden,throaty,breathy,elder,huge,steady,hushed,friendly
5087,punch,strong,direct,sudden,throaty,breathy,elder,huge,steady,hushed,deadpan
5088,punch,strong,direct,sudden,throaty,breathy,elder,huge,steady,hushed,menacing
5089,punch,strong,direct,sudden,throaty,breathy,elder,huge,steady,medium,friendly
5090,punch,strong,direct,sudden,throaty,breathy,elder,huge,steady,medium,deadpan
5091,punch,strong,direct,sudden,throaty,breathy,elder,huge,steady,medium,menacing
5092,punch,strong,direct,sudden,throaty,breathy,elder,huge,steady,big,friendly
5093,punch,strong,direct,sudden,throaty,breathy,elder,huge,steady,big,deadpan
5094,punch,strong,direct,sudden,throaty,breathy,elder,huge,steady,big,menacing
5095,punch,strong,direct,sudden,throaty,breathy,elder,huge,rapid,hushed,friendly
5096,punch,strong,direct,sudden,throaty,breathy,elder,huge,rapid,hushed,deadpan
5097,punch,strong,direct,sudden,throaty,breathy,elder,huge,rapid,hushed,menacing
5098,punch,strong,direct,sudden,throaty,breathy,elder,huge,rapid,medium,friendly
5099,punch,strong,direct,sudden,throaty,breathy,elder,huge,rapid,medium,deadpan
5100,punch,strong,direct,sudden,throaty,breathy,elder,huge,rapid,medium,menacing
5101,punch,strong,direct,sudden,throaty,breathy,elder,huge,rapid,big,friendly
5102,punch,strong,direct,sudden,throaty,breathy,elder,huge,rapid,big,deadpan
5103,punch,strong,direct,sudden,throaty,breathy,elder,huge,rapid,big,menacing
5104,punch,strong,direct,sudden,throaty,dry,kid-ish,tiny,slow,hushed,friendly
5105,punch,strong,direct,sudden,throaty,dry,kid-ish,tiny,slow,hushed,deadpan
5106,punch,strong,direct,sudden,throaty,dry,kid-ish,tiny,slow,hushed,menacing
5107,punch,strong,direct,sudden,throaty,dry,kid-ish,tiny,slow,medium,friendly
5108,punch,strong,direct,sudden,throaty,dry,kid-ish,tiny,slow,medium,deadpan
5109,punch,strong,direct,sudden,throaty,dry,kid-ish,tiny,slow,medium,menacing
5110,punch,strong,direct,sudden,throaty,dry,kid-ish,tiny,slow,big,friendly
5111,punch,strong,direct,sudden,throaty,dry,kid-ish,tiny,slow,big,deadpan
5112,punch,strong,direct,sudden,throaty,dry,kid-ish,tiny,slow,big,menacing
5113,punch,strong,direct,sudden,throaty,dry,kid-ish,tiny,steady,hushed,friendly
5114,punch,strong,direct,sudden,throaty,dry,kid-ish,tiny,steady,hushed,deadpan
5115,punch,strong,direct,sudden,throaty,dry,kid-ish,tiny,steady,hushed,menacing
5116,punch,strong,direct,sudden,throaty,dry,kid-ish,tiny,steady,medium,friendly
5117,punch,strong,direct,sudden,throaty,dry,kid-ish,tiny,steady,medium,deadpan
5118,punch,strong,direct,sudden,throaty,dry,kid-ish,tiny,steady,medium,menacing
5119,punch,strong,direct,sudden,throaty,dry,kid-ish,tiny,steady,big,friendly
5120,punch,strong,direct,sudden,throaty,dry,kid-ish,tiny,steady,big,deadpan
5121,punch,strong,direct,sudden,throaty,dry,kid-ish,tiny,steady,big,menacing
5122,punch,strong,direct,sudden,throaty,dry,kid-ish,tiny,rapid,hushed,friendly
5123,punch,strong,direct,sudden,throaty,dry,kid-ish,tiny,rapid,hushed,deadpan
5124,punch,strong,direct,sudden,throaty,dry,kid-ish,tiny,rapid,hushed,menacing
5125,punch,strong,direct,sudden,throaty,dry,kid-ish,tiny,rapid,medium,friendly
5126,punch,strong,direct,sudden,throaty,dry,kid-ish,tiny,rapid,medium,deadpan
5127,punch,strong,direct,sudden,throaty,dry,kid-ish,tiny,rapid,medium,menacing
5128,punch,strong,direct,sudden,throaty,dry,kid-ish,tiny,rapid,big,friendly
5129,punch,strong,direct,sudden,throaty,dry,kid-ish,tiny,rapid,big,deadpan
5130,punch,strong,direct,sudden,throaty,dry,kid-ish,tiny,rapid,big,menacing
5131,punch,strong,direct,sudden,throaty,dry,kid-ish,medium,slow,hushed,friendly
5132,punch,strong,direct,sudden,throaty,dry,kid-ish,medium,slow,hushed,deadpan
5133,punch,strong,direct,sudden,throaty,dry,kid-ish,medium,slow,hushed,menacing
5134,punch,strong,direct,sudden,throaty,dry,kid-ish,medium,slow,medium,friendly
5135,punch,strong,direct,sudden,throaty,dry,kid-ish,medium,slow,medium,deadpan
5136,punch,strong,direct,sudden,throaty,dry,kid-ish,medium,slow,medium,menacing
5137,punch,strong,direct,sudden,throaty,dry,kid-ish,medium,slow,big,friendly
5138,punch,strong,direct,sudden,throaty,dry,kid-ish,medium,slow,big,deadpan
5139,punch,strong,direct,sudden,throaty,dry,kid-ish,medium,slow,big,menacing
5140,punch,strong,direct,sudden,throaty,dry,kid-ish,medium,steady,hushed,friendly
5141,punch,strong,direct,sudden,throaty,dry,kid-ish,medium,steady,hushed,deadpan
5142,punch,strong,direct,sudden,throaty,dry,kid-ish,medium,steady,hushed,menacing
5143,punch,strong,direct,sudden,throaty,dry,kid-ish,medium,steady,medium,friendly
5144,punch,strong,direct,sudden,throaty,dry,kid-ish,medium,steady,medium,deadpan
5145,punch,strong,direct,sudden,throaty,dry,kid-ish,medium,steady,medium,menacing
5146,punch,strong,direct,sudden,throaty,dry,kid-ish,medium,steady,big,friendly
5147,punch,strong,direct,sudden,throaty,dry,kid-ish,medium,steady,big,deadpan
5148,punch,strong,direct,sudden,throaty,dry,kid-ish,medium,steady,big,menacing
5149,punch,strong,direct,sudden,throaty,dry,kid-ish,medium,rapid,hushed,friendly
5150,punch,strong,direct,sudden,throaty,dry,kid-ish,medium,rapid,hushed,deadpan
5151,punch,strong,direct,sudden,throaty,dry,kid-ish,medium,rapid,hushed,menacing
5152,punch,strong,direct,sudden,throaty,dry,kid-ish,medium,rapid,medium,friendly
5153,punch,strong,direct,sudden,throaty,dry,kid-ish,medium,rapid,medium,deadpan
5154,punch,strong,direct,sudden,throaty,dry,kid-ish,medium,rapid,medium,menacing
5155,punch,strong,direct,sudden,throaty,dry,kid-ish,medium,rapid,big,friendly
5156,punch,strong,direct,sudden,throaty,dry,kid-ish,medium,rapid,big,deadpan
5157,punch,strong,direct,sudden,throaty,dry,kid-ish,medium,rapid,big,menacing
5158,punch,strong,direct,sudden,throaty,dry,kid-ish,huge,slow,hushed,friendly
5159,punch,strong,direct,sudden,throaty,dry,kid-ish,huge,slow,hushed,deadpan
5160,punch,strong,direct,sudden,throaty,dry,kid-ish,huge,slow,hushed,menacing
5161,punch,strong,direct,sudden,throaty,dry,kid-ish,huge,slow,medium,friendly
5162,punch,strong,direct,sudden,throaty,dry,kid-ish,huge,slow,medium,deadpan
5163,punch,strong,direct,sudden,throaty,dry,kid-ish,huge,slow,medium,menacing
5164,punch,strong,direct,sudden,throaty,dry,kid-ish,huge,slow,big,friendly
5165,punch,strong,direct,sudden,throaty,dry,kid-ish,huge,slow,big,deadpan
5166,punch,strong,direct,sudden,throaty,dry,kid-ish,huge,slow,big,menacing
5167,punch,strong,direct,sudden,throaty,dry,kid-ish,huge,steady,hushed,friendly
5168,punch,strong,direct,sudden,throaty,dry,kid-ish,huge,steady,hushed,deadpan
5169,punch,strong,direct,sudden,throaty,dry,kid-ish,huge,steady,hushed,menacing
5170,punch,strong,direct,sudden,throaty,dry,kid-ish,huge,steady,medium,friendly
5171,punch,strong,direct,sudden,throaty,dry,kid-ish,huge,steady,medium,deadpan
5172,punch,strong,direct,sudden,throaty,dry,kid-ish,huge,steady,medium,menacing
5173,punch,strong,direct,sudden,throaty,dry,kid-ish,huge,steady,big,friendly
5174,punch,strong,direct,sudden,throaty,dry,kid-ish,huge,steady,big,deadpan
5175,punch,strong,direct,sudden,throaty,dry,kid-ish,huge,steady,big,menacing
5176,punch,strong,direct,sudden,throaty,dry,kid-ish,huge,rapid,hushed,friendly
5177,punch,strong,direct,sudden,throaty,dry,kid-ish,huge,rapid,hushed,deadpan
5178,punch,strong,direct,sudden,throaty,dry,kid-ish,huge,rapid,hushed,menacing
5179,punch,strong,direct,sudden,throaty,dry,kid-ish,huge,rapid,medium,friendly
5180,punch,strong,direct,sudden,throaty,dry,kid-ish,huge,rapid,medium,deadpan
5181,punch,strong,direct,sudden,throaty,dry,kid-ish,huge,rapid,medium,menacing
5182,punch,strong,direct,sudden,throaty,dry,kid-ish,huge,rapid,big,friendly
5183,punch,strong,direct,sudden,throaty,dry,kid-ish,huge,rapid,big,deadpan
5184,punch,strong,direct,sudden,throaty,dry,kid-ish,huge,rapid,big,menacing
5185,punch,strong,direct,sudden,throaty,dry,adult,tiny,slow,hushed,friendly
5186,punch,strong,direct,sudden,throaty,dry,adult,tiny,slow,hushed,deadpan
5187,punch,strong,direct,sudden,throaty,dry,adult,tiny,slow,hushed,menacing
5188,punch,strong,direct,sudden,throaty,dry,adult,tiny,slow,medium,friendly
5189,punch,strong,direct,sudden,throaty,dry,adult,tiny,slow,medium,deadpan
5190,punch,strong,direct,sudden,throaty,dry,adult,tiny,slow,medium,menacing
5191,punch,strong,direct,sudden,throaty,dry,adult,tiny,slow,big,friendly
5192,punch,strong,direct,sudden,throaty,dry,adult,tiny,slow,big,deadpan
5193,punch,strong,direct,sudden,throaty,dry,adult,tiny,slow,big,menacing
5194,punch,strong,direct,sudden,throaty,dry,adult,tiny,steady,hushed,friendly
5195,punch,strong,direct,sudden,throaty,dry,adult,tiny,steady,hushed,deadpan
5196,punch,strong,direct,sudden,throaty,dry,adult,tiny,steady,hushed,menacing
5197,punch,strong,direct,sudden,throaty,dry,adult,tiny,steady,medium,friendly
5198,punch,strong,direct,sudden,throaty,dry,adult,tiny,steady,medium,deadpan
5199,punch,strong,direct,sudden,throaty,dry,adult,tiny,steady,medium,menacing
5200,punch,strong,direct,sudden,throaty,dry,adult,tiny,steady,big,friendly
5201,punch,strong,direct,sudden,throaty,dry,adult,tiny,steady,big,deadpan
5202,punch,strong,direct,sudden,throaty,dry,adult,tiny,steady,big,menacing
5203,punch,strong,direct,sudden,throaty,dry,adult,tiny,rapid,hushed,friendly
5204,punch,strong,direct,sudden,throaty,dry,adult,tiny,rapid,hushed,deadpan
5205,punch,strong,direct,sudden,throaty,dry,adult,tiny,rapid,hushed,menacing
5206,punch,strong,direct,sudden,throaty,dry,adult,tiny,rapid,medium,friendly
5207,punch,strong,direct,sudden,throaty,dry,adult,tiny,rapid,medium,deadpan
5208,punch,strong,direct,sudden,throaty,dry,adult,tiny,rapid,medium,menacing
5209,punch,strong,direct,sudden,throaty,dry,adult,tiny,rapid,big,friendly
5210,punch,strong,direct,sudden,throaty,dry,adult,tiny,rapid,big,deadpan
5211,punch,strong,direct,sudden,throaty,dry,adult,tiny,rapid,big,menacing
5212,punch,strong,direct,sudden,throaty,dry,adult,medium,slow,hushed,friendly
5213,punch,strong,direct,sudden,throaty,dry,adult,medium,slow,hushed,deadpan
5214,punch,strong,direct,sudden,throaty,dry,adult,medium,slow,hushed,menacing
5215,punch,strong,direct,sudden,throaty,dry,adult,medium,slow,medium,friendly
5216,punch,strong,direct,sudden,throaty,dry,adult,medium,slow,medium,deadpan
5217,punch,strong,direct,sudden,throaty,dry,adult,medium,slow,medium,menacing
5218,punch,strong,direct,sudden,throaty,dry,adult,medium,slow,big,friendly
5219,punch,strong,direct,sudden,throaty,dry,adult,medium,slow,big,deadpan
5220,punch,strong,direct,sudden,throaty,dry,adult,medium,slow,big,menacing
5221,punch,strong,direct,sudden,throaty,dry,adult,medium,steady,hushed,friendly
5222,punch,strong,direct,sudden,throaty,dry,adult,medium,steady,hushed,deadpan
5223,punch,strong,direct,sudden,throaty,dry,adult,medium,steady,hushed,menacing
5224,punch,strong,direct,sudden,throaty,dry,adult,medium,steady,medium,friendly
5225,punch,strong,direct,sudden,throaty,dry,adult,medium,steady,medium,deadpan
5226,punch,strong,direct,sudden,throaty,dry,adult,medium,steady,medium,menacing
5227,punch,strong,direct,sudden,throaty,dry,adult,medium,steady,big,friendly
5228,punch,strong,direct,sudden,throaty,dry,adult,medium,steady,big,deadpan
5229,punch,strong,direct,sudden,throaty,dry,adult,medium,steady,big,menacing
5230,punch,strong,direct,sudden,throaty,dry,adult,medium,rapid,hushed,friendly
5231,punch,strong,direct,sudden,throaty,dry,adult,medium,rapid,hushed,deadpan
5232,punch,strong,direct,sudden,throaty,dry,adult,medium,rapid,hushed,menacing
5233,punch,strong,direct,sudden,throaty,dry,adult,medium,rapid,medium,friendly
5234,punch,strong,direct,sudden,throaty,dry,adult,medium,rapid,medium,deadpan
5235,punch,strong,direct,sudden,throaty,dry,adult,medium,rapid,medium,menacing
5236,punch,strong,direct,sudden,throaty,dry,adult,medium,rapid,big,friendly
5237,punch,strong,direct,sudden,throaty,dry,adult,medium,rapid,big,deadpan
5238,punch,strong,direct,sudden,throaty,dry,adult,medium,rapid,big,menacing
5239,punch,strong,direct,sudden,throaty,dry,adult,huge,slow,hushed,friendly
5240,punch,strong,direct,sudden,throaty,dry,adult,huge,slow,hushed,deadpan
5241,punch,strong,direct,sudden,throaty,dry,adult,huge,slow,hushed,menacing
5242,punch,strong,direct,sudden,throaty,dry,adult,huge,slow,medium,friendly
5243,punch,strong,direct,sudden,throaty,dry,adult,huge,slow,medium,deadpan
5244,punch,strong,direct,sudden,throaty,dry,adult,huge,slow,medium,menacing
5245,punch,strong,direct,sudden,throaty,dry,adult,huge,slow,big,friendly
5246,punch,strong,direct,sudden,throaty,dry,adult,huge,slow,big,deadpan
5247,punch,strong,direct,sudden,throaty,dry,adult,huge,slow,big,menacing
5248,punch,strong,direct,sudden,throaty,dry,adult,huge,steady,hushed,friendly
5249,punch,strong,direct,sudden,throaty,dry,adult,huge,steady,hushed,deadpan
5250,punch,strong,direct,sudden,throaty,dry,adult,huge,steady,hushed,menacing
5251,punch,strong,direct,sudden,throaty,dry,adult,huge,steady,medium,friendly
5252,punch,strong,direct,sudden,throaty,dry,adult,huge,steady,medium,deadpan
5253,punch,strong,direct,sudden,throaty,dry,adult,huge,steady,medium,menacing
5254,punch,strong,direct,sudden,throaty,dry,adult,huge,steady,big,friendly
5255,punch,strong,direct,sudden,throaty,dry,adult,huge,steady,big,deadpan
5256,punch,strong,direct,sudden,throaty,dry,adult,huge,steady,big,menacing
5257,punch,strong,direct,sudden,throaty,dry,adult,huge,rapid,hushed,friendly
5258,punch,strong,direct,sudden,throaty,dry,adult,huge,rapid,hushed,deadpan
5259,punch,strong,direct,sudden,throaty,dry,adult,huge,rapid,hushed,menacing
5260,punch,strong,direct,sudden,throaty,dry,adult,huge,rapid,medium,friendly
5261,punch,strong,direct,sudden,throaty,dry,adult,huge,rapid,medium,deadpan
5262,punch,strong,direct,sudden,throaty,dry,adult,huge,rapid,medium,menacing
5263,punch,strong,direct,sudden,throaty,dry,adult,huge,rapid,big,friendly
5264,punch,strong,direct,sudden,throaty,dry,adult,huge,rapid,big,deadpan
5265,punch,strong,direct,sudden,throaty,dry,adult,huge,rapid,big,menacing
5266,punch,strong,direct,sudden,throaty,dry,elder,tiny,slow,hushed,friendly
5267,punch,strong,direct,sudden,throaty,dry,elder,tiny,slow,hushed,deadpan
5268,punch,strong,direct,sudden,throaty,dry,elder,tiny,slow,hushed,menacing
5269,punch,strong,direct,sudden,throaty,dry,elder,tiny,slow,medium,friendly
5270,punch,strong,direct,sudden,throaty,dry,elder,tiny,slow,medium,deadpan
5271,punch,strong,direct,sudden,throaty,dry,elder,tiny,slow,medium,menacing
5272,punch,strong,direct,sudden,throaty,dry,elder,tiny,slow,big,friendly
5273,punch,strong,direct,sudden,throaty,dry,elder,tiny,slow,big,deadpan
5274,punch,strong,direct,sudden,throaty,dry,elder,tiny,slow,big,menacing
5275,punch,strong,direct,sudden,throaty,dry,elder,tiny,steady,hushed,friendly
5276,punch,strong,direct,sudden,throaty,dry,elder,tiny,steady,hushed,deadpan
5277,punch,strong,direct,sudden,throaty,dry,elder,tiny,steady,hushed,menacing
5278,punch,strong,direct,sudden,throaty,dry,elder,tiny,steady,medium,friendly
5279,punch,strong,direct,sudden,throaty,dry,elder,tiny,steady,medium,deadpan
5280,punch,strong,direct,sudden,throaty,dry,elder,tiny,steady,medium,menacing
5281,punch,strong,direct,sudden,throaty,dry,elder,tiny,steady,big,friendly
5282,punch,strong,direct,sudden,throaty,dry,elder,tiny,steady,big,deadpan
5283,punch,strong,direct,sudden,throaty,dry,elder,tiny,steady,big,menacing
5284,punch,strong,direct,sudden,throaty,dry,elder,tiny,rapid,hushed,friendly
5285,punch,strong,direct,sudden,throaty,dry,elder,tiny,rapid,hushed,deadpan
5286,punch,strong,direct,sudden,throaty,dry,elder,tiny,rapid,hushed,menacing
5287,punch,strong,direct,sudden,throaty,dry,elder,tiny,rapid,medium,friendly
5288,punch,strong,direct,sudden,throaty,dry,elder,tiny,rapid,medium,deadpan
5289,punch,strong,direct,sudden,throaty,dry,elder,tiny,rapid,medium,menacing
5290,punch,strong,direct,sudden,throaty,dry,elder,tiny,rapid,big,friendly
5291,punch,strong,direct,sudden,throaty,dry,elder,tiny,rapid,big,deadpan
5292,punch,strong,direct,sudden,throaty,dry,elder,tiny,rapid,big,menacing
5293,punch,strong,direct,sudden,throaty,dry,elder,medium,slow,hushed,friendly
5294,punch,strong,direct,sudden,throaty,dry,elder,medium,slow,hushed,deadpan
5295,punch,strong,direct,sudden,throaty,dry,elder,medium,slow,hushed,menacing
5296,punch,strong,direct,sudden,throaty,dry,elder,medium,slow,medium,friendly
5297,punch,strong,direct,sudden,throaty,dry,elder,medium,slow,medium,deadpan
5298,punch,strong,direct,sudden,throaty,dry,elder,medium,slow,medium,menacing
5299,punch,strong,direct,sudden,throaty,dry,elder,medium,slow,big,friendly
5300,punch,strong,direct,sudden,throaty,dry,elder,medium,slow,big,deadpan
5301,punch,strong,direct,sudden,throaty,dry,elder,medium,slow,big,menacing
5302,punch,strong,direct,sudden,throaty,dry,elder,medium,steady,hushed,friendly
5303,punch,strong,direct,sudden,throaty,dry,elder,medium,steady,hushed,deadpan
5304,punch,strong,direct,sudden,throaty,dry,elder,medium,steady,hushed,menacing
5305,punch,strong,direct,sudden,throaty,dry,elder,medium,steady,medium,friendly
5306,punch,strong,direct,sudden,throaty,dry,elder,medium,steady,medium,deadpan
5307,punch,strong,direct,sudden,throaty,dry,elder,medium,steady,medium,menacing
5308,punch,strong,direct,sudden,throaty,dry,elder,medium,steady,big,friendly
5309,punch,strong,direct,sudden,throaty,dry,elder,medium,steady,big,deadpan
5310,punch,strong,direct,sudden,throaty,dry,elder,medium,steady,big,menacing
5311,punch,strong,direct,sudden,throaty,dry,elder,medium,rapid,hushed,friendly
5312,punch,strong,direct,sudden,throaty,dry,elder,medium,rapid,hushed,deadpan
5313,punch,strong,direct,sudden,throaty,dry,elder,medium,rapid,hushed,menacing
5314,punch,strong,direct,sudden,throaty,dry,elder,medium,rapid,medium,friendly
5315,punch,strong,direct,sudden,throaty,dry,elder,medium,rapid,medium,deadpan
5316,punch,strong,direct,sudden,throaty,dry,elder,medium,rapid,medium,menacing
5317,punch,strong,direct,sudden,throaty,dry,elder,medium,rapid,big,friendly
5318,punch,strong,direct,sudden,throaty,dry,elder,medium,rapid,big,deadpan
5319,punch,strong,direct,sudden,throaty,dry,elder,medium,rapid,big,menacing
5320,punch,strong,direct,sudden,throaty,dry,elder,huge,slow,hushed,friendly
5321,punch,strong,direct,sudden,throaty,dry,elder,huge,slow,hushed,deadpan
5322,punch,strong,direct,sudden,throaty,dry,elder,huge,slow,hushed,menacing
5323,punch,strong,direct,sudden,throaty,dry,elder,huge,slow,medium,friendly
5324,punch,strong,direct,sudden,throaty,dry,elder,huge,slow,medium,deadpan
5325,punch,strong,direct,sudden,throaty,dry,elder,huge,slow,medium,menacing
5326,punch,strong,direct,sudden,throaty,dry,elder,huge,slow,big,friendly
5327,punch,strong,direct,sudden,throaty,dry,elder,huge,slow,big,deadpan
5328,punch,strong,direct,sudden,throaty,dry,elder,huge,slow,big,menacing
5329,punch,strong,direct,sudden,throaty,dry,elder,huge,steady,hushed,friendly
5330,punch,strong,direct,sudden,throaty,dry,elder,huge,steady,hushed,deadpan
5331,punch,strong,direct,sudden,throaty,dry,elder,huge,steady,hushed,menacing
5332,punch,strong,direct,sudden,throaty,dry,elder,huge,steady,medium,friendly
5333,punch,strong,direct,sudden,throaty,dry,elder,huge,steady,medium,deadpan
5334,punch,strong,direct,sudden,throaty,dry,elder,huge,steady,medium,menacing
5335,punch,strong,direct,sudden,throaty,dry,elder,huge,steady,big,friendly
5336,punch,strong,direct,sudden,throaty,dry,elder,huge,steady,big,deadpan
5337,punch,strong,direct,sudden,throaty,dry,elder,huge,steady,big,menacing
5338,punch,strong,direct,sudden,throaty,dry,elder,huge,rapid,hushed,friendly
5339,punch,strong,direct,sudden,throaty,dry,elder,huge,rapid,hushed,deadpan
5340,punch,strong,direct,sudden,throaty,dry,elder,huge,rapid,hushed,menacing
5341,punch,strong,direct,sudden,throaty,dry,elder,huge,rapid,medium,friendly
5342,punch,strong,direct,sudden,throaty,dry,elder,huge,rapid,medium,deadpan
5343,punch,strong,direct,sudden,throaty,dry,elder,huge,rapid,medium,menacing
5344,punch,strong,direct,sudden,throaty,dry,elder,huge,rapid,big,friendly
5345,punch,strong,direct,sudden,throaty,dry,elder,huge,rapid,big,deadpan
5346,punch,strong,direct,sudden,throaty,dry,elder,huge,rapid,big,menacing
5347,punch,strong,direct,sudden,balanced,breathy,kid-ish,tiny,slow,hushed,friendly
5348,punch,strong,direct,sudden,balanced,breathy,kid-ish,tiny,slow,hushed,deadpan
5349,punch,strong,direct,sudden,balanced,breathy,kid-ish,tiny,slow,hushed,menacing
5350,punch,strong,direct,sudden,balanced,breathy,kid-ish,tiny,slow,medium,friendly
5351,punch,strong,direct,sudden,balanced,breathy,kid-ish,tiny,slow,medium,deadpan
5352,punch,strong,direct,sudden,balanced,breathy,kid-ish,tiny,slow,medium,menacing
5353,punch,strong,direct,sudden,balanced,breathy,kid-ish,tiny,slow,big,friendly
5354,punch,strong,direct,sudden,balanced,breathy,kid-ish,tiny,slow,big,deadpan
5355,punch,strong,direct,sudden,balanced,breathy,kid-ish,tiny,slow,big,menacing
5356,punch,strong,direct,sudden,balanced,breathy,kid-ish,tiny,steady,hushed,friendly
5357,punch,strong,direct,sudden,balanced,breathy,kid-ish,tiny,steady,hushed,deadpan
5358,punch,strong,direct,sudden,balanced,breathy,kid-ish,tiny,steady,hushed,menacing
5359,punch,strong,direct,sudden,balanced,breathy,kid-ish,tiny,steady,medium,friendly
5360,punch,strong,direct,sudden,balanced,breathy,kid-ish,tiny,steady,medium,deadpan
5361,punch,strong,direct,sudden,balanced,breathy,kid-ish,tiny,steady,medium,menacing
5362,punch,strong,direct,sudden,balanced,breathy,kid-ish,tiny,steady,big,friendly
5363,punch,strong,direct,sudden,balanced,breathy,kid-ish,tiny,steady,big,deadpan
5364,punch,strong,direct,sudden,balanced,breathy,kid-ish,tiny,steady,big,menacing
5365,punch,strong,direct,sudden,balanced,breathy,kid-ish,tiny,rapid,hushed,friendly
5366,punch,strong,direct,sudden,balanced,breathy,kid-ish,tiny,rapid,hushed,deadpan
5367,punch,strong,direct,sudden,balanced,breathy,kid-ish,tiny,rapid,hushed,menacing
5368,punch,strong,direct,sudden,balanced,breathy,kid-ish,tiny,rapid,medium,friendly
5369,punch,strong,direct,sudden,balanced,breathy,kid-ish,tiny,rapid,medium,deadpan
5370,punch,strong,direct,sudden,balanced,breathy,kid-ish,tiny,rapid,medium,menacing
5371,punch,strong,direct,sudden,balanced,breathy,kid-ish,tiny,rapid,big,friendly
5372,punch,strong,direct,sudden,balanced,breathy,kid-ish,tiny,rapid,big,deadpan
5373,punch,strong,direct,sudden,balanced,breathy,kid-ish,tiny,rapid,big,menacing
5374,punch,strong,direct,sudden,balanced,breathy,kid-ish,medium,slow,hushed,friendly
5375,punch,strong,direct,sudden,balanced,breathy,kid-ish,medium,slow,hushed,deadpan
5376,punch,strong,direct,sudden,balanced,breathy,kid-ish,medium,slow,hushed,menacing
5377,punch,strong,direct,sudden,balanced,breathy,kid-ish,medium,slow,medium,friendly
5378,punch,strong,direct,sudden,balanced,breathy,kid-ish,medium,slow,medium,deadpan
5379,punch,strong,direct,sudden,balanced,breathy,kid-ish,medium,slow,medium,menacing
5380,punch,strong,direct,sudden,balanced,breathy,kid-ish,medium,slow,big,friendly
5381,punch,strong,direct,sudden,balanced,breathy,kid-ish,medium,slow,big,deadpan
5382,punch,strong,direct,sudden,balanced,breathy,kid-ish,medium,slow,big,menacing
5383,punch,strong,direct,sudden,balanced,breathy,kid-ish,medium,steady,hushed,friendly
5384,punch,strong,direct,sudden,balanced,breathy,kid-ish,medium,steady,hushed,deadpan
5385,punch,strong,direct,sudden,balanced,breathy,kid-ish,medium,steady,hushed,menacing
5386,punch,strong,direct,sudden,balanced,breathy,kid-ish,medium,steady,medium,friendly
5387,punch,strong,direct,sudden,balanced,breathy,kid-ish,medium,steady,medium,deadpan
5388,punch,strong,direct,sudden,balanced,breathy,kid-ish,medium,steady,medium,menacing
5389,punch,strong,direct,sudden,balanced,breathy,kid-ish,medium,steady,big,friendly
5390,punch,strong,direct,sudden,balanced,breathy,kid-ish,medium,steady,big,deadpan
5391,punch,strong,direct,sudden,balanced,breathy,kid-ish,medium,steady,big,menacing
5392,punch,strong,direct,sudden,balanced,breathy,kid-ish,medium,rapid,hushed,friendly
5393,punch,strong,direct,sudden,balanced,breathy,kid-ish,medium,rapid,hushed,deadpan
5394,punch,strong,direct,sudden,balanced,breathy,kid-ish,medium,rapid,hushed,menacing
5395,punch,strong,direct,sudden,balanced,breathy,kid-ish,medium,rapid,medium,friendly
5396,punch,strong,direct,sudden,balanced,breathy,kid-ish,medium,rapid,medium,deadpan
5397,punch,strong,direct,sudden,balanced,breathy,kid-ish,medium,rapid,medium,menacing
5398,punch,strong,direct,sudden,balanced,breathy,kid-ish,medium,rapid,big,friendly
5399,punch,strong,direct,sudden,balanced,breathy,kid-ish,medium,rapid,big,deadpan
5400,punch,strong,direct,sudden,balanced,breathy,kid-ish,medium,rapid,big,menacing
5401,punch,strong,direct,sudden,balanced,breathy,kid-ish,huge,slow,hushed,friendly
5402,punch,strong,direct,sudden,balanced,breathy,kid-ish,huge,slow,hushed,deadpan
5403,punch,strong,direct,sudden,balanced,breathy,kid-ish,huge,slow,hushed,menacing
5404,punch,strong,direct,sudden,balanced,breathy,kid-ish,huge,slow,medium,friendly
5405,punch,strong,direct,sudden,balanced,breathy,kid-ish,huge,slow,medium,deadpan
5406,punch,strong,direct,sudden,balanced,breathy,kid-ish,huge,slow,medium,menacing
5407,punch,strong,direct,sudden,balanced,breathy,kid-ish,huge,slow,big,friendly
5408,punch,strong,direct,sudden,balanced,breathy,kid-ish,huge,slow,big,deadpan
5409,punch,strong,direct,sudden,balanced,breathy,kid-ish,huge,slow,big,menacing
5410,punch,strong,direct,sudden,balanced,breathy,kid-ish,huge,steady,hushed,friendly
5411,punch,strong,direct,sudden,balanced,breathy,kid-ish,huge,steady,hushed,deadpan
5412,punch,strong,direct,sudden,balanced,breathy,kid-ish,huge,steady,hushed,menacing
5413,punch,strong,direct,sudden,balanced,breathy,kid-ish,huge,steady,medium,friendly
5414,punch,strong,direct,sudden,balanced,breathy,kid-ish,huge,steady,medium,deadpan
5415,punch,strong,direct,sudden,balanced,breathy,kid-ish,huge,steady,medium,menacing
5416,punch,strong,direct,sudden,balanced,breathy,kid-ish,huge,steady,big,friendly
5417,punch,strong,direct,sudden,balanced,breathy,kid-ish,huge,steady,big,deadpan
5418,punch,strong,direct,sudden,balanced,breathy,kid-ish,huge,steady,big,menacing
5419,punch,strong,direct,sudden,balanced,breathy,kid-ish,huge,rapid,hushed,friendly
5420,punch,strong,direct,sudden,balanced,breathy,kid-ish,huge,rapid,hushed,deadpan
5421,punch,strong,direct,sudden,balanced,breathy,kid-ish,huge,rapid,hushed,menacing
5422,punch,strong,direct,sudden,balanced,breathy,kid-ish,huge,rapid,medium,friendly
5423,punch,strong,direct,sudden,balanced,breathy,kid-ish,huge,rapid,medium,deadpan
5424,punch,strong,direct,sudden,balanced,breathy,kid-ish,huge,rapid,medium,menacing
5425,punch,strong,direct,sudden,balanced,breathy,kid-ish,huge,rapid,big,friendly
5426,punch,strong,direct,sudden,balanced,breathy,kid-ish,huge,rapid,big,deadpan
5427,punch,strong,direct,sudden,balanced,breathy,kid-ish,huge,rapid,big,menacing
5428,punch,strong,direct,sudden,balanced,breathy,adult,tiny,slow,hushed,friendly
5429,punch,strong,direct,sudden,balanced,breathy,adult,tiny,slow,hushed,deadpan
5430,punch,strong,direct,sudden,balanced,breathy,adult,tiny,slow,hushed,menacing
5431,punch,strong,direct,sudden,balanced,breathy,adult,tiny,slow,medium,friendly
5432,punch,strong,direct,sudden,balanced,breathy,adult,tiny,slow,medium,deadpan
5433,punch,strong,direct,sudden,balanced,breathy,adult,tiny,slow,medium,menacing
5434,punch,strong,direct,sudden,balanced,breathy,adult,tiny,slow,big,friendly
5435,punch,strong,direct,sudden,balanced,breathy,adult,tiny,slow,big,deadpan
5436,punch,strong,direct,sudden,balanced,breathy,adult,tiny,slow,big,menacing
5437,punch,strong,direct,sudden,balanced,breathy,adult,tiny,steady,hushed,friendly
5438,punch,strong,direct,sudden,balanced,breathy,adult,tiny,steady,hushed,deadpan
5439,punch,strong,direct,sudden,balanced,breathy,adult,tiny,steady,hushed,menacing
5440,punch,strong,direct,sudden,balanced,breathy,adult,tiny,steady,medium,friendly
5441,punch,strong,direct,sudden,balanced,breathy,adult,tiny,steady,medium,deadpan
5442,punch,strong,direct,sudden,balanced,breathy,adult,tiny,steady,medium,menacing
5443,punch,strong,direct,sudden,balanced,breathy,adult,tiny,steady,big,friendly
5444,punch,strong,direct,sudden,balanced,breathy,adult,tiny,steady,big,deadpan
5445,punch,strong,direct,sudden,balanced,breathy,adult,tiny,steady,big,menacing
5446,punch,strong,direct,sudden,balanced,breathy,adult,tiny,rapid,hushed,friendly
5447,punch,strong,direct,sudden,balanced,breathy,adult,tiny,rapid,hushed,deadpan
5448,punch,strong,direct,sudden,balanced,breathy,adult,tiny,rapid,hushed,menacing
5449,punch,strong,direct,sudden,balanced,breathy,adult,tiny,rapid,medium,friendly
5450,punch,strong,direct,sudden,balanced,breathy,adult,tiny,rapid,medium,deadpan
5451,punch,strong,direct,sudden,balanced,breathy,adult,tiny,rapid,medium,menacing
5452,punch,strong,direct,sudden,balanced,breathy,adult,tiny,rapid,big,friendly
5453,punch,strong,direct,sudden,balanced,breathy,adult,tiny,rapid,big,deadpan
5454,punch,strong,direct,sudden,balanced,breathy,adult,tiny,rapid,big,menacing
5455,punch,strong,direct,sudden,balanced,breathy,adult,medium,slow,hushed,friendly
5456,punch,strong,direct,sudden,balanced,breathy,adult,medium,slow,hushed,deadpan
5457,punch,strong,direct,sudden,balanced,breathy,adult,medium,slow,hushed,menacing
5458,punch,strong,direct,sudden,balanced,breathy,adult,medium,slow,medium,friendly
5459,punch,strong,direct,sudden,balanced,breathy,adult,medium,slow,medium,deadpan
5460,punch,strong,direct,sudden,balanced,breathy,adult,medium,slow,medium,menacing
5461,punch,strong,direct,sudden,balanced,breathy,adult,medium,slow,big,friendly
5462,punch,strong,direct,sudden,balanced,breathy,adult,medium,slow,big,deadpan
5463,punch,strong,direct,sudden,balanced,breathy,adult,medium,slow,big,menacing
5464,punch,strong,direct,sudden,balanced,breathy,adult,medium,steady,hushed,friendly
5465,punch,strong,direct,sudden,balanced,breathy,adult,medium,steady,hushed,deadpan
5466,punch,strong,direct,sudden,balanced,breathy,adult,medium,steady,hushed,menacing
5467,punch,strong,direct,sudden,balanced,breathy,adult,medium,steady,medium,friendly
5468,punch,strong,direct,sudden,balanced,breathy,adult,medium,steady,medium,deadpan
5469,punch,strong,direct,sudden,balanced,breathy,adult,medium,steady,medium,menacing
5470,punch,strong,direct,sudden,balanced,breathy,adult,medium,steady,big,friendly
5471,punch,strong,direct,sudden,balanced,breathy,adult,medium,steady,big,deadpan
5472,punch,strong,direct,sudden,balanced,breathy,adult,medium,steady,big,menacing
5473,punch,strong,direct,sudden,balanced,breathy,adult,medium,rapid,hushed,friendly
5474,punch,strong,direct,sudden,balanced,breathy,adult,medium,rapid,hushed,deadpan
5475,punch,strong,direct,sudden,balanced,breathy,adult,medium,rapid,hushed,menacing
5476,punch,strong,direct,sudden,balanced,breathy,adult,medium,rapid,medium,friendly
5477,punch,strong,direct,sudden,balanced,breathy,adult,medium,rapid,medium,deadpan
5478,punch,strong,direct,sudden,balanced,breathy,adult,medium,rapid,medium,menacing
5479,punch,strong,direct,sudden,balanced,breathy,adult,medium,rapid,big,friendly
5480,punch,strong,direct,sudden,balanced,breathy,adult,medium,rapid,big,deadpan
5481,punch,strong,direct,sudden,balanced,breathy,adult,medium,rapid,big,menacing
5482,punch,strong,direct,sudden,balanced,breathy,adult,huge,slow,hushed,friendly
5483,punch,strong,direct,sudden,balanced,breathy,adult,huge,slow,hushed,deadpan
5484,punch,strong,direct,sudden,balanced,breathy,adult,huge,slow,hushed,menacing
5485,punch,strong,direct,sudden,balanced,breathy,adult,huge,slow,medium,friendly
5486,punch,strong,direct,sudden,balanced,breathy,adult,huge,slow,medium,deadpan
5487,punch,strong,direct,sudden,balanced,breathy,adult,huge,slow,medium,menacing
5488,punch,strong,direct,sudden,balanced,breathy,adult,huge,slow,big,friendly
5489,punch,strong,direct,sudden,balanced,breathy,adult,huge,slow,big,deadpan
5490,punch,strong,direct,sudden,balanced,breathy,adult,huge,slow,big,menacing
5491,punch,strong,direct,sudden,balanced,breathy,adult,huge,steady,hushed,friendly
5492,punch,strong,direct,sudden,balanced,breathy,adult,huge,steady,hushed,deadpan
5493,punch,strong,direct,sudden,balanced,breathy,adult,huge,steady,hushed,menacing
5494,punch,strong,direct,sudden,balanced,breathy,adult,huge,steady,medium,friendly
5495,punch,strong,direct,sudden,balanced,breathy,adult,huge,steady,medium,deadpan
5496,punch,strong,direct,sudden,balanced,breathy,adult,huge,steady,medium,menacing
5497,punch,strong,direct,sudden,balanced,breathy,adult,huge,steady,big,friendly
5498,punch,strong,direct,sudden,balanced,breathy,adult,huge,steady,big,deadpan
5499,punch,strong,direct,sudden,balanced,breathy,adult,huge,steady,big,menacing
5500,punch,strong,direct,sudden,balanced,breathy,adult,huge,rapid,hushed,friendly
5501,punch,strong,direct,sudden,balanced,breathy,adult,huge,rapid,hushed,deadpan
5502,punch,strong,direct,sudden,balanced,breathy,adult,huge,rapid,hushed,menacing
5503,punch,strong,direct,sudden,balanced,breathy,adult,huge,rapid,medium,friendly
5504,punch,strong,direct,sudden,balanced,breathy,adult,huge,rapid,medium,deadpan
5505,punch,strong,direct,sudden,balanced,breathy,adult,huge,rapid,medium,menacing
5506,punch,strong,direct,sudden,balanced,breathy,adult,huge,rapid,big,friendly
5507,punch,strong,direct,sudden,balanced,breathy,adult,huge,rapid,big,deadpan
5508,punch,strong,direct,sudden,balanced,breathy,adult,huge,rapid,big,menacing
5509,punch,strong,direct,sudden,balanced,breathy,elder,tiny,slow,hushed,friendly
5510,punch,strong,direct,sudden,balanced,breathy,elder,tiny,slow,hushed,deadpan
5511,punch,strong,direct,sudden,balanced,breathy,elder,tiny,slow,hushed,menacing
5512,punch,strong,direct,sudden,balanced,breathy,elder,tiny,slow,medium,friendly
5513,punch,strong,direct,sudden,balanced,breathy,elder,tiny,slow,medium,deadpan
5514,punch,strong,direct,sudden,balanced,breathy,elder,tiny,slow,medium,menacing
5515,punch,strong,direct,sudden,balanced,breathy,elder,tiny,slow,big,friendly
5516,punch,strong,direct,sudden,balanced,breathy,elder,tiny,slow,big,deadpan
5517,punch,strong,direct,sudden,balanced,breathy,elder,tiny,slow,big,menacing
5518,punch,strong,direct,sudden,balanced,breathy,elder,tiny,steady,hushed,friendly
5519,punch,strong,direct,sudden,balanced,breathy,elder,tiny,steady,hushed,deadpan
5520,punch,strong,direct,sudden,balanced,breathy,elder,tiny,steady,hushed,menacing
5521,punch,strong,direct,sudden,balanced,breathy,elder,tiny,steady,medium,friendly
5522,punch,strong,direct,sudden,balanced,breathy,elder,tiny,steady,medium,deadpan
5523,punch,strong,direct,sudden,balanced,breathy,elder,tiny,steady,medium,menacing
5524,punch,strong,direct,sudden,balanced,breathy,elder,tiny,steady,big,friendly
5525,punch,strong,direct,sudden,balanced,breathy,elder,tiny,steady,big,deadpan
5526,punch,strong,direct,sudden,balanced,breathy,elder,tiny,steady,big,menacing
5527,punch,strong,direct,sudden,balanced,breathy,elder,tiny,rapid,hushed,friendly
5528,punch,strong,direct,sudden,balanced,breathy,elder,tiny,rapid,hushed,deadpan
5529,punch,strong,direct,sudden,balanced,breathy,elder,tiny,rapid,hushed,menacing
5530,punch,strong,direct,sudden,balanced,breathy,elder,tiny,rapid,medium,friendly
5531,punch,strong,direct,sudden,balanced,breathy,elder,tiny,rapid,medium,deadpan
5532,punch,strong,direct,sudden,balanced,breathy,elder,tiny,rapid,medium,menacing
5533,punch,strong,direct,sudden,balanced,breathy,elder,tiny,rapid,big,friendly
5534,punch,strong,direct,sudden,balanced,breathy,elder,tiny,rapid,big,deadpan
5535,punch,strong,direct,sudden,balanced,breathy,elder,tiny,rapid,big,menacing
5536,punch,strong,direct,sudden,balanced,breathy,elder,medium,slow,hushed,friendly
5537,punch,strong,direct,sudden,balanced,breathy,elder,medium,slow,hushed,deadpan
5538,punch,strong,direct,sudden,balanced,breathy,elder,medium,slow,hushed,menacing
5539,punch,strong,direct,sudden,balanced,breathy,elder,medium,slow,medium,friendly
5540,punch,strong,direct,sudden,balanced,breathy,elder,medium,slow,medium,deadpan
5541,punch,strong,direct,sudden,balanced,breathy,elder,medium,slow,medium,menacing
5542,punch,strong,direct,sudden,balanced,breathy,elder,medium,slow,big,friendly
5543,punch,strong,direct,sudden,balanced,breathy,elder,medium,slow,big,deadpan
5544,punch,strong,direct,sudden,balanced,breathy,elder,medium,slow,big,menacing
5545,punch,strong,direct,sudden,balanced,breathy,elder,medium,steady,hushed,friendly
5546,punch,strong,direct,sudden,balanced,breathy,elder,medium,steady,hushed,deadpan
5547,punch,strong,direct,sudden,balanced,breathy,elder,medium,steady,hushed,menacing
5548,punch,strong,direct,sudden,balanced,breathy,elder,medium,steady,medium,friendly
5549,punch,strong,direct,sudden,balanced,breathy,elder,medium,steady,medium,deadpan
5550,punch,strong,direct,sudden,balanced,breathy,elder,medium,steady,medium,menacing
5551,punch,strong,direct,sudden,balanced,breathy,elder,medium,steady,big,friendly
5552,punch,strong,direct,sudden,balanced,breathy,elder,medium,steady,big,deadpan
5553,punch,strong,direct,sudden,balanced,breathy,elder,medium,steady,big,menacing
5554,punch,strong,direct,sudden,balanced,breathy,elder,medium,rapid,hushed,friendly
5555,punch,strong,direct,sudden,balanced,breathy,elder,medium,rapid,hushed,deadpan
5556,punch,strong,direct,sudden,balanced,breathy,elder,medium,rapid,hushed,menacing
5557,punch,strong,direct,sudden,balanced,breathy,elder,medium,rapid,medium,friendly
5558,punch,strong,direct,sudden,balanced,breathy,elder,medium,rapid,medium,deadpan
5559,punch,strong,direct,sudden,balanced,breathy,elder,medium,rapid,medium,menacing
5560,punch,strong,direct,sudden,balanced,breathy,elder,medium,rapid,big,friendly
5561,punch,strong,direct,sudden,balanced,breathy,elder,medium,rapid,big,deadpan
5562,punch,strong,direct,sudden,balanced,breathy,elder,medium,rapid,big,menacing
5563,punch,strong,direct,sudden,balanced,breathy,elder,huge,slow,hushed,friendly
5564,punch,strong,direct,sudden,balanced,breathy,elder,huge,slow,hushed,deadpan
5565,punch,strong,direct,sudden,balanced,breathy,elder,huge,slow,hushed,menacing
5566,punch,strong,direct,sudden,balanced,breathy,elder,huge,slow,medium,friendly
5567,punch,strong,direct,sudden,balanced,breathy,elder,huge,slow,medium,deadpan
5568,punch,strong,direct,sudden,balanced,breathy,elder,huge,slow,medium,menacing
5569,punch,strong,direct,sudden,balanced,breathy,elder,huge,slow,big,friendly
5570,punch,strong,direct,sudden,balanced,breathy,elder,huge,slow,big,deadpan
5571,punch,strong,direct,sudden,balanced,breathy,elder,huge,slow,big,menacing
5572,punch,strong,direct,sudden,balanced,breathy,elder,huge,steady,hushed,friendly
5573,punch,strong,direct,sudden,balanced,breathy,elder,huge,steady,hushed,deadpan
5574,punch,strong,direct,sudden,balanced,breathy,elder,huge,steady,hushed,menacing
5575,punch,strong,direct,sudden,balanced,breathy,elder,huge,steady,medium,friendly
5576,punch,strong,direct,sudden,balanced,breathy,elder,huge,steady,medium,deadpan
5577,punch,strong,direct,sudden,balanced,breathy,elder,huge,steady,medium,menacing
5578,punch,strong,direct,sudden,balanced,breathy,elder,huge,steady,big,friendly
5579,punch,strong,direct,sudden,balanced,breathy,elder,huge,steady,big,deadpan
5580,punch,strong,direct,sudden,balanced,breathy,elder,huge,steady,big,menacing
5581,punch,strong,direct,sudden,balanced,breathy,elder,huge,rapid,hushed,friendly
5582,punch,strong,direct,sudden,balanced,breathy,elder,huge,rapid,hushed,deadpan
5583,punch,strong,direct,sudden,balanced,breathy,elder,huge,rapid,hushed,menacing
5584,punch,strong,direct,sudden,balanced,breathy,elder,huge,rapid,medium,friendly
5585,punch,strong,direct,sudden,balanced,breathy,elder,huge,rapid,medium,deadpan
5586,punch,strong,direct,sudden,balanced,breathy,elder,huge,rapid,medium,menacing
5587,punch,strong,direct,sudden,balanced,breathy,elder,huge,rapid,big,friendly
5588,punch,strong,direct,sudden,balanced,breathy,elder,huge,rapid,big,deadpan
5589,punch,strong,direct,sudden,balanced,breathy,elder,huge,rapid,big,menacing
5590,punch,strong,direct,sudden,balanced,dry,kid-ish,tiny,slow,hushed,friendly
5591,punch,strong,direct,sudden,balanced,dry,kid-ish,tiny,slow,hushed,deadpan
5592,punch,strong,direct,sudden,balanced,dry,kid-ish,tiny,slow,hushed,menacing
5593,punch,strong,direct,sudden,balanced,dry,kid-ish,tiny,slow,medium,friendly
5594,punch,strong,direct,sudden,balanced,dry,kid-ish,tiny,slow,medium,deadpan
5595,punch,strong,direct,sudden,balanced,dry,kid-ish,tiny,slow,medium,menacing
5596,punch,strong,direct,sudden,balanced,dry,kid-ish,tiny,slow,big,friendly
5597,punch,strong,direct,sudden,balanced,dry,kid-ish,tiny,slow,big,deadpan
5598,punch,strong,direct,sudden,balanced,dry,kid-ish,tiny,slow,big,menacing
5599,punch,strong,direct,sudden,balanced,dry,kid-ish,tiny,steady,hushed,friendly
5600,punch,strong,direct,sudden,balanced,dry,kid-ish,tiny,steady,hushed,deadpan
5601,punch,strong,direct,sudden,balanced,dry,kid-ish,tiny,steady,hushed,menacing
5602,punch,strong,direct,sudden,balanced,dry,kid-ish,tiny,steady,medium,friendly
5603,punch,strong,direct,sudden,balanced,dry,kid-ish,tiny,steady,medium,deadpan
5604,punch,strong,direct,sudden,balanced,dry,kid-ish,tiny,steady,medium,menacing
5605,punch,strong,direct,sudden,balanced,dry,kid-ish,tiny,steady,big,friendly
5606,punch,strong,direct,sudden,balanced,dry,kid-ish,tiny,steady,big,deadpan
5607,punch,strong,direct,sudden,balanced,dry,kid-ish,tiny,steady,big,menacing
5608,punch,strong,direct,sudden,balanced,dry,kid-ish,tiny,rapid,hushed,friendly
5609,punch,strong,direct,sudden,balanced,dry,kid-ish,tiny,rapid,hushed,deadpan
5610,punch,strong,direct,sudden,balanced,dry,kid-ish,tiny,rapid,hushed,menacing
5611,punch,strong,direct,sudden,balanced,dry,kid-ish,tiny,rapid,medium,friendly
5612,punch,strong,direct,sudden,balanced,dry,kid-ish,tiny,rapid,medium,deadpan
5613,punch,strong,direct,sudden,balanced,dry,kid-ish,tiny,rapid,medium,menacing
5614,punch,strong,direct,sudden,balanced,dry,kid-ish,tiny,rapid,big,friendly
5615,punch,strong,direct,sudden,balanced,dry,kid-ish,tiny,rapid,big,deadpan
5616,punch,strong,direct,sudden,balanced,dry,kid-ish,tiny,rapid,big,menacing
5617,punch,strong,direct,sudden,balanced,dry,kid-ish,medium,slow,hushed,friendly
5618,punch,strong,direct,sudden,balanced,dry,kid-ish,medium,slow,hushed,deadpan
5619,punch,strong,direct,sudden,balanced,dry,kid-ish,medium,slow,hushed,menacing
5620,punch,strong,direct,sudden,balanced,dry,kid-ish,medium,slow,medium,friendly
5621,punch,strong,direct,sudden,balanced,dry,kid-ish,medium,slow,medium,deadpan
5622,punch,strong,direct,sudden,balanced,dry,kid-ish,medium,slow,medium,menacing
5623,punch,strong,direct,sudden,balanced,dry,kid-ish,medium,slow,big,friendly
5624,punch,strong,direct,sudden,balanced,dry,kid-ish,medium,slow,big,deadpan
5625,punch,strong,direct,sudden,balanced,dry,kid-ish,medium,slow,big,menacing
5626,punch,strong,direct,sudden,balanced,dry,kid-ish,medium,steady,hushed,friendly
5627,punch,strong,direct,sudden,balanced,dry,kid-ish,medium,steady,hushed,deadpan
5628,punch,strong,direct,sudden,balanced,dry,kid-ish,medium,steady,hushed,menacing
5629,punch,strong,direct,sudden,balanced,dry,kid-ish,medium,steady,medium,friendly
5630,punch,strong,direct,sudden,balanced,dry,kid-ish,medium,steady,medium,deadpan
5631,punch,strong,direct,sudden,balanced,dry,kid-ish,medium,steady,medium,menacing
5632,punch,strong,direct,sudden,balanced,dry,kid-ish,medium,steady,big,friendly
5633,punch,strong,direct,sudden,balanced,dry,kid-ish,medium,steady,big,deadpan
5634,punch,strong,direct,sudden,balanced,dry,kid-ish,medium,steady,big,menacing
5635,punch,strong,direct,sudden,balanced,dry,kid-ish,medium,rapid,hushed,friendly
5636,punch,strong,direct,sudden,balanced,dry,kid-ish,medium,rapid,hushed,deadpan
5637,punch,strong,direct,sudden,balanced,dry,kid-ish,medium,rapid,hushed,menacing
5638,punch,strong,direct,sudden,balanced,dry,kid-ish,medium,rapid,medium,friendly
5639,punch,strong,direct,sudden,balanced,dry,kid-ish,medium,rapid,medium,deadpan
5640,punch,strong,direct,sudden,balanced,dry,kid-ish,medium,rapid,medium,menacing
5641,punch,strong,direct,sudden,balanced,dry,kid-ish,medium,rapid,big,friendly
5642,punch,strong,direct,sudden,balanced,dry,kid-ish,medium,rapid,big,deadpan
5643,punch,strong,direct,sudden,balanced,dry,kid-ish,medium,rapid,big,menacing
5644,punch,strong,direct,sudden,balanced,dry,kid-ish,huge,slow,hushed,friendly
5645,punch,strong,direct,sudden,balanced,dry,kid-ish,huge,slow,hushed,deadpan
5646,punch,strong,direct,sudden,balanced,dry,kid-ish,huge,slow,hushed,menacing
5647,punch,strong,direct,sudden,balanced,dry,kid-ish,huge,slow,medium,friendly
5648,punch,strong,direct,sudden,balanced,dry,kid-ish,huge,slow,medium,deadpan
5649,punch,strong,direct,sudden,balanced,dry,kid-ish,huge,slow,medium,menacing
5650,punch,strong,direct,sudden,balanced,dry,kid-ish,huge,slow,big,friendly
5651,punch,strong,direct,sudden,balanced,dry,kid-ish,huge,slow,big,deadpan
5652,punch,strong,direct,sudden,balanced,dry,kid-ish,huge,slow,big,menacing
5653,punch,strong,direct,sudden,balanced,dry,kid-ish,huge,steady,hushed,friendly
5654,punch,strong,direct,sudden,balanced,dry,kid-ish,huge,steady,hushed,deadpan
5655,punch,strong,direct,sudden,balanced,dry,kid-ish,huge,steady,hushed,menacing
5656,punch,strong,direct,sudden,balanced,dry,kid-ish,huge,steady,medium,friendly
5657,punch,strong,direct,sudden,balanced,dry,kid-ish,huge,steady,medium,deadpan
5658,punch,strong,direct,sudden,balanced,dry,kid-ish,huge,steady,medium,menacing
5659,punch,strong,direct,sudden,balanced,dry,kid-ish,huge,steady,big,friendly
5660,punch,strong,direct,sudden,balanced,dry,kid-ish,huge,steady,big,deadpan
5661,punch,strong,direct,sudden,balanced,dry,kid-ish,huge,steady,big,menacing
5662,punch,strong,direct,sudden,balanced,dry,kid-ish,huge,rapid,hushed,friendly
5663,punch,strong,direct,sudden,balanced,dry,kid-ish,huge,rapid,hushed,deadpan
5664,punch,strong,direct,sudden,balanced,dry,kid-ish,huge,rapid,hushed,menacing
5665,punch,strong,direct,sudden,balanced,dry,kid-ish,huge,rapid,medium,friendly
5666,punch,strong,direct,sudden,balanced,dry,kid-ish,huge,rapid,medium,deadpan
5667,punch,strong,direct,sudden,balanced,dry,kid-ish,huge,rapid,medium,menacing
5668,punch,strong,direct,sudden,balanced,dry,kid-ish,huge,rapid,big,friendly
5669,punch,strong,direct,sudden,balanced,dry,kid-ish,huge,rapid,big,deadpan
5670,punch,strong,direct,sudden,balanced,dry,kid-ish,huge,rapid,big,menacing
5671,punch,strong,direct,sudden,balanced,dry,adult,tiny,slow,hushed,friendly
5672,punch,strong,direct,sudden,balanced,dry,adult,tiny,slow,hushed,deadpan
5673,punch,strong,direct,sudden,balanced,dry,adult,tiny,slow,hushed,menacing
5674,punch,strong,direct,sudden,balanced,dry,adult,tiny,slow,medium,friendly
5675,punch,strong,direct,sudden,balanced,dry,adult,tiny,slow,medium,deadpan
5676,punch,strong,direct,sudden,balanced,dry,adult,tiny,slow,medium,menacing
5677,punch,strong,direct,sudden,balanced,dry,adult,tiny,slow,big,friendly
5678,punch,strong,direct,sudden,balanced,dry,adult,tiny,slow,big,deadpan
5679,punch,strong,direct,sudden,balanced,dry,adult,tiny,slow,big,menacing
5680,punch,strong,direct,sudden,balanced,dry,adult,tiny,steady,hushed,friendly
5681,punch,strong,direct,sudden,balanced,dry,adult,tiny,steady,hushed,deadpan
5682,punch,strong,direct,sudden,balanced,dry,adult,tiny,steady,hushed,menacing
5683,punch,strong,direct,sudden,balanced,dry,adult,tiny,steady,medium,friendly
5684,punch,strong,direct,sudden,balanced,dry,adult,tiny,steady,medium,deadpan
5685,punch,strong,direct,sudden,balanced,dry,adult,tiny,steady,medium,menacing
5686,punch,strong,direct,sudden,balanced,dry,adult,tiny,steady,big,friendly
5687,punch,strong,direct,sudden,balanced,dry,adult,tiny,steady,big,deadpan
5688,punch,strong,direct,sudden,balanced,dry,adult,tiny,steady,big,menacing
5689,punch,strong,direct,sudden,balanced,dry,adult,tiny,rapid,hushed,friendly
5690,punch,strong,direct,sudden,balanced,dry,adult,tiny,rapid,hushed,deadpan
5691,punch,strong,direct,sudden,balanced,dry,adult,tiny,rapid,hushed,menacing
5692,punch,strong,direct,sudden,balanced,dry,adult,tiny,rapid,medium,friendly
5693,punch,strong,direct,sudden,balanced,dry,adult,tiny,rapid,medium,deadpan
5694,punch,strong,direct,sudden,balanced,dry,adult,tiny,rapid,medium,menacing
5695,punch,strong,direct,sudden,balanced,dry,adult,tiny,rapid,big,friendly
5696,punch,strong,direct,sudden,balanced,dry,adult,tiny,rapid,big,deadpan
5697,punch,strong,direct,sudden,balanced,dry,adult,tiny,rapid,big,menacing
5698,punch,strong,direct,sudden,balanced,dry,adult,medium,slow,hushed,friendly
5699,punch,strong,direct,sudden,balanced,dry,adult,medium,slow,hushed,deadpan
5700,punch,strong,direct,sudden,balanced,dry,adult,medium,slow,hushed,menacing
5701,punch,strong,direct,sudden,balanced,dry,adult,medium,slow,medium,friendly
5702,punch,strong,direct,sudden,balanced,dry,adult,medium,slow,medium,deadpan
5703,punch,strong,direct,sudden,balanced,dry,adult,medium,slow,medium,menacing
5704,punch,strong,direct,sudden,balanced,dry,adult,medium,slow,big,friendly
5705,punch,strong,direct,sudden,balanced,dry,adult,medium,slow,big,deadpan
5706,punch,strong,direct,sudden,balanced,dry,adult,medium,slow,big,menacing
5707,punch,strong,direct,sudden,balanced,dry,adult,medium,steady,hushed,friendly
5708,punch,strong,direct,sudden,balanced,dry,adult,medium,steady,hushed,deadpan
5709,punch,strong,direct,sudden,balanced,dry,adult,medium,steady,hushed,menacing
5710,punch,strong,direct,sudden,balanced,dry,adult,medium,steady,medium,friendly
5711,punch,strong,direct,sudden,balanced,dry,adult,medium,steady,medium,deadpan
5712,punch,strong,direct,sudden,balanced,dry,adult,medium,steady,medium,menacing
5713,punch,strong,direct,sudden,balanced,dry,adult,medium,steady,big,friendly
5714,punch,strong,direct,sudden,balanced,dry,adult,medium,steady,big,deadpan
5715,punch,strong,direct,sudden,balanced,dry,adult,medium,steady,big,menacing
5716,punch,strong,direct,sudden,balanced,dry,adult,medium,rapid,hushed,friendly
5717,punch,strong,direct,sudden,balanced,dry,adult,medium,rapid,hushed,deadpan
5718,punch,strong,direct,sudden,balanced,dry,adult,medium,rapid,hushed,menacing
5719,punch,strong,direct,sudden,balanced,dry,adult,medium,rapid,medium,friendly
5720,punch,strong,direct,sudden,balanced,dry,adult,medium,rapid,medium,deadpan
5721,punch,strong,direct,sudden,balanced,dry,adult,medium,rapid,medium,menacing
5722,punch,strong,direct,sudden,balanced,dry,adult,medium,rapid,big,friendly
5723,punch,strong,direct,sudden,balanced,dry,adult,medium,rapid,big,deadpan
5724,punch,strong,direct,sudden,balanced,dry,adult,medium,rapid,big,menacing
5725,punch,strong,direct,sudden,balanced,dry,adult,huge,slow,hushed,friendly
5726,punch,strong,direct,sudden,balanced,dry,adult,huge,slow,hushed,deadpan
5727,punch,strong,direct,sudden,balanced,dry,adult,huge,slow,hushed,menacing
5728,punch,strong,direct,sudden,balanced,dry,adult,huge,slow,medium,friendly
5729,punch,strong,direct,sudden,balanced,dry,adult,huge,slow,medium,deadpan
5730,punch,strong,direct,sudden,balanced,dry,adult,huge,slow,medium,menacing
5731,punch,strong,direct,sudden,balanced,dry,adult,huge,slow,big,friendly
5732,punch,strong,direct,sudden,balanced,dry,adult,huge,slow,big,deadpan
5733,punch,strong,direct,sudden,balanced,dry,adult,huge,slow,big,menacing
5734,punch,strong,direct,sudden,balanced,dry,adult,huge,steady,hushed,friendly
5735,punch,strong,direct,sudden,balanced,dry,adult,huge,steady,hushed,deadpan
5736,punch,strong,direct,sudden,balanced,dry,adult,huge,steady,hushed,menacing
5737,punch,strong,direct,sudden,balanced,dry,adult,huge,steady,medium,friendly
5738,punch,strong,direct,sudden,balanced,dry,adult,huge,steady,medium,deadpan
5739,punch,strong,direct,sudden,balanced,dry,adult,huge,steady,medium,menacing
5740,punch,strong,direct,sudden,balanced,dry,adult,huge,steady,big,friendly
5741,punch,strong,direct,sudden,balanced,dry,adult,huge,steady,big,deadpan
5742,punch,strong,direct,sudden,balanced,dry,adult,huge,steady,big,menacing
5743,punch,strong,direct,sudden,balanced,dry,adult,huge,rapid,hushed,friendly
5744,punch,strong,direct,sudden,balanced,dry,adult,huge,rapid,hushed,deadpan
5745,punch,strong,direct,sudden,balanced,dry,adult,huge,rapid,hushed,menacing
5746,punch,strong,direct,sudden,balanced,dry,adult,huge,rapid,medium,friendly
5747,punch,strong,direct,sudden,balanced,dry,adult,huge,rapid,medium,deadpan
5748,punch,strong,direct,sudden,balanced,dry,adult,huge,rapid,medium,menacing
5749,punch,strong,direct,sudden,balanced,dry,adult,huge,rapid,big,friendly
5750,punch,strong,direct,sudden,balanced,dry,adult,huge,rapid,big,deadpan
5751,punch,strong,direct,sudden,balanced,dry,adult,huge,rapid,big,menacing
5752,punch,strong,direct,sudden,balanced,dry,elder,tiny,slow,hushed,friendly
5753,punch,strong,direct,sudden,balanced,dry,elder,tiny,slow,hushed,deadpan
5754,punch,strong,direct,sudden,balanced,dry,elder,tiny,slow,hushed,menacing
5755,punch,strong,direct,sudden,balanced,dry,elder,tiny,slow,medium,friendly
5756,punch,strong,direct,sudden,balanced,dry,elder,tiny,slow,medium,deadpan
5757,punch,strong,direct,sudden,balanced,dry,elder,tiny,slow,medium,menacing
5758,punch,strong,direct,sudden,balanced,dry,elder,tiny,slow,big,friendly
5759,punch,strong,direct,sudden,balanced,dry,elder,tiny,slow,big,deadpan
5760,punch,strong,direct,sudden,balanced,dry,elder,tiny,slow,big,menacing
5761,punch,strong,direct,sudden,balanced,dry,elder,tiny,steady,hushed,friendly
5762,punch,strong,direct,sudden,balanced,dry,elder,tiny,steady,hushed,deadpan
5763,punch,strong,direct,sudden,balanced,dry,elder,tiny,steady,hushed,menacing
5764,punch,strong,direct,sudden,balanced,dry,elder,tiny,steady,medium,friendly
5765,punch,strong,direct,sudden,balanced,dry,elder,tiny,steady,medium,deadpan
5766,punch,strong,direct,sudden,balanced,dry,elder,tiny,steady,medium,menacing
5767,punch,strong,direct,sudden,balanced,dry,elder,tiny,steady,big,friendly
5768,punch,strong,direct,sudden,balanced,dry,elder,tiny,steady,big,deadpan
5769,punch,strong,direct,sudden,balanced,dry,elder,tiny,steady,big,menacing
5770,punch,strong,direct,sudden,balanced,dry,elder,tiny,rapid,hushed,friendly
5771,punch,strong,direct,sudden,balanced,dry,elder,tiny,rapid,hushed,deadpan
5772,punch,strong,direct,sudden,balanced,dry,elder,tiny,rapid,hushed,menacing
5773,punch,strong,direct,sudden,balanced,dry,elder,tiny,rapid,medium,friendly
5774,punch,strong,direct,sudden,balanced,dry,elder,tiny,rapid,medium,deadpan
5775,punch,strong,direct,sudden,balanced,dry,elder,tiny,rapid,medium,menacing
5776,punch,strong,direct,sudden,balanced,dry,elder,tiny,rapid,big,friendly
5777,punch,strong,direct,sudden,balanced,dry,elder,tiny,rapid,big,deadpan
5778,punch,strong,direct,sudden,balanced,dry,elder,tiny,rapid,big,menacing
5779,punch,strong,direct,sudden,balanced,dry,elder,medium,slow,hushed,friendly
5780,punch,strong,direct,sudden,balanced,dry,elder,medium,slow,hushed,deadpan
5781,punch,strong,direct,sudden,balanced,dry,elder,medium,slow,hushed,menacing
5782,punch,strong,direct,sudden,balanced,dry,elder,medium,slow,medium,friendly
5783,punch,strong,direct,sudden,balanced,dry,elder,medium,slow,medium,deadpan
5784,punch,strong,direct,sudden,balanced,dry,elder,medium,slow,medium,menacing
5785,punch,strong,direct,sudden,balanced,dry,elder,medium,slow,big,friendly
5786,punch,strong,direct,sudden,balanced,dry,elder,medium,slow,big,deadpan
5787,punch,strong,direct,sudden,balanced,dry,elder,medium,slow,big,menacing
5788,punch,strong,direct,sudden,balanced,dry,elder,medium,steady,hushed,friendly
5789,punch,strong,direct,sudden,balanced,dry,elder,medium,steady,hushed,deadpan
5790,punch,strong,direct,sudden,balanced,dry,elder,medium,steady,hushed,menacing
5791,punch,strong,direct,sudden,balanced,dry,elder,medium,steady,medium,friendly
5792,punch,strong,direct,sudden,balanced,dry,elder,medium,steady,medium,deadpan
5793,punch,strong,direct,sudden,balanced,dry,elder,medium,steady,medium,menacing
5794,punch,strong,direct,sudden,balanced,dry,elder,medium,steady,big,friendly
5795,punch,strong,direct,sudden,balanced,dry,elder,medium,steady,big,deadpan
5796,punch,strong,direct,sudden,balanced,dry,elder,medium,steady,big,menacing
5797,punch,strong,direct,sudden,balanced,dry,elder,medium,rapid,hushed,friendly
5798,punch,strong,direct,sudden,balanced,dry,elder,medium,rapid,hushed,deadpan
5799,punch,strong,direct,sudden,balanced,dry,elder,medium,rapid,hushed,menacing
5800,punch,strong,direct,sudden,balanced,dry,elder,medium,rapid,medium,friendly
5801,punch,strong,direct,sudden,balanced,dry,elder,medium,rapid,medium,deadpan
5802,punch,strong,direct,sudden,balanced,dry,elder,medium,rapid,medium,menacing
5803,punch,strong,direct,sudden,balanced,dry,elder,medium,rapid,big,friendly
5804,punch,strong,direct,sudden,balanced,dry,elder,medium,rapid,big,deadpan
5805,punch,strong,direct,sudden,balanced,dry,elder,medium,rapid,big,menacing
5806,punch,strong,direct,sudden,balanced,dry,elder,huge,slow,hushed,friendly
5807,punch,strong,direct,sudden,balanced,dry,elder,huge,slow,hushed,deadpan
5808,punch,strong,direct,sudden,balanced,dry,elder,huge,slow,hushed,menacing
5809,punch,strong,direct,sudden,balanced,dry,elder,huge,slow,medium,friendly
5810,punch,strong,direct,sudden,balanced,dry,elder,huge,slow,medium,deadpan
5811,punch,strong,direct,sudden,balanced,dry,elder,huge,slow,medium,menacing
5812,punch,strong,direct,sudden,balanced,dry,elder,huge,slow,big,friendly
5813,punch,strong,direct,sudden,balanced,dry,elder,huge,slow,big,deadpan
5814,punch,strong,direct,sudden,balanced,dry,elder,huge,slow,big,menacing
5815,punch,strong,direct,sudden,balanced,dry,elder,huge,steady,hushed,friendly
5816,punch,strong,direct,sudden,balanced,dry,elder,huge,steady,hushed,deadpan
5817,punch,strong,direct,sudden,balanced,dry,elder,huge,steady,hushed,menacing
5818,punch,strong,direct,sudden,balanced,dry,elder,huge,steady,medium,friendly
5819,punch,strong,direct,sudden,balanced,dry,elder,huge,steady,medium,deadpan
5820,punch,strong,direct,sudden,balanced,dry,elder,huge,steady,medium,menacing
5821,punch,strong,direct,sudden,balanced,dry,elder,huge,steady,big,friendly
5822,punch,strong,direct,sudden,balanced,dry,elder,huge,steady,big,deadpan
5823,punch,strong,direct,sudden,balanced,dry,elder,huge,steady,big,menacing
5824,punch,strong,direct,sudden,balanced,dry,elder,huge,rapid,hushed,friendly
5825,punch,strong,direct,sudden,balanced,dry,elder,huge,rapid,hushed,deadpan
5826,punch,strong,direct,sudden,balanced,dry,elder,huge,rapid,hushed,menacing
5827,punch,strong,direct,sudden,balanced,dry,elder,huge,rapid,medium,friendly
5828,punch,strong,direct,sudden,balanced,dry,elder,huge,rapid,medium,deadpan
5829,punch,strong,direct,sudden,balanced,dry,elder,huge,rapid,medium,menacing
5830,punch,strong,direct,sudden,balanced,dry,elder,huge,rapid,big,friendly
5831,punch,strong,direct,sudden,balanced,dry,elder,huge,rapid,big,deadpan
5832,punch,strong,direct,sudden,balanced,dry,elder,huge,rapid,big,menacing
5833,wring,strong,indirect,sustained,nasal,breathy,kid-ish,tiny,slow,hushed,friendly
5834,wring,strong,indirect,sustained,nasal,breathy,kid-ish,tiny,slow,hushed,deadpan
5835,wring,strong,indirect,sustained,nasal,breathy,kid-ish,tiny,slow,hushed,menacing
5836,wring,strong,indirect,sustained,nasal,breathy,kid-ish,tiny,slow,medium,friendly
5837,wring,strong,indirect,sustained,nasal,breathy,kid-ish,tiny,slow,medium,deadpan
5838,wring,strong,indirect,sustained,nasal,breathy,kid-ish,tiny,slow,medium,menacing
5839,wring,strong,indirect,sustained,nasal,breathy,kid-ish,tiny,slow,big,friendly
5840,wring,strong,indirect,sustained,nasal,breathy,kid-ish,tiny,slow,big,deadpan
5841,wring,strong,indirect,sustained,nasal,breathy,kid-ish,tiny,slow,big,menacing
5842,wring,strong,indirect,sustained,nasal,breathy,kid-ish,tiny,steady,hushed,friendly
5843,wring,strong,indirect,sustained,nasal,breathy,kid-ish,tiny,steady,hushed,deadpan
5844,wring,strong,indirect,sustained,nasal,breathy,kid-ish,tiny,steady,hushed,menacing
5845,wring,strong,indirect,sustained,nasal,breathy,kid-ish,tiny,steady,medium,friendly
5846,wring,strong,indirect,sustained,nasal,breathy,kid-ish,tiny,steady,medium,deadpan
5847,wring,strong,indirect,sustained,nasal,breathy,kid-ish,tiny,steady,medium,menacing
5848,wring,strong,indirect,sustained,nasal,breathy,kid-ish,tiny,steady,big,friendly
5849,wring,strong,indirect,sustained,nasal,breathy,kid-ish,tiny,steady,big,deadpan
5850,wring,strong,indirect,sustained,nasal,breathy,kid-ish,tiny,steady,big,menacing
5851,wring,strong,indirect,sustained,nasal,breathy,kid-ish,tiny,rapid,hushed,friendly
5852,wring,strong,indirect,sustained,nasal,breathy,kid-ish,tiny,rapid,hushed,deadpan
5853,wring,strong,indirect,sustained,nasal,breathy,kid-ish,tiny,rapid,hushed,menacing
5854,wring,strong,indirect,sustained,nasal,breathy,kid-ish,tiny,rapid,medium,friendly
5855,wring,strong,indirect,sustained,nasal,breathy,kid-ish,tiny,rapid,medium,deadpan
5856,wring,strong,indirect,sustained,nasal,breathy,kid-ish,tiny,rapid,medium,menacing
5857,wring,strong,indirect,sustained,nasal,breathy,kid-ish,tiny,rapid,big,friendly
5858,wring,strong,indirect,sustained,nasal,breathy,kid-ish,tiny,rapid,big,deadpan
5859,wring,strong,indirect,sustained,nasal,breathy,kid-ish,tiny,rapid,big,menacing
5860,wring,strong,indirect,sustained,nasal,breathy,kid-ish,medium,slow,hushed,friendly
5861,wring,strong,indirect,sustained,nasal,breathy,kid-ish,medium,slow,hushed,deadpan
5862,wring,strong,indirect,sustained,nasal,breathy,kid-ish,medium,slow,hushed,menacing
5863,wring,strong,indirect,sustained,nasal,breathy,kid-ish,medium,slow,medium,friendly
5864,wring,strong,indirect,sustained,nasal,breathy,kid-ish,medium,slow,medium,deadpan
5865,wring,strong,indirect,sustained,nasal,breathy,kid-ish,medium,slow,medium,menacing
5866,wring,strong,indirect,sustained,nasal,breathy,kid-ish,medium,slow,big,friendly
5867,wring,strong,indirect,sustained,nasal,breathy,kid-ish,medium,slow,big,deadpan
5868,wring,strong,indirect,sustained,nasal,breathy,kid-ish,medium,slow,big,menacing
5869,wring,strong,indirect,sustained,nasal,breathy,kid-ish,medium,steady,hushed,friendly
5870,wring,strong,indirect,sustained,nasal,breathy,kid-ish,medium,steady,hushed,deadpan
5871,wring,strong,indirect,sustained,nasal,breathy,kid-ish,medium,steady,hushed,menacing
5872,wring,strong,indirect,sustained,nasal,breathy,kid-ish,medium,steady,medium,friendly
5873,wring,strong,indirect,sustained,nasal,breathy,kid-ish,medium,steady,medium,deadpan
5874,wring,strong,indirect,sustained,nasal,breathy,kid-ish,medium,steady,medium,menacing
5875,wring,strong,indirect,sustained,nasal,breathy,kid-ish,medium,steady,big,friendly
5876,wring,strong,indirect,sustained,nasal,breathy,kid-ish,medium,steady,big,deadpan
5877,wring,strong,indirect,sustained,nasal,breathy,kid-ish,medium,steady,big,menacing
5878,wring,strong,indirect,sustained,nasal,breathy,kid-ish,medium,rapid,hushed,friendly
5879,wring,strong,indirect,sustained,nasal,breathy,kid-ish,medium,rapid,hushed,deadpan
5880,wring,strong,indirect,sustained,nasal,breathy,kid-ish,medium,rapid,hushed,menacing
5881,wring,strong,indirect,sustained,nasal,breathy,kid-ish,medium,rapid,medium,friendly
5882,wring,strong,indirect,sustained,nasal,breathy,kid-ish,medium,rapid,medium,deadpan
5883,wring,strong,indirect,sustained,nasal,breathy,kid-ish,medium,rapid,medium,menacing
5884,wring,strong,indirect,sustained,nasal,breathy,kid-ish,medium,rapid,big,friendly
5885,wring,strong,indirect,sustained,nasal,breathy,kid-ish,medium,rapid,big,deadpan
5886,wring,strong,indirect,sustained,nasal,breathy,kid-ish,medium,rapid,big,menacing
5887,wring,strong,indirect,sustained,nasal,breathy,kid-ish,huge,slow,hushed,friendly
5888,wring,strong,indirect,sustained,nasal,breathy,kid-ish,huge,slow,hushed,deadpan
5889,wring,strong,indirect,sustained,nasal,breathy,kid-ish,huge,slow,hushed,menacing
5890,wring,strong,indirect,sustained,nasal,breathy,kid-ish,huge,slow,medium,friendly
5891,wring,strong,indirect,sustained,nasal,breathy,kid-ish,huge,slow,medium,deadpan
5892,wring,strong,indirect,sustained,nasal,breathy,kid-ish,huge,slow,medium,menacing
5893,wring,strong,indirect,sustained,nasal,breathy,kid-ish,huge,slow,big,friendly
5894,wring,strong,indirect,sustained,nasal,breathy,kid-ish,huge,slow,big,deadpan
5895,wring,strong,indirect,sustained,nasal,breathy,kid-ish,huge,slow,big,menacing
5896,wring,strong,indirect,sustained,nasal,breathy,kid-ish,huge,steady,hushed,friendly
5897,wring,strong,indirect,sustained,nasal,breathy,kid-ish,huge,steady,hushed,deadpan
5898,wring,strong,indirect,sustained,nasal,breathy,kid-ish,huge,steady,hushed,menacing
5899,wring,strong,indirect,sustained,nasal,breathy,kid-ish,huge,steady,medium,friendly
5900,wring,strong,indirect,sustained,nasal,breathy,kid-ish,huge,steady,medium,deadpan
5901,wring,strong,indirect,sustained,nasal,breathy,kid-ish,huge,steady,medium,menacing
5902,wring,strong,indirect,sustained,nasal,breathy,kid-ish,huge,steady,big,friendly
5903,wring,strong,indirect,sustained,nasal,breathy,kid-ish,huge,steady,big,deadpan
5904,wring,strong,indirect,sustained,nasal,breathy,kid-ish,huge,steady,big,menacing
5905,wring,strong,indirect,sustained,nasal,breathy,kid-ish,huge,rapid,hushed,friendly
5906,wring,strong,indirect,sustained,nasal,breathy,kid-ish,huge,rapid,hushed,deadpan
5907,wring,strong,indirect,sustained,nasal,breathy,kid-ish,huge,rapid,hushed,menacing
5908,wring,strong,indirect,sustained,nasal,breathy,kid-ish,huge,rapid,medium,friendly
5909,wring,strong,indirect,sustained,nasal,breathy,kid-ish,huge,rapid,medium,deadpan
5910,wring,strong,indirect,sustained,nasal,breathy,kid-ish,huge,rapid,medium,menacing
5911,wring,strong,indirect,sustained,nasal,breathy,kid-ish,huge,rapid,big,friendly
5912,wring,strong,indirect,sustained,nasal,breathy,kid-ish,huge,rapid,big,deadpan
5913,wring,strong,indirect,sustained,nasal,breathy,kid-ish,huge,rapid,big,menacing
5914,wring,strong,indirect,sustained,nasal,breathy,adult,tiny,slow,hushed,friendly
5915,wring,strong,indirect,sustained,nasal,breathy,adult,tiny,slow,hushed,deadpan
5916,wring,strong,indirect,sustained,nasal,breathy,adult,tiny,slow,hushed,menacing
5917,wring,strong,indirect,sustained,nasal,breathy,adult,tiny,slow,medium,friendly
5918,wring,strong,indirect,sustained,nasal,breathy,adult,tiny,slow,medium,deadpan
5919,wring,strong,indirect,sustained,nasal,breathy,adult,tiny,slow,medium,menacing
5920,wring,strong,indirect,sustained,nasal,breathy,adult,tiny,slow,big,friendly
5921,wring,strong,indirect,sustained,nasal,breathy,adult,tiny,slow,big,deadpan
5922,wring,strong,indirect,sustained,nasal,breathy,adult,tiny,slow,big,menacing
5923,wring,strong,indirect,sustained,nasal,breathy,adult,tiny,steady,hushed,friendly
5924,wring,strong,indirect,sustained,nasal,breathy,adult,tiny,steady,hushed,deadpan
5925,wring,strong,indirect,sustained,nasal,breathy,adult,tiny,steady,hushed,menacing
5926,wring,strong,indirect,sustained,nasal,breathy,adult,tiny,steady,medium,friendly
5927,wring,strong,indirect,sustained,nasal,breathy,adult,tiny,steady,medium,deadpan
5928,wring,strong,indirect,sustained,nasal,breathy,adult,tiny,steady,medium,menacing
5929,wring,strong,indirect,sustained,nasal,breathy,adult,tiny,steady,big,friendly
5930,wring,strong,indirect,sustained,nasal,breathy,adult,tiny,steady,big,deadpan
5931,wring,strong,indirect,sustained,nasal,breathy,adult,tiny,steady,big,menacing
5932,wring,strong,indirect,sustained,nasal,breathy,adult,tiny,rapid,hushed,friendly
5933,wring,strong,indirect,sustained,nasal,breathy,adult,tiny,rapid,hushed,deadpan
5934,wring,strong,indirect,sustained,nasal,breathy,adult,tiny,rapid,hushed,menacing
5935,wring,strong,indirect,sustained,nasal,breathy,adult,tiny,rapid,medium,friendly
5936,wring,strong,indirect,sustained,nasal,breathy,adult,tiny,rapid,medium,deadpan
5937,wring,strong,indirect,sustained,nasal,breathy,adult,tiny,rapid,medium,menacing
5938,wring,strong,indirect,sustained,nasal,breathy,adult,tiny,rapid,big,friendly
5939,wring,strong,indirect,sustained,nasal,breathy,adult,tiny,rapid,big,deadpan
5940,wring,strong,indirect,sustained,nasal,breathy,adult,tiny,rapid,big,menacing
5941,wring,strong,indirect,sustained,nasal,breathy,adult,medium,slow,hushed,friendly
5942,wring,strong,indirect,sustained,nasal,breathy,adult,medium,slow,hushed,deadpan
5943,wring,strong,indirect,sustained,nasal,breathy,adult,medium,slow,hushed,menacing
5944,wring,strong,indirect,sustained,nasal,breathy,adult,medium,slow,medium,friendly
5945,wring,strong,indirect,sustained,nasal,breathy,adult,medium,slow,medium,deadpan
5946,wring,strong,indirect,sustained,nasal,breathy,adult,medium,slow,medium,menacing
5947,wring,strong,indirect,sustained,nasal,breathy,adult,medium,slow,big,friendly
5948,wring,strong,indirect,sustained,nasal,breathy,adult,medium,slow,big,deadpan
5949,wring,strong,indirect,sustained,nasal,breathy,adult,medium,slow,big,menacing
5950,wring,strong,indirect,sustained,nasal,breathy,adult,medium,steady,hushed,friendly
5951,wring,strong,indirect,sustained,nasal,breathy,adult,medium,steady,hushed,deadpan
5952,wring,strong,indirect,sustained,nasal,breathy,adult,medium,steady,hushed,menacing
5953,wring,strong,indirect,sustained,nasal,breathy,adult,medium,steady,medium,friendly
5954,wring,strong,indirect,sustained,nasal,breathy,adult,medium,steady,medium,deadpan
5955,wring,strong,indirect,sustained,nasal,breathy,adult,medium,steady,medium,menacing
5956,wring,strong,indirect,sustained,nasal,breathy,adult,medium,steady,big,friendly
5957,wring,strong,indirect,sustained,nasal,breathy,adult,medium,steady,big,deadpan
5958,wring,strong,indirect,sustained,nasal,breathy,adult,medium,steady,big,menacing
5959,wring,strong,indirect,sustained,nasal,breathy,adult,medium,rapid,hushed,friendly
5960,wring,strong,indirect,sustained,nasal,breathy,adult,medium,rapid,hushed,deadpan
5961,wring,strong,indirect,sustained,nasal,breathy,adult,medium,rapid,hushed,menacing
5962,wring,strong,indirect,sustained,nasal,breathy,adult,medium,rapid,medium,friendly
5963,wring,strong,indirect,sustained,nasal,breathy,adult,medium,rapid,medium,deadpan
5964,wring,strong,indirect,sustained,nasal,breathy,adult,medium,rapid,medium,menacing
5965,wring,strong,indirect,sustained,nasal,breathy,adult,medium,rapid,big,friendly
5966,wring,strong,indirect,sustained,nasal,breathy,adult,medium,rapid,big,deadpan
5967,wring,strong,indirect,sustained,nasal,breathy,adult,medium,rapid,big,menacing
5968,wring,strong,indirect,sustained,nasal,breathy,adult,huge,slow,hushed,friendly
5969,wring,strong,indirect,sustained,nasal,breathy,adult,huge,slow,hushed,deadpan
5970,wring,strong,indirect,sustained,nasal,breathy,adult,huge,slow,hushed,menacing
5971,wring,strong,indirect,sustained,nasal,breathy,adult,huge,slow,medium,friendly
5972,wring,strong,indirect,sustained,nasal,breathy,adult,huge,slow,medium,deadpan
5973,wring,strong,indirect,sustained,nasal,breathy,adult,huge,slow,medium,menacing
5974,wring,strong,indirect,sustained,nasal,breathy,adult,huge,slow,big,friendly
5975,wring,strong,indirect,sustained,nasal,breathy,adult,huge,slow,big,deadpan
5976,wring,strong,indirect,sustained,nasal,breathy,adult,huge,slow,big,menacing
5977,wring,strong,indirect,sustained,nasal,breathy,adult,huge,steady,hushed,friendly
5978,wring,strong,indirect,sustained,nasal,breathy,adult,huge,steady,hushed,deadpan
5979,wring,strong,indirect,sustained,nasal,breathy,adult,huge,steady,hushed,menacing
5980,wring,strong,indirect,sustained,nasal,breathy,adult,huge,steady,medium,friendly
5981,wring,strong,indirect,sustained,nasal,breathy,adult,huge,steady,medium,deadpan
5982,wring,strong,indirect,sustained,nasal,breathy,adult,huge,steady,medium,menacing
5983,wring,strong,indirect,sustained,nasal,breathy,adult,huge,steady,big,friendly
5984,wring,strong,indirect,sustained,nasal,breathy,adult,huge,steady,big,deadpan
5985,wring,strong,indirect,sustained,nasal,breathy,adult,huge,steady,big,menacing
5986,wring,strong,indirect,sustained,nasal,breathy,adult,huge,rapid,hushed,friendly
5987,wring,strong,indirect,sustained,nasal,breathy,adult,huge,rapid,hushed,deadpan
5988,wring,strong,indirect,sustained,nasal,breathy,adult,huge,rapid,hushed,menacing
5989,wring,strong,indirect,sustained,nasal,breathy,adult,huge,rapid,medium,friendly
5990,wring,strong,indirect,sustained,nasal,breathy,adult,huge,rapid,medium,deadpan
5991,wring,strong,indirect,sustained,nasal,breathy,adult,huge,rapid,medium,menacing
5992,wring,strong,indirect,sustained,nasal,breathy,adult,huge,rapid,big,friendly
5993,wring,strong,indirect,sustained,nasal,breathy,adult,huge,rapid,big,deadpan
5994,wring,strong,indirect,sustained,nasal,breathy,adult,huge,rapid,big,menacing
5995,wring,strong,indirect,sustained,nasal,breathy,elder,tiny,slow,hushed,friendly
5996,wring,strong,indirect,sustained,nasal,breathy,elder,tiny,slow,hushed,deadpan
5997,wring,strong,indirect,sustained,nasal,breathy,elder,tiny,slow,hushed,menacing
5998,wring,strong,indirect,sustained,nasal,breathy,elder,tiny,slow,medium,friendly
5999,wring,strong,indirect,sustained,nasal,breathy,elder,tiny,slow,medium,deadpan
6000,wring,strong,indirect,sustained,nasal,breathy,elder,tiny,slow,medium,menacing
6001,wring,strong,indirect,sustained,nasal,breathy,elder,tiny,slow,big,friendly
6002,wring,strong,indirect,sustained,nasal,breathy,elder,tiny,slow,big,deadpan
6003,wring,strong,indirect,sustained,nasal,breathy,elder,tiny,slow,big,menacing
6004,wring,strong,indirect,sustained,nasal,breathy,elder,tiny,steady,hushed,friendly
6005,wring,strong,indirect,sustained,nasal,breathy,elder,tiny,steady,hushed,deadpan
6006,wring,strong,indirect,sustained,nasal,breathy,elder,tiny,steady,hushed,menacing
6007,wring,strong,indirect,sustained,nasal,breathy,elder,tiny,steady,medium,friendly
6008,wring,strong,indirect,sustained,nasal,breathy,elder,tiny,steady,medium,deadpan
6009,wring,strong,indirect,sustained,nasal,breathy,elder,tiny,steady,medium,menacing
6010,wring,strong,indirect,sustained,nasal,breathy,elder,tiny,steady,big,friendly
6011,wring,strong,indirect,sustained,nasal,breathy,elder,tiny,steady,big,deadpan
6012,wring,strong,indirect,sustained,nasal,breathy,elder,tiny,steady,big,menacing
6013,wring,strong,indirect,sustained,nasal,breathy,elder,tiny,rapid,hushed,friendly
6014,wring,strong,indirect,sustained,nasal,breathy,elder,tiny,rapid,hushed,deadpan
6015,wring,strong,indirect,sustained,nasal,breathy,elder,tiny,rapid,hushed,menacing
6016,wring,strong,indirect,sustained,nasal,breathy,elder,tiny,rapid,medium,friendly
6017,wring,strong,indirect,sustained,nasal,breathy,elder,tiny,rapid,medium,deadpan
6018,wring,strong,indirect,sustained,nasal,breathy,elder,tiny,rapid,medium,menacing
6019,wring,strong,indirect,sustained,nasal,breathy,elder,tiny,rapid,big,friendly
6020,wring,strong,indirect,sustained,nasal,breathy,elder,tiny,rapid,big,deadpan
6021,wring,strong,indirect,sustained,nasal,breathy,elder,tiny,rapid,big,menacing
6022,wring,strong,indirect,sustained,nasal,breathy,elder,medium,slow,hushed,friendly
6023,wring,strong,indirect,sustained,nasal,breathy,elder,medium,slow,hushed,deadpan
6024,wring,strong,indirect,sustained,nasal,breathy,elder,medium,slow,hushed,menacing
6025,wring,strong,indirect,sustained,nasal,breathy,elder,medium,slow,medium,friendly
6026,wring,strong,indirect,sustained,nasal,breathy,elder,medium,slow,medium,deadpan
6027,wring,strong,indirect,sustained,nasal,breathy,elder,medium,slow,medium,menacing
6028,wring,strong,indirect,sustained,nasal,breathy,elder,medium,slow,big,friendly
6029,wring,strong,indirect,sustained,nasal,breathy,elder,medium,slow,big,deadpan
6030,wring,strong,indirect,sustained,nasal,breathy,elder,medium,slow,big,menacing
6031,wring,strong,indirect,sustained,nasal,breathy,elder,medium,steady,hushed,friendly
6032,wring,strong,indirect,sustained,nasal,breathy,elder,medium,steady,hushed,deadpan
6033,wring,strong,indirect,sustained,nasal,breathy,elder,medium,steady,hushed,menacing
6034,wring,strong,indirect,sustained,nasal,breathy,elder,medium,steady,medium,friendly
6035,wring,strong,indirect,sustained,nasal,breathy,elder,medium,steady,medium,deadpan
6036,wring,strong,indirect,sustained,nasal,breathy,elder,medium,steady,medium,menacing
6037,wring,strong,indirect,sustained,nasal,breathy,elder,medium,steady,big,friendly
6038,wring,strong,indirect,sustained,nasal,breathy,elder,medium,steady,big,deadpan
6039,wring,strong,indirect,sustained,nasal,breathy,elder,medium,steady,big,menacing
6040,wring,strong,indirect,sustained,nasal,breathy,elder,medium,rapid,hushed,friendly
6041,wring,strong,indirect,sustained,nasal,breathy,elder,medium,rapid,hushed,deadpan
6042,wring,strong,indirect,sustained,nasal,breathy,elder,medium,rapid,hushed,menacing
6043,wring,strong,indirect,sustained,nasal,breathy,elder,medium,rapid,medium,friendly
6044,wring,strong,indirect,sustained,nasal,breathy,elder,medium,rapid,medium,deadpan
6045,wring,strong,indirect,sustained,nasal,breathy,elder,medium,rapid,medium,menacing
6046,wring,strong,indirect,sustained,nasal,breathy,elder,medium,rapid,big,friendly
6047,wring,strong,indirect,sustained,nasal,breathy,elder,medium,rapid,big,deadpan
6048,wring,strong,indirect,sustained,nasal,breathy,elder,medium,rapid,big,menacing
6049,wring,strong,indirect,sustained,nasal,breathy,elder,huge,slow,hushed,friendly
6050,wring,strong,indirect,sustained,nasal,breathy,elder,huge,slow,hushed,deadpan
6051,wring,strong,indirect,sustained,nasal,breathy,elder,huge,slow,hushed,menacing
6052,wring,strong,indirect,sustained,nasal,breathy,elder,huge,slow,medium,friendly
6053,wring,strong,indirect,sustained,nasal,breathy,elder,huge,slow,medium,deadpan
6054,wring,strong,indirect,sustained,nasal,breathy,elder,huge,slow,medium,menacing
6055,wring,strong,indirect,sustained,nasal,breathy,elder,huge,slow,big,friendly
6056,wring,strong,indirect,sustained,nasal,breathy,elder,huge,slow,big,deadpan
6057,wring,strong,indirect,sustained,nasal,breathy,elder,huge,slow,big,menacing
6058,wring,strong,indirect,sustained,nasal,breathy,elder,huge,steady,hushed,friendly
6059,wring,strong,indirect,sustained,nasal,breathy,elder,huge,steady,hushed,deadpan
6060,wring,strong,indirect,sustained,nasal,breathy,elder,huge,steady,hushed,menacing
6061,wring,strong,indirect,sustained,nasal,breathy,elder,huge,steady,medium,friendly
6062,wring,strong,indirect,sustained,nasal,breathy,elder,huge,steady,medium,deadpan
6063,wring,strong,indirect,sustained,nasal,breathy,elder,huge,steady,medium,menacing
6064,wring,strong,indirect,sustained,nasal,breathy,elder,huge,steady,big,friendly
6065,wring,strong,indirect,sustained,nasal,breathy,elder,huge,steady,big,deadpan
6066,wring,strong,indirect,sustained,nasal,breathy,elder,huge,steady,big,menacing
6067,wring,strong,indirect,sustained,nasal,breathy,elder,huge,rapid,hushed,friendly
6068,wring,strong,indirect,sustained,nasal,breathy,elder,huge,rapid,hushed,deadpan
6069,wring,strong,indirect,sustained,nasal,breathy,elder,huge,rapid,hushed,menacing
6070,wring,strong,indirect,sustained,nasal,breathy,elder,huge,rapid,medium,friendly
6071,wring,strong,indirect,sustained,nasal,breathy,elder,huge,rapid,medium,deadpan
6072,wring,strong,indirect,sustained,nasal,breathy,elder,huge,rapid,medium,menacing
6073,wring,strong,indirect,sustained,nasal,breathy,elder,huge,rapid,big,friendly
6074,wring,strong,indirect,sustained,nasal,breathy,elder,huge,rapid,big,deadpan
6075,wring,strong,indirect,sustained,nasal,breathy,elder,huge,rapid,big,menacing
6076,wring,strong,indirect,sustained,nasal,dry,kid-ish,tiny,slow,hushed,friendly
6077,wring,strong,indirect,sustained,nasal,dry,kid-ish,tiny,slow,hushed,deadpan
6078,wring,strong,indirect,sustained,nasal,dry,kid-ish,tiny,slow,hushed,menacing
6079,wring,strong,indirect,sustained,nasal,dry,kid-ish,tiny,slow,medium,friendly
6080,wring,strong,indirect,sustained,nasal,dry,kid-ish,tiny,slow,medium,deadpan
6081,wring,strong,indirect,sustained,nasal,dry,kid-ish,tiny,slow,medium,menacing
6082,wring,strong,indirect,sustained,nasal,dry,kid-ish,tiny,slow,big,friendly
6083,wring,strong,indirect,sustained,nasal,dry,kid-ish,tiny,slow,big,deadpan
6084,wring,strong,indirect,sustained,nasal,dry,kid-ish,tiny,slow,big,menacing
6085,wring,strong,indirect,sustained,nasal,dry,kid-ish,tiny,steady,hushed,friendly
6086,wring,strong,indirect,sustained,nasal,dry,kid-ish,tiny,steady,hushed,deadpan
6087,wring,strong,indirect,sustained,nasal,dry,kid-ish,tiny,steady,hushed,menacing
6088,wring,strong,indirect,sustained,nasal,dry,kid-ish,tiny,steady,medium,friendly
6089,wring,strong,indirect,sustained,nasal,dry,kid-ish,tiny,steady,medium,deadpan
6090,wring,strong,indirect,sustained,nasal,dry,kid-ish,tiny,steady,medium,menacing
6091,wring,strong,indirect,sustained,nasal,dry,kid-ish,tiny,steady,big,friendly
6092,wring,strong,indirect,sustained,nasal,dry,kid-ish,tiny,steady,big,deadpan
6093,wring,strong,indirect,sustained,nasal,dry,kid-ish,tiny,steady,big,menacing
6094,wring,strong,indirect,sustained,nasal,dry,kid-ish,tiny,rapid,hushed,friendly
6095,wring,strong,indirect,sustained,nasal,dry,kid-ish,tiny,rapid,hushed,deadpan
6096,wring,strong,indirect,sustained,nasal,dry,kid-ish,tiny,rapid,hushed,menacing
6097,wring,strong,indirect,sustained,nasal,dry,kid-ish,tiny,rapid,medium,friendly
6098,wring,strong,indirect,sustained,nasal,dry,kid-ish,tiny,rapid,medium,deadpan
6099,wring,strong,indirect,sustained,nasal,dry,kid-ish,tiny,rapid,medium,menacing
6100,wring,strong,indirect,sustained,nasal,dry,kid-ish,tiny,rapid,big,friendly
6101,wring,strong,indirect,sustained,nasal,dry,kid-ish,tiny,rapid,big,deadpan
6102,wring,strong,indirect,sustained,nasal,dry,kid-ish,tiny,rapid,big,menacing
6103,wring,strong,indirect,sustained,nasal,dry,kid-ish,medium,slow,hushed,friendly
6104,wring,strong,indirect,sustained,nasal,dry,kid-ish,medium,slow,hushed,deadpan
6105,wring,strong,indirect,sustained,nasal,dry,kid-ish,medium,slow,hushed,menacing
6106,wring,strong,indirect,sustained,nasal,dry,kid-ish,medium,slow,medium,friendly
6107,wring,strong,indirect,sustained,nasal,dry,kid-ish,medium,slow,medium,deadpan
6108,wring,strong,indirect,sustained,nasal,dry,kid-ish,medium,slow,medium,menacing
6109,wring,strong,indirect,sustained,nasal,dry,kid-ish,medium,slow,big,friendly
6110,wring,strong,indirect,sustained,nasal,dry,kid-ish,medium,slow,big,deadpan
6111,wring,strong,indirect,sustained,nasal,dry,kid-ish,medium,slow,big,menacing
6112,wring,strong,indirect,sustained,nasal,dry,kid-ish,medium,steady,hushed,friendly
6113,wring,strong,indirect,sustained,nasal,dry,kid-ish,medium,steady,hushed,deadpan
6114,wring,strong,indirect,sustained,nasal,dry,kid-ish,medium,steady,hushed,menacing
6115,wring,strong,indirect,sustained,nasal,dry,kid-ish,medium,steady,medium,friendly
6116,wring,strong,indirect,sustained,nasal,dry,kid-ish,medium,steady,medium,deadpan
6117,wring,strong,indirect,sustained,nasal,dry,kid-ish,medium,steady,medium,menacing
6118,wring,strong,indirect,sustained,nasal,dry,kid-ish,medium,steady,big,friendly
6119,wring,strong,indirect,sustained,nasal,dry,kid-ish,medium,steady,big,deadpan
6120,wring,strong,indirect,sustained,nasal,dry,kid-ish,medium,steady,big,menacing
6121,wring,strong,indirect,sustained,nasal,dry,kid-ish,medium,rapid,hushed,friendly
6122,wring,strong,indirect,sustained,nasal,dry,kid-ish,medium,rapid,hushed,deadpan
6123,wring,strong,indirect,sustained,nasal,dry,kid-ish,medium,rapid,hushed,menacing
6124,wring,strong,indirect,sustained,nasal,dry,kid-ish,medium,rapid,medium,friendly
6125,wring,strong,indirect,sustained,nasal,dry,kid-ish,medium,rapid,medium,deadpan
6126,wring,strong,indirect,sustained,nasal,dry,kid-ish,medium,rapid,medium,menacing
6127,wring,strong,indirect,sustained,nasal,dry,kid-ish,medium,rapid,big,friendly
6128,wring,strong,indirect,sustained,nasal,dry,kid-ish,medium,rapid,big,deadpan
6129,wring,strong,indirect,sustained,nasal,dry,kid-ish,medium,rapid,big,menacing
6130,wring,strong,indirect,sustained,nasal,dry,kid-ish,huge,slow,hushed,friendly
6131,wring,strong,indirect,sustained,nasal,dry,kid-ish,huge,slow,hushed,deadpan
6132,wring,strong,indirect,sustained,nasal,dry,kid-ish,huge,slow,hushed,menacing
6133,wring,strong,indirect,sustained,nasal,dry,kid-ish,huge,slow,medium,friendly
6134,wring,strong,indirect,sustained,nasal,dry,kid-ish,huge,slow,medium,deadpan
6135,wring,strong,indirect,sustained,nasal,dry,kid-ish,huge,slow,medium,menacing
6136,wring,strong,indirect,sustained,nasal,dry,kid-ish,huge,slow,big,friendly
6137,wring,strong,indirect,sustained,nasal,dry,kid-ish,huge,slow,big,deadpan
6138,wring,strong,indirect,sustained,nasal,dry,kid-ish,huge,slow,big,menacing
6139,wring,strong,indirect,sustained,nasal,dry,kid-ish,huge,steady,hushed,friendly
6140,wring,strong,indirect,sustained,nasal,dry,kid-ish,huge,steady,hushed,deadpan
6141,wring,strong,indirect,sustained,nasal,dry,kid-ish,huge,steady,hushed,menacing
6142,wring,strong,indirect,sustained,nasal,dry,kid-ish,huge,steady,medium,friendly
6143,wring,strong,indirect,sustained,nasal,dry,kid-ish,huge,steady,medium,deadpan
6144,wring,strong,indirect,sustained,nasal,dry,kid-ish,huge,steady,medium,menacing
6145,wring,strong,indirect,sustained,nasal,dry,kid-ish,huge,steady,big,friendly
6146,wring,strong,indirect,sustained,nasal,dry,kid-ish,huge,steady,big,deadpan
6147,wring,strong,indirect,sustained,nasal,dry,kid-ish,huge,steady,big,menacing
6148,wring,strong,indirect,sustained,nasal,dry,kid-ish,huge,rapid,hushed,friendly
6149,wring,strong,indirect,sustained,nasal,dry,kid-ish,huge,rapid,hushed,deadpan
6150,wring,strong,indirect,sustained,nasal,dry,kid-ish,huge,rapid,hushed,menacing
6151,wring,strong,indirect,sustained,nasal,dry,kid-ish,huge,rapid,medium,friendly
6152,wring,strong,indirect,sustained,nasal,dry,kid-ish,huge,rapid,medium,deadpan
6153,wring,strong,indirect,sustained,nasal,dry,kid-ish,huge,rapid,medium,menacing
6154,wring,strong,indirect,sustained,nasal,dry,kid-ish,huge,rapid,big,friendly
6155,wring,strong,indirect,sustained,nasal,dry,kid-ish,huge,rapid,big,deadpan
6156,wring,strong,indirect,sustained,nasal,dry,kid-ish,huge,rapid,big,menacing
6157,wring,strong,indirect,sustained,nasal,dry,adult,tiny,slow,hushed,friendly
6158,wring,strong,indirect,sustained,nasal,dry,adult,tiny,slow,hushed,deadpan
6159,wring,strong,indirect,sustained,nasal,dry,adult,tiny,slow,hushed,menacing
6160,wring,strong,indirect,sustained,nasal,dry,adult,tiny,slow,medium,friendly
6161,wring,strong,indirect,sustained,nasal,dry,adult,tiny,slow,medium,deadpan
6162,wring,strong,indirect,sustained,nasal,dry,adult,tiny,slow,medium,menacing
6163,wring,strong,indirect,sustained,nasal,dry,adult,tiny,slow,big,friendly
6164,wring,strong,indirect,sustained,nasal,dry,adult,tiny,slow,big,deadpan
6165,wring,strong,indirect,sustained,nasal,dry,adult,tiny,slow,big,menacing
6166,wring,strong,indirect,sustained,nasal,dry,adult,tiny,steady,hushed,friendly
6167,wring,strong,indirect,sustained,nasal,dry,adult,tiny,steady,hushed,deadpan
6168,wring,strong,indirect,sustained,nasal,dry,adult,tiny,steady,hushed,menacing
6169,wring,strong,indirect,sustained,nasal,dry,adult,tiny,steady,medium,friendly
6170,wring,strong,indirect,sustained,nasal,dry,adult,tiny,steady,medium,deadpan
6171,wring,strong,indirect,sustained,nasal,dry,adult,tiny,steady,medium,menacing
6172,wring,strong,indirect,sustained,nasal,dry,adult,tiny,steady,big,friendly
6173,wring,strong,indirect,sustained,nasal,dry,adult,tiny,steady,big,deadpan
6174,wring,strong,indirect,sustained,nasal,dry,adult,tiny,steady,big,menacing
6175,wring,strong,indirect,sustained,nasal,dry,adult,tiny,rapid,hushed,friendly
6176,wring,strong,indirect,sustained,nasal,dry,adult,tiny,rapid,hushed,deadpan
6177,wring,strong,indirect,sustained,nasal,dry,adult,tiny,rapid,hushed,menacing
6178,wring,strong,indirect,sustained,nasal,dry,adult,tiny,rapid,medium,friendly
6179,wring,strong,indirect,sustained,nasal,dry,adult,tiny,rapid,medium,deadpan
6180,wring,strong,indirect,sustained,nasal,dry,adult,tiny,rapid,medium,menacing
6181,wring,strong,indirect,sustained,nasal,dry,adult,tiny,rapid,big,friendly
6182,wring,strong,indirect,sustained,nasal,dry,adult,tiny,rapid,big,deadpan
6183,wring,strong,indirect,sustained,nasal,dry,adult,tiny,rapid,big,menacing
6184,wring,strong,indirect,sustained,nasal,dry,adult,medium,slow,hushed,friendly
6185,wring,strong,indirect,sustained,nasal,dry,adult,medium,slow,hushed,deadpan
6186,wring,strong,indirect,sustained,nasal,dry,adult,medium,slow,hushed,menacing
6187,wring,strong,indirect,sustained,nasal,dry,adult,medium,slow,medium,friendly
6188,wring,strong,indirect,sustained,nasal,dry,adult,medium,slow,medium,deadpan
6189,wring,strong,indirect,sustained,nasal,dry,adult,medium,slow,medium,menacing
6190,wring,strong,indirect,sustained,nasal,dry,adult,medium,slow,big,friendly
6191,wring,strong,indirect,sustained,nasal,dry,adult,medium,slow,big,deadpan
6192,wring,strong,indirect,sustained,nasal,dry,adult,medium,slow,big,menacing
6193,wring,strong,indirect,sustained,nasal,dry,adult,medium,steady,hushed,friendly
6194,wring,strong,indirect,sustained,nasal,dry,adult,medium,steady,hushed,deadpan
6195,wring,strong,indirect,sustained,nasal,dry,adult,medium,steady,hushed,menacing
6196,wring,strong,indirect,sustained,nasal,dry,adult,medium,steady,medium,friendly
6197,wring,strong,indirect,sustained,nasal,dry,adult,medium,steady,medium,deadpan
6198,wring,strong,indirect,sustained,nasal,dry,adult,medium,steady,medium,menacing
6199,wring,strong,indirect,sustained,nasal,dry,adult,medium,steady,big,friendly
6200,wring,strong,indirect,sustained,nasal,dry,adult,medium,steady,big,deadpan
6201,wring,strong,indirect,sustained,nasal,dry,adult,medium,steady,big,menacing
6202,wring,strong,indirect,sustained,nasal,dry,adult,medium,rapid,hushed,friendly
6203,wring,strong,indirect,sustained,nasal,dry,adult,medium,rapid,hushed,deadpan
6204,wring,strong,indirect,sustained,nasal,dry,adult,medium,rapid,hushed,menacing
6205,wring,strong,indirect,sustained,nasal,dry,adult,medium,rapid,medium,friendly
6206,wring,strong,indirect,sustained,nasal,dry,adult,medium,rapid,medium,deadpan
6207,wring,strong,indirect,sustained,nasal,dry,adult,medium,rapid,medium,menacing
6208,wring,strong,indirect,sustained,nasal,dry,adult,medium,rapid,big,friendly
6209,wring,strong,indirect,sustained,nasal,dry,adult,medium,rapid,big,deadpan
6210,wring,strong,indirect,sustained,nasal,dry,adult,medium,rapid,big,menacing
6211,wring,strong,indirect,sustained,nasal,dry,adult,huge,slow,hushed,friendly
6212,wring,strong,indirect,sustained,nasal,dry,adult,huge,slow,hushed,deadpan
6213,wring,strong,indirect,sustained,nasal,dry,adult,huge,slow,hushed,menacing
6214,wring,strong,indirect,sustained,nasal,dry,adult,huge,slow,medium,friendly
6215,wring,strong,indirect,sustained,nasal,dry,adult,huge,slow,medium,deadpan
6216,wring,strong,indirect,sustained,nasal,dry,adult,huge,slow,medium,menacing
6217,wring,strong,indirect,sustained,nasal,dry,adult,huge,slow,big,friendly
6218,wring,strong,indirect,sustained,nasal,dry,adult,huge,slow,big,deadpan
6219,wring,strong,indirect,sustained,nasal,dry,adult,huge,slow,big,menacing
6220,wring,strong,indirect,sustained,nasal,dry,adult,huge,steady,hushed,friendly
6221,wring,strong,indirect,sustained,nasal,dry,adult,huge,steady,hushed,deadpan
6222,wring,strong,indirect,sustained,nasal,dry,adult,huge,steady,hushed,menacing
6223,wring,strong,indirect,sustained,nasal,dry,adult,huge,steady,medium,friendly
6224,wring,strong,indirect,sustained,nasal,dry,adult,huge,steady,medium,deadpan
6225,wring,strong,indirect,sustained,nasal,dry,adult,huge,steady,medium,menacing
6226,wring,strong,indirect,sustained,nasal,dry,adult,huge,steady,big,friendly
6227,wring,strong,indirect,sustained,nasal,dry,adult,huge,steady,big,deadpan
6228,wring,strong,indirect,sustained,nasal,dry,adult,huge,steady,big,menacing
6229,wring,strong,indirect,sustained,nasal,dry,adult,huge,rapid,hushed,friendly
6230,wring,strong,indirect,sustained,nasal,dry,adult,huge,rapid,hushed,deadpan
6231,wring,strong,indirect,sustained,nasal,dry,adult,huge,rapid,hushed,menacing
6232,wring,strong,indirect,sustained,nasal,dry,adult,huge,rapid,medium,friendly
6233,wring,strong,indirect,sustained,nasal,dry,adult,huge,rapid,medium,deadpan
6234,wring,strong,indirect,sustained,nasal,dry,adult,huge,rapid,medium,menacing
6235,wring,strong,indirect,sustained,nasal,dry,adult,huge,rapid,big,friendly
6236,wring,strong,indirect,sustained,nasal,dry,adult,huge,rapid,big,deadpan
6237,wring,strong,indirect,sustained,nasal,dry,adult,huge,rapid,big,menacing
6238,wring,strong,indirect,sustained,nasal,dry,elder,tiny,slow,hushed,friendly
6239,wring,strong,indirect,sustained,nasal,dry,elder,tiny,slow,hushed,deadpan
6240,wring,strong,indirect,sustained,nasal,dry,elder,tiny,slow,hushed,menacing
6241,wring,strong,indirect,sustained,nasal,dry,elder,tiny,slow,medium,friendly
6242,wring,strong,indirect,sustained,nasal,dry,elder,tiny,slow,medium,deadpan
6243,wring,strong,indirect,sustained,nasal,dry,elder,tiny,slow,medium,menacing
6244,wring,strong,indirect,sustained,nasal,dry,elder,tiny,slow,big,friendly
6245,wring,strong,indirect,sustained,nasal,dry,elder,tiny,slow,big,deadpan
6246,wring,strong,indirect,sustained,nasal,dry,elder,tiny,slow,big,menacing
6247,wring,strong,indirect,sustained,nasal,dry,elder,tiny,steady,hushed,friendly
6248,wring,strong,indirect,sustained,nasal,dry,elder,tiny,steady,hushed,deadpan
6249,wring,strong,indirect,sustained,nasal,dry,elder,tiny,steady,hushed,menacing
6250,wring,strong,indirect,sustained,nasal,dry,elder,tiny,steady,medium,friendly
6251,wring,strong,indirect,sustained,nasal,dry,elder,tiny,steady,medium,deadpan
6252,wring,strong,indirect,sustained,nasal,dry,elder,tiny,steady,medium,menacing
6253,wring,strong,indirect,sustained,nasal,dry,elder,tiny,steady,big,friendly
6254,wring,strong,indirect,sustained,nasal,dry,elder,tiny,steady,big,deadpan
6255,wring,strong,indirect,sustained,nasal,dry,elder,tiny,steady,big,menacing
6256,wring,strong,indirect,sustained,nasal,dry,elder,tiny,rapid,hushed,friendly
6257,wring,strong,indirect,sustained,nasal,dry,elder,tiny,rapid,hushed,deadpan
6258,wring,strong,indirect,sustained,nasal,dry,elder,tiny,rapid,hushed,menacing
6259,wring,strong,indirect,sustained,nasal,dry,elder,tiny,rapid,medium,friendly
6260,wring,strong,indirect,sustained,nasal,dry,elder,tiny,rapid,medium,deadpan
6261,wring,strong,indirect,sustained,nasal,dry,elder,tiny,rapid,medium,menacing
6262,wring,strong,indirect,sustained,nasal,dry,elder,tiny,rapid,big,friendly
6263,wring,strong,indirect,sustained,nasal,dry,elder,tiny,rapid,big,deadpan
6264,wring,strong,indirect,sustained,nasal,dry,elder,tiny,rapid,big,menacing
6265,wring,strong,indirect,sustained,nasal,dry,elder,medium,slow,hushed,friendly
6266,wring,strong,indirect,sustained,nasal,dry,elder,medium,slow,hushed,deadpan
6267,wring,strong,indirect,sustained,nasal,dry,elder,medium,slow,hushed,menacing
6268,wring,strong,indirect,sustained,nasal,dry,elder,medium,slow,medium,friendly
6269,wring,strong,indirect,sustained,nasal,dry,elder,medium,slow,medium,deadpan
6270,wring,strong,indirect,sustained,nasal,dry,elder,medium,slow,medium,menacing
6271,wring,strong,indirect,sustained,nasal,dry,elder,medium,slow,big,friendly
6272,wring,strong,indirect,sustained,nasal,dry,elder,medium,slow,big,deadpan
6273,wring,strong,indirect,sustained,nasal,dry,elder,medium,slow,big,menacing
6274,wring,strong,indirect,sustained,nasal,dry,elder,medium,steady,hushed,friendly
6275,wring,strong,indirect,sustained,nasal,dry,elder,medium,steady,hushed,deadpan
6276,wring,strong,indirect,sustained,nasal,dry,elder,medium,steady,hushed,menacing
6277,wring,strong,indirect,sustained,nasal,dry,elder,medium,steady,medium,friendly
6278,wring,strong,indirect,sustained,nasal,dry,elder,medium,steady,medium,deadpan
6279,wring,strong,indirect,sustained,nasal,dry,elder,medium,steady,medium,menacing
6280,wring,strong,indirect,sustained,nasal,dry,elder,medium,steady,big,friendly
6281,wring,strong,indirect,sustained,nasal,dry,elder,medium,steady,big,deadpan
6282,wring,strong,indirect,sustained,nasal,dry,elder,medium,steady,big,menacing
6283,wring,strong,indirect,sustained,nasal,dry,elder,medium,rapid,hushed,friendly
6284,wring,strong,indirect,sustained,nasal,dry,elder,medium,rapid,hushed,deadpan
6285,wring,strong,indirect,sustained,nasal,dry,elder,medium,rapid,hushed,menacing
6286,wring,strong,indirect,sustained,nasal,dry,elder,medium,rapid,medium,friendly
6287,wring,strong,indirect,sustained,nasal,dry,elder,medium,rapid,medium,deadpan
6288,wring,strong,indirect,sustained,nasal,dry,elder,medium,rapid,medium,menacing
6289,wring,strong,indirect,sustained,nasal,dry,elder,medium,rapid,big,friendly
6290,wring,strong,indirect,sustained,nasal,dry,elder,medium,rapid,big,deadpan
6291,wring,strong,indirect,sustained,nasal,dry,elder,medium,rapid,big,menacing
6292,wring,strong,indirect,sustained,nasal,dry,elder,huge,slow,hushed,friendly
6293,wring,strong,indirect,sustained,nasal,dry,elder,huge,slow,hushed,deadpan
6294,wring,strong,indirect,sustained,nasal,dry,elder,huge,slow,hushed,menacing
6295,wring,strong,indirect,sustained,nasal,dry,elder,huge,slow,medium,friendly
6296,wring,strong,indirect,sustained,nasal,dry,elder,huge,slow,medium,deadpan
6297,wring,strong,indirect,sustained,nasal,dry,elder,huge,slow,medium,menacing
6298,wring,strong,indirect,sustained,nasal,dry,elder,huge,slow,big,friendly
6299,wring,strong,indirect,sustained,nasal,dry,elder,huge,slow,big,deadpan
6300,wring,strong,indirect,sustained,nasal,dry,elder,huge,slow,big,menacing
6301,wring,strong,indirect,sustained,nasal,dry,elder,huge,steady,hushed,friendly
6302,wring,strong,indirect,sustained,nasal,dry,elder,huge,steady,hushed,deadpan
6303,wring,strong,indirect,sustained,nasal,dry,elder,huge,steady,hushed,menacing
6304,wring,strong,indirect,sustained,nasal,dry,elder,huge,steady,medium,friendly
6305,wring,strong,indirect,sustained,nasal,dry,elder,huge,steady,medium,deadpan
6306,wring,strong,indirect,sustained,nasal,dry,elder,huge,steady,medium,menacing
6307,wring,strong,indirect,sustained,nasal,dry,elder,huge,steady,big,friendly
6308,wring,strong,indirect,sustained,nasal,dry,elder,huge,steady,big,deadpan
6309,wring,strong,indirect,sustained,nasal,dry,elder,huge,steady,big,menacing
6310,wring,strong,indirect,sustained,nasal,dry,elder,huge,rapid,hushed,friendly
6311,wring,strong,indirect,sustained,nasal,dry,elder,huge,rapid,hushed,deadpan
6312,wring,strong,indirect,sustained,nasal,dry,elder,huge,rapid,hushed,menacing
6313,wring,strong,indirect,sustained,nasal,dry,elder,huge,rapid,medium,friendly
6314,wring,strong,indirect,sustained,nasal,dry,elder,huge,rapid,medium,deadpan
6315,wring,strong,indirect,sustained,nasal,dry,elder,huge,rapid,medium,menacing
6316,wring,strong,indirect,sustained,nasal,dry,elder,huge,rapid,big,friendly
6317,wring,strong,indirect,sustained,nasal,dry,elder,huge,rapid,big,deadpan
6318,wring,strong,indirect,sustained,nasal,dry,elder,huge,rapid,big,menacing
6319,wring,strong,indirect,sustained,throaty,breathy,kid-ish,tiny,slow,hushed,friendly
6320,wring,strong,indirect,sustained,throaty,breathy,kid-ish,tiny,slow,hushed,deadpan
6321,wring,strong,indirect,sustained,throaty,breathy,kid-ish,tiny,slow,hushed,menacing
6322,wring,strong,indirect,sustained,throaty,breathy,kid-ish,tiny,slow,medium,friendly
6323,wring,strong,indirect,sustained,throaty,breathy,kid-ish,tiny,slow,medium,deadpan
6324,wring,strong,indirect,sustained,throaty,breathy,kid-ish,tiny,slow,medium,menacing
6325,wring,strong,indirect,sustained,throaty,breathy,kid-ish,tiny,slow,big,friendly
6326,wring,strong,indirect,sustained,throaty,breathy,kid-ish,tiny,slow,big,deadpan
6327,wring,strong,indirect,sustained,throaty,breathy,kid-ish,tiny,slow,big,menacing
6328,wring,strong,indirect,sustained,throaty,breathy,kid-ish,tiny,steady,hushed,friendly
6329,wring,strong,indirect,sustained,throaty,breathy,kid-ish,tiny,steady,hushed,deadpan
6330,wring,strong,indirect,sustained,throaty,breathy,kid-ish,tiny,steady,hushed,menacing
6331,wring,strong,indirect,sustained,throaty,breathy,kid-ish,tiny,steady,medium,friendly
6332,wring,strong,indirect,sustained,throaty,breathy,kid-ish,tiny,steady,medium,deadpan
6333,wring,strong,indirect,sustained,throaty,breathy,kid-ish,tiny,steady,medium,menacing
6334,wring,strong,indirect,sustained,throaty,breathy,kid-ish,tiny,steady,big,friendly
6335,wring,strong,indirect,sustained,throaty,breathy,kid-ish,tiny,steady,big,deadpan
6336,wring,strong,indirect,sustained,throaty,breathy,kid-ish,tiny,steady,big,menacing
6337,wring,strong,indirect,sustained,throaty,breathy,kid-ish,tiny,rapid,hushed,friendly
6338,wring,strong,indirect,sustained,throaty,breathy,kid-ish,tiny,rapid,hushed,deadpan
6339,wring,strong,indirect,sustained,throaty,breathy,kid-ish,tiny,rapid,hushed,menacing
6340,wring,strong,indirect,sustained,throaty,breathy,kid-ish,tiny,rapid,medium,friendly
6341,wring,strong,indirect,sustained,throaty,breathy,kid-ish,tiny,rapid,medium,deadpan
6342,wring,strong,indirect,sustained,throaty,breathy,kid-ish,tiny,rapid,medium,menacing
6343,wring,strong,indirect,sustained,throaty,breathy,kid-ish,tiny,rapid,big,friendly
6344,wring,strong,indirect,sustained,throaty,breathy,kid-ish,tiny,rapid,big,deadpan
6345,wring,strong,indirect,sustained,throaty,breathy,kid-ish,tiny,rapid,big,menacing
6346,wring,strong,indirect,sustained,throaty,breathy,kid-ish,medium,slow,hushed,friendly
6347,wring,strong,indirect,sustained,throaty,breathy,kid-ish,medium,slow,hushed,deadpan
6348,wring,strong,indirect,sustained,throaty,breathy,kid-ish,medium,slow,hushed,menacing
6349,wring,strong,indirect,sustained,throaty,breathy,kid-ish,medium,slow,medium,friendly
6350,wring,strong,indirect,sustained,throaty,breathy,kid-ish,medium,slow,medium,deadpan
6351,wring,strong,indirect,sustained,throaty,breathy,kid-ish,medium,slow,medium,menacing
6352,wring,strong,indirect,sustained,throaty,breathy,kid-ish,medium,slow,big,friendly
6353,wring,strong,indirect,sustained,throaty,breathy,kid-ish,medium,slow,big,deadpan
6354,wring,strong,indirect,sustained,throaty,breathy,kid-ish,medium,slow,big,menacing
6355,wring,strong,indirect,sustained,throaty,breathy,kid-ish,medium,steady,hushed,friendly
6356,wring,strong,indirect,sustained,throaty,breathy,kid-ish,medium,steady,hushed,deadpan
6357,wring,strong,indirect,sustained,throaty,breathy,kid-ish,medium,steady,hushed,menacing
6358,wring,strong,indirect,sustained,throaty,breathy,kid-ish,medium,steady,medium,friendly
6359,wring,strong,indirect,sustained,throaty,breathy,kid-ish,medium,steady,medium,deadpan
6360,wring,strong,indirect,sustained,throaty,breathy,kid-ish,medium,steady,medium,menacing
6361,wring,strong,indirect,sustained,throaty,breathy,kid-ish,medium,steady,big,friendly
6362,wring,strong,indirect,sustained,throaty,breathy,kid-ish,medium,steady,big,deadpan
6363,wring,strong,indirect,sustained,throaty,breathy,kid-ish,medium,steady,big,menacing
6364,wring,strong,indirect,sustained,throaty,breathy,kid-ish,medium,rapid,hushed,friendly
6365,wring,strong,indirect,sustained,throaty,breathy,kid-ish,medium,rapid,hushed,deadpan
6366,wring,strong,indirect,sustained,throaty,breathy,kid-ish,medium,rapid,hushed,menacing
6367,wring,strong,indirect,sustained,throaty,breathy,kid-ish,medium,rapid,medium,friendly
6368,wring,strong,indirect,sustained,throaty,breathy,kid-ish,medium,rapid,medium,deadpan
6369,wring,strong,indirect,sustained,throaty,breathy,kid-ish,medium,rapid,medium,menacing
6370,wring,strong,indirect,sustained,throaty,breathy,kid-ish,medium,rapid,big,friendly
6371,wring,strong,indirect,sustained,throaty,breathy,kid-ish,medium,rapid,big,deadpan
6372,wring,strong,indirect,sustained,throaty,breathy,kid-ish,medium,rapid,big,menacing
6373,wring,strong,indirect,sustained,throaty,breathy,kid-ish,huge,slow,hushed,friendly
6374,wring,strong,indirect,sustained,throaty,breathy,kid-ish,huge,slow,hushed,deadpan
6375,wring,strong,indirect,sustained,throaty,breathy,kid-ish,huge,slow,hushed,menacing
6376,wring,strong,indirect,sustained,throaty,breathy,kid-ish,huge,slow,medium,friendly
6377,wring,strong,indirect,sustained,throaty,breathy,kid-ish,huge,slow,medium,deadpan
6378,wring,strong,indirect,sustained,throaty,breathy,kid-ish,huge,slow,medium,menacing
6379,wring,strong,indirect,sustained,throaty,breathy,kid-ish,huge,slow,big,friendly
6380,wring,strong,indirect,sustained,throaty,breathy,kid-ish,huge,slow,big,deadpan
6381,wring,strong,indirect,sustained,throaty,breathy,kid-ish,huge,slow,big,menacing
6382,wring,strong,indirect,sustained,throaty,breathy,kid-ish,huge,steady,hushed,friendly
6383,wring,strong,indirect,sustained,throaty,breathy,kid-ish,huge,steady,hushed,deadpan
6384,wring,strong,indirect,sustained,throaty,breathy,kid-ish,huge,steady,hushed,menacing
6385,wring,strong,indirect,sustained,throaty,breathy,kid-ish,huge,steady,medium,friendly
6386,wring,strong,indirect,sustained,throaty,breathy,kid-ish,huge,steady,medium,deadpan
6387,wring,strong,indirect,sustained,throaty,breathy,kid-ish,huge,steady,medium,menacing
6388,wring,strong,indirect,sustained,throaty,breathy,kid-ish,huge,steady,big,friendly
6389,wring,strong,indirect,sustained,throaty,breathy,kid-ish,huge,steady,big,deadpan
6390,wring,strong,indirect,sustained,throaty,breathy,kid-ish,huge,steady,big,menacing
6391,wring,strong,indirect,sustained,throaty,breathy,kid-ish,huge,rapid,hushed,friendly
6392,wring,strong,indirect,sustained,throaty,breathy,kid-ish,huge,rapid,hushed,deadpan
6393,wring,strong,indirect,sustained,throaty,breathy,kid-ish,huge,rapid,hushed,menacing
6394,wring,strong,indirect,sustained,throaty,breathy,kid-ish,huge,rapid,medium,friendly
6395,wring,strong,indirect,sustained,throaty,breathy,kid-ish,huge,rapid,medium,deadpan
6396,wring,strong,indirect,sustained,throaty,breathy,kid-ish,huge,rapid,medium,menacing
6397,wring,strong,indirect,sustained,throaty,breathy,kid-ish,huge,rapid,big,friendly
6398,wring,strong,indirect,sustained,throaty,breathy,kid-ish,huge,rapid,big,deadpan
6399,wring,strong,indirect,sustained,throaty,breathy,kid-ish,huge,rapid,big,menacing
6400,wring,strong,indirect,sustained,throaty,breathy,adult,tiny,slow,hushed,friendly
6401,wring,strong,indirect,sustained,throaty,breathy,adult,tiny,slow,hushed,deadpan
6402,wring,strong,indirect,sustained,throaty,breathy,adult,tiny,slow,hushed,menacing
6403,wring,strong,indirect,sustained,throaty,breathy,adult,tiny,slow,medium,friendly
6404,wring,strong,indirect,sustained,throaty,breathy,adult,tiny,slow,medium,deadpan
6405,wring,strong,indirect,sustained,throaty,breathy,adult,tiny,slow,medium,menacing
6406,wring,strong,indirect,sustained,throaty,breathy,adult,tiny,slow,big,friendly
6407,wring,strong,indirect,sustained,throaty,breathy,adult,tiny,slow,big,deadpan
6408,wring,strong,indirect,sustained,throaty,breathy,adult,tiny,slow,big,menacing
6409,wring,strong,indirect,sustained,throaty,breathy,adult,tiny,steady,hushed,friendly
6410,wring,strong,indirect,sustained,throaty,breathy,adult,tiny,steady,hushed,deadpan
6411,wring,strong,indirect,sustained,throaty,breathy,adult,tiny,steady,hushed,menacing
6412,wring,strong,indirect,sustained,throaty,breathy,adult,tiny,steady,medium,friendly
6413,wring,strong,indirect,sustained,throaty,breathy,adult,tiny,steady,medium,deadpan
6414,wring,strong,indirect,sustained,throaty,breathy,adult,tiny,steady,medium,menacing
6415,wring,strong,indirect,sustained,throaty,breathy,adult,tiny,steady,big,friendly
6416,wring,strong,indirect,sustained,throaty,breathy,adult,tiny,steady,big,deadpan
6417,wring,strong,indirect,sustained,throaty,breathy,adult,tiny,steady,big,menacing
6418,wring,strong,indirect,sustained,throaty,breathy,adult,tiny,rapid,hushed,friendly
6419,wring,strong,indirect,sustained,throaty,breathy,adult,tiny,rapid,hushed,deadpan
6420,wring,strong,indirect,sustained,throaty,breathy,adult,tiny,rapid,hushed,menacing
6421,wring,strong,indirect,sustained,throaty,breathy,adult,tiny,rapid,medium,friendly
6422,wring,strong,indirect,sustained,throaty,breathy,adult,tiny,rapid,medium,deadpan
6423,wring,strong,indirect,sustained,throaty,breathy,adult,tiny,rapid,medium,menacing
6424,wring,strong,indirect,sustained,throaty,breathy,adult,tiny,rapid,big,friendly
6425,wring,strong,indirect,sustained,throaty,breathy,adult,tiny,rapid,big,deadpan
6426,wring,strong,indirect,sustained,throaty,breathy,adult,tiny,rapid,big,menacing
6427,wring,strong,indirect,sustained,throaty,breathy,adult,medium,slow,hushed,friendly
6428,wring,strong,indirect,sustained,throaty,breathy,adult,medium,slow,hushed,deadpan
6429,wring,strong,indirect,sustained,throaty,breathy,adult,medium,slow,hushed,menacing
6430,wring,strong,indirect,sustained,throaty,breathy,adult,medium,slow,medium,friendly
6431,wring,strong,indirect,sustained,throaty,breathy,adult,medium,slow,medium,deadpan
6432,wring,strong,indirect,sustained,throaty,breathy,adult,medium,slow,medium,menacing
6433,wring,strong,indirect,sustained,throaty,breathy,adult,medium,slow,big,friendly
6434,wring,strong,indirect,sustained,throaty,breathy,adult,medium,slow,big,deadpan
6435,wring,strong,indirect,sustained,throaty,breathy,adult,medium,slow,big,menacing
6436,wring,strong,indirect,sustained,throaty,breathy,adult,medium,steady,hushed,friendly
6437,wring,strong,indirect,sustained,throaty,breathy,adult,medium,steady,hushed,deadpan
6438,wring,strong,indirect,sustained,throaty,breathy,adult,medium,steady,hushed,menacing
6439,wring,strong,indirect,sustained,throaty,breathy,adult,medium,steady,medium,friendly
6440,wring,strong,indirect,sustained,throaty,breathy,adult,medium,steady,medium,deadpan
6441,wring,strong,indirect,sustained,throaty,breathy,adult,medium,steady,medium,menacing
6442,wring,strong,indirect,sustained,throaty,breathy,adult,medium,steady,big,friendly
6443,wring,strong,indirect,sustained,throaty,breathy,adult,medium,steady,big,deadpan
6444,wring,strong,indirect,sustained,throaty,breathy,adult,medium,steady,big,menacing
6445,wring,strong,indirect,sustained,throaty,breathy,adult,medium,rapid,hushed,friendly
6446,wring,strong,indirect,sustained,throaty,breathy,adult,medium,rapid,hushed,deadpan
6447,wring,strong,indirect,sustained,throaty,breathy,adult,medium,rapid,hushed,menacing
6448,wring,strong,indirect,sustained,throaty,breathy,adult,medium,rapid,medium,friendly
6449,wring,strong,indirect,sustained,throaty,breathy,adult,medium,rapid,medium,deadpan
6450,wring,strong,indirect,sustained,throaty,breathy,adult,medium,rapid,medium,menacing
6451,wring,strong,indirect,sustained,throaty,breathy,adult,medium,rapid,big,friendly
6452,wring,strong,indirect,sustained,throaty,breathy,adult,medium,rapid,big,deadpan
6453,wring,strong,indirect,sustained,throaty,breathy,adult,medium,rapid,big,menacing
6454,wring,strong,indirect,sustained,throaty,breathy,adult,huge,slow,hushed,friendly
6455,wring,strong,indirect,sustained,throaty,breathy,adult,huge,slow,hushed,deadpan
6456,wring,strong,indirect,sustained,throaty,breathy,adult,huge,slow,hushed,menacing
6457,wring,strong,indirect,sustained,throaty,breathy,adult,huge,slow,medium,friendly
6458,wring,strong,indirect,sustained,throaty,breathy,adult,huge,slow,medium,deadpan
6459,wring,strong,indirect,sustained,throaty,breathy,adult,huge,slow,medium,menacing
6460,wring,strong,indirect,sustained,throaty,breathy,adult,huge,slow,big,friendly
6461,wring,strong,indirect,sustained,throaty,breathy,adult,huge,slow,big,deadpan
6462,wring,strong,indirect,sustained,throaty,breathy,adult,huge,slow,big,menacing
6463,wring,strong,indirect,sustained,throaty,breathy,adult,huge,steady,hushed,friendly
6464,wring,strong,indirect,sustained,throaty,breathy,adult,huge,steady,hushed,deadpan
6465,wring,strong,indirect,sustained,throaty,breathy,adult,huge,steady,hushed,menacing
6466,wring,strong,indirect,sustained,throaty,breathy,adult,huge,steady,medium,friendly
6467,wring,strong,indirect,sustained,throaty,breathy,adult,huge,steady,medium,deadpan
6468,wring,strong,indirect,sustained,throaty,breathy,adult,huge,steady,medium,menacing
6469,wring,strong,indirect,sustained,throaty,breathy,adult,huge,steady,big,friendly
6470,wring,strong,indirect,sustained,throaty,breathy,adult,huge,steady,big,deadpan
6471,wring,strong,indirect,sustained,throaty,breathy,adult,huge,steady,big,menacing
6472,wring,strong,indirect,sustained,throaty,breathy,adult,huge,rapid,hushed,friendly
6473,wring,strong,indirect,sustained,throaty,breathy,adult,huge,rapid,hushed,deadpan
6474,wring,strong,indirect,sustained,throaty,breathy,adult,huge,rapid,hushed,menacing
6475,wring,strong,indirect,sustained,throaty,breathy,adult,huge,rapid,medium,friendly
6476,wring,strong,indirect,sustained,throaty,breathy,adult,huge,rapid,medium,deadpan
6477,wring,strong,indirect,sustained,throaty,breathy,adult,huge,rapid,medium,menacing
6478,wring,strong,indirect,sustained,throaty,breathy,adult,huge,rapid,big,friendly
6479,wring,strong,indirect,sustained,throaty,breathy,adult,huge,rapid,big,deadpan
6480,wring,strong,indirect,sustained,throaty,breathy,adult,huge,rapid,big,menacing
6481,wring,strong,indirect,sustained,throaty,breathy,elder,tiny,slow,hushed,friendly
6482,wring,strong,indirect,sustained,throaty,breathy,elder,tiny,slow,hushed,deadpan
6483,wring,strong,indirect,sustained,throaty,breathy,elder,tiny,slow,hushed,menacing
6484,wring,strong,indirect,sustained,throaty,breathy,elder,tiny,slow,medium,friendly
6485,wring,strong,indirect,sustained,throaty,breathy,elder,tiny,slow,medium,deadpan
6486,wring,strong,indirect,sustained,throaty,breathy,elder,tiny,slow,medium,menacing
6487,wring,strong,indirect,sustained,throaty,breathy,elder,tiny,slow,big,friendly
6488,wring,strong,indirect,sustained,throaty,breathy,elder,tiny,slow,big,deadpan
6489,wring,strong,indirect,sustained,throaty,breathy,elder,tiny,slow,big,menacing
6490,wring,strong,indirect,sustained,throaty,breathy,elder,tiny,steady,hushed,friendly
6491,wring,strong,indirect,sustained,throaty,breathy,elder,tiny,steady,hushed,deadpan
6492,wring,strong,indirect,sustained,throaty,breathy,elder,tiny,steady,hushed,menacing
6493,wring,strong,indirect,sustained,throaty,breathy,elder,tiny,steady,medium,friendly
6494,wring,strong,indirect,sustained,throaty,breathy,elder,tiny,steady,medium,deadpan
6495,wring,strong,indirect,sustained,throaty,breathy,elder,tiny,steady,medium,menacing
6496,wring,strong,indirect,sustained,throaty,breathy,elder,tiny,steady,big,friendly
6497,wring,strong,indirect,sustained,throaty,breathy,elder,tiny,steady,big,deadpan
6498,wring,strong,indirect,sustained,throaty,breathy,elder,tiny,steady,big,menacing
6499,wring,strong,indirect,sustained,throaty,breathy,elder,tiny,rapid,hushed,friendly
6500,wring,strong,indirect,sustained,throaty,breathy,elder,tiny,rapid,hushed,deadpan
6501,wring,strong,indirect,sustained,throaty,breathy,elder,tiny,rapid,hushed,menacing
6502,wring,strong,indirect,sustained,throaty,breathy,elder,tiny,rapid,medium,friendly
6503,wring,strong,indirect,sustained,throaty,breathy,elder,tiny,rapid,medium,deadpan
6504,wring,strong,indirect,sustained,throaty,breathy,elder,tiny,rapid,medium,menacing
6505,wring,strong,indirect,sustained,throaty,breathy,elder,tiny,rapid,big,friendly
6506,wring,strong,indirect,sustained,throaty,breathy,elder,tiny,rapid,big,deadpan
6507,wring,strong,indirect,sustained,throaty,breathy,elder,tiny,rapid,big,menacing
6508,wring,strong,indirect,sustained,throaty,breathy,elder,medium,slow,hushed,friendly
6509,wring,strong,indirect,sustained,throaty,breathy,elder,medium,slow,hushed,deadpan
6510,wring,strong,indirect,sustained,throaty,breathy,elder,medium,slow,hushed,menacing
6511,wring,strong,indirect,sustained,throaty,breathy,elder,medium,slow,medium,friendly
6512,wring,strong,indirect,sustained,throaty,breathy,elder,medium,slow,medium,deadpan
6513,wring,strong,indirect,sustained,throaty,breathy,elder,medium,slow,medium,menacing
6514,wring,strong,indirect,sustained,throaty,breathy,elder,medium,slow,big,friendly
6515,wring,strong,indirect,sustained,throaty,breathy,elder,medium,slow,big,deadpan
6516,wring,strong,indirect,sustained,throaty,breathy,elder,medium,slow,big,menacing
6517,wring,strong,indirect,sustained,throaty,breathy,elder,medium,steady,hushed,friendly
6518,wring,strong,indirect,sustained,throaty,breathy,elder,medium,steady,hushed,deadpan
6519,wring,strong,indirect,sustained,throaty,breathy,elder,medium,steady,hushed,menacing
6520,wring,strong,indirect,sustained,throaty,breathy,elder,medium,steady,medium,friendly
6521,wring,strong,indirect,sustained,throaty,breathy,elder,medium,steady,medium,deadpan
6522,wring,strong,indirect,sustained,throaty,breathy,elder,medium,steady,medium,menacing
6523,wring,strong,indirect,sustained,throaty,breathy,elder,medium,steady,big,friendly
6524,wring,strong,indirect,sustained,throaty,breathy,elder,medium,steady,big,deadpan
6525,wring,strong,indirect,sustained,throaty,breathy,elder,medium,steady,big,menacing
6526,wring,strong,indirect,sustained,throaty,breathy,elder,medium,rapid,hushed,friendly
6527,wring,strong,indirect,sustained,throaty,breathy,elder,medium,rapid,hushed,deadpan
6528,wring,strong,indirect,sustained,throaty,breathy,elder,medium,rapid,hushed,menacing
6529,wring,strong,indirect,sustained,throaty,breathy,elder,medium,rapid,medium,friendly
6530,wring,strong,indirect,sustained,throaty,breathy,elder,medium,rapid,medium,deadpan
6531,wring,strong,indirect,sustained,throaty,breathy,elder,medium,rapid,medium,menacing
6532,wring,strong,indirect,sustained,throaty,breathy,elder,medium,rapid,big,friendly
6533,wring,strong,indirect,sustained,throaty,breathy,elder,medium,rapid,big,deadpan
6534,wring,strong,indirect,sustained,throaty,breathy,elder,medium,rapid,big,menacing
6535,wring,strong,indirect,sustained,throaty,breathy,elder,huge,slow,hushed,friendly
6536,wring,strong,indirect,sustained,throaty,breathy,elder,huge,slow,hushed,deadpan
6537,wring,strong,indirect,sustained,throaty,breathy,elder,huge,slow,hushed,menacing
6538,wring,strong,indirect,sustained,throaty,breathy,elder,huge,slow,medium,friendly
6539,wring,strong,indirect,sustained,throaty,breathy,elder,huge,slow,medium,deadpan
6540,wring,strong,indirect,sustained,throaty,breathy,elder,huge,slow,medium,menacing
6541,wring,strong,indirect,sustained,throaty,breathy,elder,huge,slow,big,friendly
6542,wring,strong,indirect,sustained,throaty,breathy,elder,huge,slow,big,deadpan
6543,wring,strong,indirect,sustained,throaty,breathy,elder,huge,slow,big,menacing
6544,wring,strong,indirect,sustained,throaty,breathy,elder,huge,steady,hushed,friendly
6545,wring,strong,indirect,sustained,throaty,breathy,elder,huge,steady,hushed,deadpan
6546,wring,strong,indirect,sustained,throaty,breathy,elder,huge,steady,hushed,menacing
6547,wring,strong,indirect,sustained,throaty,breathy,elder,huge,steady,medium,friendly
6548,wring,strong,indirect,sustained,throaty,breathy,elder,huge,steady,medium,deadpan
6549,wring,strong,indirect,sustained,throaty,breathy,elder,huge,steady,medium,menacing
6550,wring,strong,indirect,sustained,throaty,breathy,elder,huge,steady,big,friendly
6551,wring,strong,indirect,sustained,throaty,breathy,elder,huge,steady,big,deadpan
6552,wring,strong,indirect,sustained,throaty,breathy,elder,huge,steady,big,menacing
6553,wring,strong,indirect,sustained,throaty,breathy,elder,huge,rapid,hushed,friendly
6554,wring,strong,indirect,sustained,throaty,breathy,elder,huge,rapid,hushed,deadpan
6555,wring,strong,indirect,sustained,throaty,breathy,elder,huge,rapid,hushed,menacing
6556,wring,strong,indirect,sustained,throaty,breathy,elder,huge,rapid,medium,friendly
6557,wring,strong,indirect,sustained,throaty,breathy,elder,huge,rapid,medium,deadpan
6558,wring,strong,indirect,sustained,throaty,breathy,elder,huge,rapid,medium,menacing
6559,wring,strong,indirect,sustained,throaty,breathy,elder,huge,rapid,big,friendly
6560,wring,strong,indirect,sustained,throaty,breathy,elder,huge,rapid,big,deadpan
6561,wring,strong,indirect,sustained,throaty,breathy,elder,huge,rapid,big,menacing
6562,wring,strong,indirect,sustained,throaty,dry,kid-ish,tiny,slow,hushed,friendly
6563,wring,strong,indirect,sustained,throaty,dry,kid-ish,tiny,slow,hushed,deadpan
6564,wring,strong,indirect,sustained,throaty,dry,kid-ish,tiny,slow,hushed,menacing
6565,wring,strong,indirect,sustained,throaty,dry,kid-ish,tiny,slow,medium,friendly
6566,wring,strong,indirect,sustained,throaty,dry,kid-ish,tiny,slow,medium,deadpan
6567,wring,strong,indirect,sustained,throaty,dry,kid-ish,tiny,slow,medium,menacing
6568,wring,strong,indirect,sustained,throaty,dry,kid-ish,tiny,slow,big,friendly
6569,wring,strong,indirect,sustained,throaty,dry,kid-ish,tiny,slow,big,deadpan
6570,wring,strong,indirect,sustained,throaty,dry,kid-ish,tiny,slow,big,menacing
6571,wring,strong,indirect,sustained,throaty,dry,kid-ish,tiny,steady,hushed,friendly
6572,wring,strong,indirect,sustained,throaty,dry,kid-ish,tiny,steady,hushed,deadpan
6573,wring,strong,indirect,sustained,throaty,dry,kid-ish,tiny,steady,hushed,menacing
6574,wring,strong,indirect,sustained,throaty,dry,kid-ish,tiny,steady,medium,friendly
6575,wring,strong,indirect,sustained,throaty,dry,kid-ish,tiny,steady,medium,deadpan
6576,wring,strong,indirect,sustained,throaty,dry,kid-ish,tiny,steady,medium,menacing
6577,wring,strong,indirect,sustained,throaty,dry,kid-ish,tiny,steady,big,friendly
6578,wring,strong,indirect,sustained,throaty,dry,kid-ish,tiny,steady,big,deadpan
6579,wring,strong,indirect,sustained,throaty,dry,kid-ish,tiny,steady,big,menacing
6580,wring,strong,indirect,sustained,throaty,dry,kid-ish,tiny,rapid,hushed,friendly
6581,wring,strong,indirect,sustained,throaty,dry,kid-ish,tiny,rapid,hushed,deadpan
6582,wring,strong,indirect,sustained,throaty,dry,kid-ish,tiny,rapid,hushed,menacing
6583,wring,strong,indirect,sustained,throaty,dry,kid-ish,tiny,rapid,medium,friendly
6584,wring,strong,indirect,sustained,throaty,dry,kid-ish,tiny,rapid,medium,deadpan
6585,wring,strong,indirect,sustained,throaty,dry,kid-ish,tiny,rapid,medium,menacing
6586,wring,strong,indirect,sustained,throaty,dry,kid-ish,tiny,rapid,big,friendly
6587,wring,strong,indirect,sustained,throaty,dry,kid-ish,tiny,rapid,big,deadpan
6588,wring,strong,indirect,sustained,throaty,dry,kid-ish,tiny,rapid,big,menacing
6589,wring,strong,indirect,sustained,throaty,dry,kid-ish,medium,slow,hushed,friendly
6590,wring,strong,indirect,sustained,throaty,dry,kid-ish,medium,slow,hushed,deadpan
6591,wring,strong,indirect,sustained,throaty,dry,kid-ish,medium,slow,hushed,menacing
6592,wring,strong,indirect,sustained,throaty,dry,kid-ish,medium,slow,medium,friendly
6593,wring,strong,indirect,sustained,throaty,dry,kid-ish,medium,slow,medium,deadpan
6594,wring,strong,indirect,sustained,throaty,dry,kid-ish,medium,slow,medium,menacing
6595,wring,strong,indirect,sustained,throaty,dry,kid-ish,medium,slow,big,friendly
6596,wring,strong,indirect,sustained,throaty,dry,kid-ish,medium,slow,big,deadpan
6597,wring,strong,indirect,sustained,throaty,dry,kid-ish,medium,slow,big,menacing
6598,wring,strong,indirect,sustained,throaty,dry,kid-ish,medium,steady,hushed,friendly
6599,wring,strong,indirect,sustained,throaty,dry,kid-ish,medium,steady,hushed,deadpan
6600,wring,strong,indirect,sustained,throaty,dry,kid-ish,medium,steady,hushed,menacing
6601,wring,strong,indirect,sustained,throaty,dry,kid-ish,medium,steady,medium,friendly
6602,wring,strong,indirect,sustained,throaty,dry,kid-ish,medium,steady,medium,deadpan
6603,wring,strong,indirect,sustained,throaty,dry,kid-ish,medium,steady,medium,menacing
6604,wring,strong,indirect,sustained,throaty,dry,kid-ish,medium,steady,big,friendly
6605,wring,strong,indirect,sustained,throaty,dry,kid-ish,medium,steady,big,deadpan
6606,wring,strong,indirect,sustained,throaty,dry,kid-ish,medium,steady,big,menacing
6607,wring,strong,indirect,sustained,throaty,dry,kid-ish,medium,rapid,hushed,friendly
6608,wring,strong,indirect,sustained,throaty,dry,kid-ish,medium,rapid,hushed,deadpan
6609,wring,strong,indirect,sustained,throaty,dry,kid-ish,medium,rapid,hushed,menacing
6610,wring,strong,indirect,sustained,throaty,dry,kid-ish,medium,rapid,medium,friendly
6611,wring,strong,indirect,sustained,throaty,dry,kid-ish,medium,rapid,medium,deadpan
6612,wring,strong,indirect,sustained,throaty,dry,kid-ish,medium,rapid,medium,menacing
6613,wring,strong,indirect,sustained,throaty,dry,kid-ish,medium,rapid,big,friendly
6614,wring,strong,indirect,sustained,throaty,dry,kid-ish,medium,rapid,big,deadpan
6615,wring,strong,indirect,sustained,throaty,dry,kid-ish,medium,rapid,big,menacing
6616,wring,strong,indirect,sustained,throaty,dry,kid-ish,huge,slow,hushed,friendly
6617,wring,strong,indirect,sustained,throaty,dry,kid-ish,huge,slow,hushed,deadpan
6618,wring,strong,indirect,sustained,throaty,dry,kid-ish,huge,slow,hushed,menacing
6619,wring,strong,indirect,sustained,throaty,dry,kid-ish,huge,slow,medium,friendly
6620,wring,strong,indirect,sustained,throaty,dry,kid-ish,huge,slow,medium,deadpan
6621,wring,strong,indirect,sustained,throaty,dry,kid-ish,huge,slow,medium,menacing
6622,wring,strong,indirect,sustained,throaty,dry,kid-ish,huge,slow,big,friendly
6623,wring,strong,indirect,sustained,throaty,dry,kid-ish,huge,slow,big,deadpan
6624,wring,strong,indirect,sustained,throaty,dry,kid-ish,huge,slow,big,menacing
6625,wring,strong,indirect,sustained,throaty,dry,kid-ish,huge,steady,hushed,friendly
6626,wring,strong,indirect,sustained,throaty,dry,kid-ish,huge,steady,hushed,deadpan
6627,wring,strong,indirect,sustained,throaty,dry,kid-ish,huge,steady,hushed,menacing
6628,wring,strong,indirect,sustained,throaty,dry,kid-ish,huge,steady,medium,friendly
6629,wring,strong,indirect,sustained,throaty,dry,kid-ish,huge,steady,medium,deadpan
6630,wring,strong,indirect,sustained,throaty,dry,kid-ish,huge,steady,medium,menacing
6631,wring,strong,indirect,sustained,throaty,dry,kid-ish,huge,steady,big,friendly
6632,wring,strong,indirect,sustained,throaty,dry,kid-ish,huge,steady,big,deadpan
6633,wring,strong,indirect,sustained,throaty,dry,kid-ish,huge,steady,big,menacing
6634,wring,strong,indirect,sustained,throaty,dry,kid-ish,huge,rapid,hushed,friendly
6635,wring,strong,indirect,sustained,throaty,dry,kid-ish,huge,rapid,hushed,deadpan
6636,wring,strong,indirect,sustained,throaty,dry,kid-ish,huge,rapid,hushed,menacing
6637,wring,strong,indirect,sustained,throaty,dry,kid-ish,huge,rapid,medium,friendly
6638,wring,strong,indirect,sustained,throaty,dry,kid-ish,huge,rapid,medium,deadpan
6639,wring,strong,indirect,sustained,throaty,dry,kid-ish,huge,rapid,medium,menacing
6640,wring,strong,indirect,sustained,throaty,dry,kid-ish,huge,rapid,big,friendly
6641,wring,strong,indirect,sustained,throaty,dry,kid-ish,huge,rapid,big,deadpan
6642,wring,strong,indirect,sustained,throaty,dry,kid-ish,huge,rapid,big,menacing
6643,wring,strong,indirect,sustained,throaty,dry,adult,tiny,slow,hushed,friendly
6644,wring,strong,indirect,sustained,throaty,dry,adult,tiny,slow,hushed,deadpan
6645,wring,strong,indirect,sustained,throaty,dry,adult,tiny,slow,hushed,menacing
6646,wring,strong,indirect,sustained,throaty,dry,adult,tiny,slow,medium,friendly
6647,wring,strong,indirect,sustained,throaty,dry,adult,tiny,slow,medium,deadpan
6648,wring,strong,indirect,sustained,throaty,dry,adult,tiny,slow,medium,menacing
6649,wring,strong,indirect,sustained,throaty,dry,adult,tiny,slow,big,friendly
6650,wring,strong,indirect,sustained,throaty,dry,adult,tiny,slow,big,deadpan
6651,wring,strong,indirect,sustained,throaty,dry,adult,tiny,slow,big,menacing
6652,wring,strong,indirect,sustained,throaty,dry,adult,tiny,steady,hushed,friendly
6653,wring,strong,indirect,sustained,throaty,dry,adult,tiny,steady,hushed,deadpan
6654,wring,strong,indirect,sustained,throaty,dry,adult,tiny,steady,hushed,menacing
6655,wring,strong,indirect,sustained,throaty,dry,adult,tiny,steady,medium,friendly
6656,wring,strong,indirect,sustained,throaty,dry,adult,tiny,steady,medium,deadpan
6657,wring,strong,indirect,sustained,throaty,dry,adult,tiny,steady,medium,menacing
6658,wring,strong,indirect,sustained,throaty,dry,adult,tiny,steady,big,friendly
6659,wring,strong,indirect,sustained,throaty,dry,adult,tiny,steady,big,deadpan
6660,wring,strong,indirect,sustained,throaty,dry,adult,tiny,steady,big,menacing
6661,wring,strong,indirect,sustained,throaty,dry,adult,tiny,rapid,hushed,friendly
6662,wring,strong,indirect,sustained,throaty,dry,adult,tiny,rapid,hushed,deadpan
6663,wring,strong,indirect,sustained,throaty,dry,adult,tiny,rapid,hushed,menacing
6664,wring,strong,indirect,sustained,throaty,dry,adult,tiny,rapid,medium,friendly
6665,wring,strong,indirect,sustained,throaty,dry,adult,tiny,rapid,medium,deadpan
6666,wring,strong,indirect,sustained,throaty,dry,adult,tiny,rapid,medium,menacing
6667,wring,strong,indirect,sustained,throaty,dry,adult,tiny,rapid,big,friendly
6668,wring,strong,indirect,sustained,throaty,dry,adult,tiny,rapid,big,deadpan
6669,wring,strong,indirect,sustained,throaty,dry,adult,tiny,rapid,big,menacing
6670,wring,strong,indirect,sustained,throaty,dry,adult,medium,slow,hushed,friendly
6671,wring,strong,indirect,sustained,throaty,dry,adult,medium,slow,hushed,deadpan
6672,wring,strong,indirect,sustained,throaty,dry,adult,medium,slow,hushed,menacing
6673,wring,strong,indirect,sustained,throaty,dry,adult,medium,slow,medium,friendly
6674,wring,strong,indirect,sustained,throaty,dry,adult,medium,slow,medium,deadpan
6675,wring,strong,indirect,sustained,throaty,dry,adult,medium,slow,medium,menacing
6676,wring,strong,indirect,sustained,throaty,dry,adult,medium,slow,big,friendly
6677,wring,strong,indirect,sustained,throaty,dry,adult,medium,slow,big,deadpan
6678,wring,strong,indirect,sustained,throaty,dry,adult,medium,slow,big,menacing
6679,wring,strong,indirect,sustained,throaty,dry,adult,medium,steady,hushed,friendly
6680,wring,strong,indirect,sustained,throaty,dry,adult,medium,steady,hushed,deadpan
6681,wring,strong,indirect,sustained,throaty,dry,adult,medium,steady,hushed,menacing
6682,wring,strong,indirect,sustained,throaty,dry,adult,medium,steady,medium,friendly
6683,wring,strong,indirect,sustained,throaty,dry,adult,medium,steady,medium,deadpan
6684,wring,strong,indirect,sustained,throaty,dry,adult,medium,steady,medium,menacing
6685,wring,strong,indirect,sustained,throaty,dry,adult,medium,steady,big,friendly
6686,wring,strong,indirect,sustained,throaty,dry,adult,medium,steady,big,deadpan
6687,wring,strong,indirect,sustained,throaty,dry,adult,medium,steady,big,menacing
6688,wring,strong,indirect,sustained,throaty,dry,adult,medium,rapid,hushed,friendly
6689,wring,strong,indirect,sustained,throaty,dry,adult,medium,rapid,hushed,deadpan
6690,wring,strong,indirect,sustained,throaty,dry,adult,medium,rapid,hushed,menacing
6691,wring,strong,indirect,sustained,throaty,dry,adult,medium,rapid,medium,friendly
6692,wring,strong,indirect,sustained,throaty,dry,adult,medium,rapid,medium,deadpan
6693,wring,strong,indirect,sustained,throaty,dry,adult,medium,rapid,medium,menacing
6694,wring,strong,indirect,sustained,throaty,dry,adult,medium,rapid,big,friendly
6695,wring,strong,indirect,sustained,throaty,dry,adult,medium,rapid,big,deadpan
6696,wring,strong,indirect,sustained,throaty,dry,adult,medium,rapid,big,menacing
6697,wring,strong,indirect,sustained,throaty,dry,adult,huge,slow,hushed,friendly
6698,wring,strong,indirect,sustained,throaty,dry,adult,huge,slow,hushed,deadpan
6699,wring,strong,indirect,sustained,throaty,dry,adult,huge,slow,hushed,menacing
6700,wring,strong,indirect,sustained,throaty,dry,adult,huge,slow,medium,friendly
6701,wring,strong,indirect,sustained,throaty,dry,adult,huge,slow,medium,deadpan
6702,wring,strong,indirect,sustained,throaty,dry,adult,huge,slow,medium,menacing
6703,wring,strong,indirect,sustained,throaty,dry,adult,huge,slow,big,friendly
6704,wring,strong,indirect,sustained,throaty,dry,adult,huge,slow,big,deadpan
6705,wring,strong,indirect,sustained,throaty,dry,adult,huge,slow,big,menacing
6706,wring,strong,indirect,sustained,throaty,dry,adult,huge,steady,hushed,friendly
6707,wring,strong,indirect,sustained,throaty,dry,adult,huge,steady,hushed,deadpan
6708,wring,strong,indirect,sustained,throaty,dry,adult,huge,steady,hushed,menacing
6709,wring,strong,indirect,sustained,throaty,dry,adult,huge,steady,medium,friendly
6710,wring,strong,indirect,sustained,throaty,dry,adult,huge,steady,medium,deadpan
6711,wring,strong,indirect,sustained,throaty,dry,adult,huge,steady,medium,menacing
6712,wring,strong,indirect,sustained,throaty,dry,adult,huge,steady,big,friendly
6713,wring,strong,indirect,sustained,throaty,dry,adult,huge,steady,big,deadpan
6714,wring,strong,indirect,sustained,throaty,dry,adult,huge,steady,big,menacing
6715,wring,strong,indirect,sustained,throaty,dry,adult,huge,rapid,hushed,friendly
6716,wring,strong,indirect,sustained,throaty,dry,adult,huge,rapid,hushed,deadpan
6717,wring,strong,indirect,sustained,throaty,dry,adult,huge,rapid,hushed,menacing
6718,wring,strong,indirect,sustained,throaty,dry,adult,huge,rapid,medium,friendly
6719,wring,strong,indirect,sustained,throaty,dry,adult,huge,rapid,medium,deadpan
6720,wring,strong,indirect,sustained,throaty,dry,adult,huge,rapid,medium,menacing
6721,wring,strong,indirect,sustained,throaty,dry,adult,huge,rapid,big,friendly
6722,wring,strong,indirect,sustained,throaty,dry,adult,huge,rapid,big,deadpan
6723,wring,strong,indirect,sustained,throaty,dry,adult,huge,rapid,big,menacing
6724,wring,strong,indirect,sustained,throaty,dry,elder,tiny,slow,hushed,friendly
6725,wring,strong,indirect,sustained,throaty,dry,elder,tiny,slow,hushed,deadpan
6726,wring,strong,indirect,sustained,throaty,dry,elder,tiny,slow,hushed,menacing
6727,wring,strong,indirect,sustained,throaty,dry,elder,tiny,slow,medium,friendly
6728,wring,strong,indirect,sustained,throaty,dry,elder,tiny,slow,medium,deadpan
6729,wring,strong,indirect,sustained,throaty,dry,elder,tiny,slow,medium,menacing
6730,wring,strong,indirect,sustained,throaty,dry,elder,tiny,slow,big,friendly
6731,wring,strong,indirect,sustained,throaty,dry,elder,tiny,slow,big,deadpan
6732,wring,strong,indirect,sustained,throaty,dry,elder,tiny,slow,big,menacing
6733,wring,strong,indirect,sustained,throaty,dry,elder,tiny,steady,hushed,friendly
6734,wring,strong,indirect,sustained,throaty,dry,elder,tiny,steady,hushed,deadpan
6735,wring,strong,indirect,sustained,throaty,dry,elder,tiny,steady,hushed,menacing
6736,wring,strong,indirect,sustained,throaty,dry,elder,tiny,steady,medium,friendly
6737,wring,strong,indirect,sustained,throaty,dry,elder,tiny,steady,medium,deadpan
6738,wring,strong,indirect,sustained,throaty,dry,elder,tiny,steady,medium,menacing
6739,wring,strong,indirect,sustained,throaty,dry,elder,tiny,steady,big,friendly
6740,wring,strong,indirect,sustained,throaty,dry,elder,tiny,steady,big,deadpan
6741,wring,strong,indirect,sustained,throaty,dry,elder,tiny,steady,big,menacing
6742,wring,strong,indirect,sustained,throaty,dry,elder,tiny,rapid,hushed,friendly
6743,wring,strong,indirect,sustained,throaty,dry,elder,tiny,rapid,hushed,deadpan
6744,wring,strong,indirect,sustained,throaty,dry,elder,tiny,rapid,hushed,menacing
6745,wring,strong,indirect,sustained,throaty,dry,elder,tiny,rapid,medium,friendly
6746,wring,strong,indirect,sustained,throaty,dry,elder,tiny,rapid,medium,deadpan
6747,wring,strong,indirect,sustained,throaty,dry,elder,tiny,rapid,medium,menacing
6748,wring,strong,indirect,sustained,throaty,dry,elder,tiny,rapid,big,friendly
6749,wring,strong,indirect,sustained,throaty,dry,elder,tiny,rapid,big,deadpan
6750,wring,strong,indirect,sustained,throaty,dry,elder,tiny,rapid,big,menacing
6751,wring,strong,indirect,sustained,throaty,dry,elder,medium,slow,hushed,friendly
6752,wring,strong,indirect,sustained,throaty,dry,elder,medium,slow,hushed,deadpan
6753,wring,strong,indirect,sustained,throaty,dry,elder,medium,slow,hushed,menacing
6754,wring,strong,indirect,sustained,throaty,dry,elder,medium,slow,medium,friendly
6755,wring,strong,indirect,sustained,throaty,dry,elder,medium,slow,medium,deadpan
6756,wring,strong,indirect,sustained,throaty,dry,elder,medium,slow,medium,menacing
6757,wring,strong,indirect,sustained,throaty,dry,elder,medium,slow,big,friendly
6758,wring,strong,indirect,sustained,throaty,dry,elder,medium,slow,big,deadpan
6759,wring,strong,indirect,sustained,throaty,dry,elder,medium,slow,big,menacing
6760,wring,strong,indirect,sustained,throaty,dry,elder,medium,steady,hushed,friendly
6761,wring,strong,indirect,sustained,throaty,dry,elder,medium,steady,hushed,deadpan
6762,wring,strong,indirect,sustained,throaty,dry,elder,medium,steady,hushed,menacing
6763,wring,strong,indirect,sustained,throaty,dry,elder,medium,steady,medium,friendly
6764,wring,strong,indirect,sustained,throaty,dry,elder,medium,steady,medium,deadpan
6765,wring,strong,indirect,sustained,throaty,dry,elder,medium,steady,medium,menacing
6766,wring,strong,indirect,sustained,throaty,dry,elder,medium,steady,big,friendly
6767,wring,strong,indirect,sustained,throaty,dry,elder,medium,steady,big,deadpan
6768,wring,strong,indirect,sustained,throaty,dry,elder,medium,steady,big,menacing
6769,wring,strong,indirect,sustained,throaty,dry,elder,medium,rapid,hushed,friendly
6770,wring,strong,indirect,sustained,throaty,dry,elder,medium,rapid,hushed,deadpan
6771,wring,strong,indirect,sustained,throaty,dry,elder,medium,rapid,hushed,menacing
6772,wring,strong,indirect,sustained,throaty,dry,elder,medium,rapid,medium,friendly
6773,wring,strong,indirect,sustained,throaty,dry,elder,medium,rapid,medium,deadpan
6774,wring,strong,indirect,sustained,throaty,dry,elder,medium,rapid,medium,menacing
6775,wring,strong,indirect,sustained,throaty,dry,elder,medium,rapid,big,friendly
6776,wring,strong,indirect,sustained,throaty,dry,elder,medium,rapid,big,deadpan
6777,wring,strong,indirect,sustained,throaty,dry,elder,medium,rapid,big,menacing
6778,wring,strong,indirect,sustained,throaty,dry,elder,huge,slow,hushed,friendly
6779,wring,strong,indirect,sustained,throaty,dry,elder,huge,slow,hushed,deadpan
6780,wring,strong,indirect,sustained,throaty,dry,elder,huge,slow,hushed,menacing
6781,wring,strong,indirect,sustained,throaty,dry,elder,huge,slow,medium,friendly
6782,wring,strong,indirect,sustained,throaty,dry,elder,huge,slow,medium,deadpan
6783,wring,strong,indirect,sustained,throaty,dry,elder,huge,slow,medium,menacing
6784,wring,strong,indirect,sustained,throaty,dry,elder,huge,slow,big,friendly
6785,wring,strong,indirect,sustained,throaty,dry,elder,huge,slow,big,deadpan
6786,wring,strong,indirect,sustained,throaty,dry,elder,huge,slow,big,menacing
6787,wring,strong,indirect,sustained,throaty,dry,elder,huge,steady,hushed,friendly
6788,wring,strong,indirect,sustained,throaty,dry,elder,huge,steady,hushed,deadpan
6789,wring,strong,indirect,sustained,throaty,dry,elder,huge,steady,hushed,menacing
6790,wring,strong,indirect,sustained,throaty,dry,elder,huge,steady,medium,friendly
6791,wring,strong,indirect,sustained,throaty,dry,elder,huge,steady,medium,deadpan
6792,wring,strong,indirect,sustained,throaty,dry,elder,huge,steady,medium,menacing
6793,wring,strong,indirect,sustained,throaty,dry,elder,huge,steady,big,friendly
6794,wring,strong,indirect,sustained,throaty,dry,elder,huge,steady,big,deadpan
6795,wring,strong,indirect,sustained,throaty,dry,elder,huge,steady,big,menacing
6796,wring,strong,indirect,sustained,throaty,dry,elder,huge,rapid,hushed,friendly
6797,wring,strong,indirect,sustained,throaty,dry,elder,huge,rapid,hushed,deadpan
6798,wring,strong,indirect,sustained,throaty,dry,elder,huge,rapid,hushed,menacing
6799,wring,strong,indirect,sustained,throaty,dry,elder,huge,rapid,medium,friendly
6800,wring,strong,indirect,sustained,throaty,dry,elder,huge,rapid,medium,deadpan
6801,wring,strong,indirect,sustained,throaty,dry,elder,huge,rapid,medium,menacing
6802,wring,strong,indirect,sustained,throaty,dry,elder,huge,rapid,big,friendly
6803,wring,strong,indirect,sustained,throaty,dry,elder,huge,rapid,big,deadpan
6804,wring,strong,indirect,sustained,throaty,dry,elder,huge,rapid,big,menacing
6805,wring,strong,indirect,sustained,balanced,breathy,kid-ish,tiny,slow,hushed,friendly
6806,wring,strong,indirect,sustained,balanced,breathy,kid-ish,tiny,slow,hushed,deadpan
6807,wring,strong,indirect,sustained,balanced,breathy,kid-ish,tiny,slow,hushed,menacing
6808,wring,strong,indirect,sustained,balanced,breathy,kid-ish,tiny,slow,medium,friendly
6809,wring,strong,indirect,sustained,balanced,breathy,kid-ish,tiny,slow,medium,deadpan
6810,wring,strong,indirect,sustained,balanced,breathy,kid-ish,tiny,slow,medium,menacing
6811,wring,strong,indirect,sustained,balanced,breathy,kid-ish,tiny,slow,big,friendly
6812,wring,strong,indirect,sustained,balanced,breathy,kid-ish,tiny,slow,big,deadpan
6813,wring,strong,indirect,sustained,balanced,breathy,kid-ish,tiny,slow,big,menacing
6814,wring,strong,indirect,sustained,balanced,breathy,kid-ish,tiny,steady,hushed,friendly
6815,wring,strong,indirect,sustained,balanced,breathy,kid-ish,tiny,steady,hushed,deadpan
6816,wring,strong,indirect,sustained,balanced,breathy,kid-ish,tiny,steady,hushed,menacing
6817,wring,strong,indirect,sustained,balanced,breathy,kid-ish,tiny,steady,medium,friendly
6818,wring,strong,indirect,sustained,balanced,breathy,kid-ish,tiny,steady,medium,deadpan
6819,wring,strong,indirect,sustained,balanced,breathy,kid-ish,tiny,steady,medium,menacing
6820,wring,strong,indirect,sustained,balanced,breathy,kid-ish,tiny,steady,big,friendly
6821,wring,strong,indirect,sustained,balanced,breathy,kid-ish,tiny,steady,big,deadpan
6822,wring,strong,indirect,sustained,balanced,breathy,kid-ish,tiny,steady,big,menacing
6823,wring,strong,indirect,sustained,balanced,breathy,kid-ish,tiny,rapid,hushed,friendly
6824,wring,strong,indirect,sustained,balanced,breathy,kid-ish,tiny,rapid,hushed,deadpan
6825,wring,strong,indirect,sustained,balanced,breathy,kid-ish,tiny,rapid,hushed,menacing
6826,wring,strong,indirect,sustained,balanced,breathy,kid-ish,tiny,rapid,medium,friendly
6827,wring,strong,indirect,sustained,balanced,breathy,kid-ish,tiny,rapid,medium,deadpan
6828,wring,strong,indirect,sustained,balanced,breathy,kid-ish,tiny,rapid,medium,menacing
6829,wring,strong,indirect,sustained,balanced,breathy,kid-ish,tiny,rapid,big,friendly
6830,wring,strong,indirect,sustained,balanced,breathy,kid-ish,tiny,rapid,big,deadpan
6831,wring,strong,indirect,sustained,balanced,breathy,kid-ish,tiny,rapid,big,menacing
6832,wring,strong,indirect,sustained,balanced,breathy,kid-ish,medium,slow,hushed,friendly
6833,wring,strong,indirect,sustained,balanced,breathy,kid-ish,medium,slow,hushed,deadpan
6834,wring,strong,indirect,sustained,balanced,breathy,kid-ish,medium,slow,hushed,menacing
6835,wring,strong,indirect,sustained,balanced,breathy,kid-ish,medium,slow,medium,friendly
6836,wring,strong,indirect,sustained,balanced,breathy,kid-ish,medium,slow,medium,deadpan
6837,wring,strong,indirect,sustained,balanced,breathy,kid-ish,medium,slow,medium,menacing
6838,wring,strong,indirect,sustained,balanced,breathy,kid-ish,medium,slow,big,friendly
6839,wring,strong,indirect,sustained,balanced,breathy,kid-ish,medium,slow,big,deadpan
6840,wring,strong,indirect,sustained,balanced,breathy,kid-ish,medium,slow,big,menacing
6841,wring,strong,indirect,sustained,balanced,breathy,kid-ish,medium,steady,hushed,friendly
6842,wring,strong,indirect,sustained,balanced,breathy,kid-ish,medium,steady,hushed,deadpan
6843,wring,strong,indirect,sustained,balanced,breathy,kid-ish,medium,steady,hushed,menacing
6844,wring,strong,indirect,sustained,balanced,breathy,kid-ish,medium,steady,medium,friendly
6845,wring,strong,indirect,sustained,balanced,breathy,kid-ish,medium,steady,medium,deadpan
6846,wring,strong,indirect,sustained,balanced,breathy,kid-ish,medium,steady,medium,menacing
6847,wring,strong,indirect,sustained,balanced,breathy,kid-ish,medium,steady,big,friendly
6848,wring,strong,indirect,sustained,balanced,breathy,kid-ish,medium,steady,big,deadpan
6849,wring,strong,indirect,sustained,balanced,breathy,kid-ish,medium,steady,big,menacing
6850,wring,strong,indirect,sustained,balanced,breathy,kid-ish,medium,rapid,hushed,friendly
6851,wring,strong,indirect,sustained,balanced,breathy,kid-ish,medium,rapid,hushed,deadpan
6852,wring,strong,indirect,sustained,balanced,breathy,kid-ish,medium,rapid,hushed,menacing
6853,wring,strong,indirect,sustained,balanced,breathy,kid-ish,medium,rapid,medium,friendly
6854,wring,strong,indirect,sustained,balanced,breathy,kid-ish,medium,rapid,medium,deadpan
6855,wring,strong,indirect,sustained,balanced,breathy,kid-ish,medium,rapid,medium,menacing
6856,wring,strong,indirect,sustained,balanced,breathy,kid-ish,medium,rapid,big,friendly
6857,wring,strong,indirect,sustained,balanced,breathy,kid-ish,medium,rapid,big,deadpan
6858,wring,strong,indirect,sustained,balanced,breathy,kid-ish,medium,rapid,big,menacing
6859,wring,strong,indirect,sustained,balanced,breathy,kid-ish,huge,slow,hushed,friendly
6860,wring,strong,indirect,sustained,balanced,breathy,kid-ish,huge,slow,hushed,deadpan
6861,wring,strong,indirect,sustained,balanced,breathy,kid-ish,huge,slow,hushed,menacing
6862,wring,strong,indirect,sustained,balanced,breathy,kid-ish,huge,slow,medium,friendly
6863,wring,strong,indirect,sustained,balanced,breathy,kid-ish,huge,slow,medium,deadpan
6864,wring,strong,indirect,sustained,balanced,breathy,kid-ish,huge,slow,medium,menacing
6865,wring,strong,indirect,sustained,balanced,breathy,kid-ish,huge,slow,big,friendly
6866,wring,strong,indirect,sustained,balanced,breathy,kid-ish,huge,slow,big,deadpan
6867,wring,strong,indirect,sustained,balanced,breathy,kid-ish,huge,slow,big,menacing
6868,wring,strong,indirect,sustained,balanced,breathy,kid-ish,huge,steady,hushed,friendly
6869,wring,strong,indirect,sustained,balanced,breathy,kid-ish,huge,steady,hushed,deadpan
6870,wring,strong,indirect,sustained,balanced,breathy,kid-ish,huge,steady,hushed,menacing
6871,wring,strong,indirect,sustained,balanced,breathy,kid-ish,huge,steady,medium,friendly
6872,wring,strong,indirect,sustained,balanced,breathy,kid-ish,huge,steady,medium,deadpan
6873,wring,strong,indirect,sustained,balanced,breathy,kid-ish,huge,steady,medium,menacing
6874,wring,strong,indirect,sustained,balanced,breathy,kid-ish,huge,steady,big,friendly
6875,wring,strong,indirect,sustained,balanced,breathy,kid-ish,huge,steady,big,deadpan
6876,wring,strong,indirect,sustained,balanced,breathy,kid-ish,huge,steady,big,menacing
6877,wring,strong,indirect,sustained,balanced,breathy,kid-ish,huge,rapid,hushed,friendly
6878,wring,strong,indirect,sustained,balanced,breathy,kid-ish,huge,rapid,hushed,deadpan
6879,wring,strong,indirect,sustained,balanced,breathy,kid-ish,huge,rapid,hushed,menacing
6880,wring,strong,indirect,sustained,balanced,breathy,kid-ish,huge,rapid,medium,friendly
6881,wring,strong,indirect,sustained,balanced,breathy,kid-ish,huge,rapid,medium,deadpan
6882,wring,strong,indirect,sustained,balanced,breathy,kid-ish,huge,rapid,medium,menacing
6883,wring,strong,indirect,sustained,balanced,breathy,kid-ish,huge,rapid,big,friendly
6884,wring,strong,indirect,sustained,balanced,breathy,kid-ish,huge,rapid,big,deadpan
6885,wring,strong,indirect,sustained,balanced,breathy,kid-ish,huge,rapid,big,menacing
6886,wring,strong,indirect,sustained,balanced,breathy,adult,tiny,slow,hushed,friendly
6887,wring,strong,indirect,sustained,balanced,breathy,adult,tiny,slow,hushed,deadpan
6888,wring,strong,indirect,sustained,balanced,breathy,adult,tiny,slow,hushed,menacing
6889,wring,strong,indirect,sustained,balanced,breathy,adult,tiny,slow,medium,friendly
6890,wring,strong,indirect,sustained,balanced,breathy,adult,tiny,slow,medium,deadpan
6891,wring,strong,indirect,sustained,balanced,breathy,adult,tiny,slow,medium,menacing
6892,wring,strong,indirect,sustained,balanced,breathy,adult,tiny,slow,big,friendly
6893,wring,strong,indirect,sustained,balanced,breathy,adult,tiny,slow,big,deadpan
6894,wring,strong,indirect,sustained,balanced,breathy,adult,tiny,slow,big,menacing
6895,wring,strong,indirect,sustained,balanced,breathy,adult,tiny,steady,hushed,friendly
6896,wring,strong,indirect,sustained,balanced,breathy,adult,tiny,steady,hushed,deadpan
6897,wring,strong,indirect,sustained,balanced,breathy,adult,tiny,steady,hushed,menacing
6898,wring,strong,indirect,sustained,balanced,breathy,adult,tiny,steady,medium,friendly
6899,wring,strong,indirect,sustained,balanced,breathy,adult,tiny,steady,medium,deadpan
6900,wring,strong,indirect,sustained,balanced,breathy,adult,tiny,steady,medium,menacing
6901,wring,strong,indirect,sustained,balanced,breathy,adult,tiny,steady,big,friendly
6902,wring,strong,indirect,sustained,balanced,breathy,adult,tiny,steady,big,deadpan
6903,wring,strong,indirect,sustained,balanced,breathy,adult,tiny,steady,big,menacing
6904,wring,strong,indirect,sustained,balanced,breathy,adult,tiny,rapid,hushed,friendly
6905,wring,strong,indirect,sustained,balanced,breathy,adult,tiny,rapid,hushed,deadpan
6906,wring,strong,indirect,sustained,balanced,breathy,adult,tiny,rapid,hushed,menacing
6907,wring,strong,indirect,sustained,balanced,breathy,adult,tiny,rapid,medium,friendly
6908,wring,strong,indirect,sustained,balanced,breathy,adult,tiny,rapid,medium,deadpan
6909,wring,strong,indirect,sustained,balanced,breathy,adult,tiny,rapid,medium,menacing
6910,wring,strong,indirect,sustained,balanced,breathy,adult,tiny,rapid,big,friendly
6911,wring,strong,indirect,sustained,balanced,breathy,adult,tiny,rapid,big,deadpan
6912,wring,strong,indirect,sustained,balanced,breathy,adult,tiny,rapid,big,menacing
6913,wring,strong,indirect,sustained,balanced,breathy,adult,medium,slow,hushed,friendly
6914,wring,strong,indirect,sustained,balanced,breathy,adult,medium,slow,hushed,deadpan
6915,wring,strong,indirect,sustained,balanced,breathy,adult,medium,slow,hushed,menacing
6916,wring,strong,indirect,sustained,balanced,breathy,adult,medium,slow,medium,friendly
6917,wring,strong,indirect,sustained,balanced,breathy,adult,medium,slow,medium,deadpan
6918,wring,strong,indirect,sustained,balanced,breathy,adult,medium,slow,medium,menacing
6919,wring,strong,indirect,sustained,balanced,breathy,adult,medium,slow,big,friendly
6920,wring,strong,indirect,sustained,balanced,breathy,adult,medium,slow,big,deadpan
6921,wring,strong,indirect,sustained,balanced,breathy,adult,medium,slow,big,menacing
6922,wring,strong,indirect,sustained,balanced,breathy,adult,medium,steady,hushed,friendly
6923,wring,strong,indirect,sustained,balanced,breathy,adult,medium,steady,hushed,deadpan
6924,wring,strong,indirect,sustained,balanced,breathy,adult,medium,steady,hushed,menacing
6925,wring,strong,indirect,sustained,balanced,breathy,adult,medium,steady,medium,friendly
6926,wring,strong,indirect,sustained,balanced,breathy,adult,medium,steady,medium,deadpan
6927,wring,strong,indirect,sustained,balanced,breathy,adult,medium,steady,medium,menacing
6928,wring,strong,indirect,sustained,balanced,breathy,adult,medium,steady,big,friendly
6929,wring,strong,indirect,sustained,balanced,breathy,adult,medium,steady,big,deadpan
6930,wring,strong,indirect,sustained,balanced,breathy,adult,medium,steady,big,menacing
6931,wring,strong,indirect,sustained,balanced,breathy,adult,medium,rapid,hushed,friendly
6932,wring,strong,indirect,sustained,balanced,breathy,adult,medium,rapid,hushed,deadpan
6933,wring,strong,indirect,sustained,balanced,breathy,adult,medium,rapid,hushed,menacing
6934,wring,strong,indirect,sustained,balanced,breathy,adult,medium,rapid,medium,friendly
6935,wring,strong,indirect,sustained,balanced,breathy,adult,medium,rapid,medium,deadpan
6936,wring,strong,indirect,sustained,balanced,breathy,adult,medium,rapid,medium,menacing
6937,wring,strong,indirect,sustained,balanced,breathy,adult,medium,rapid,big,friendly
6938,wring,strong,indirect,sustained,balanced,breathy,adult,medium,rapid,big,deadpan
6939,wring,strong,indirect,sustained,balanced,breathy,adult,medium,rapid,big,menacing
6940,wring,strong,indirect,sustained,balanced,breathy,adult,huge,slow,hushed,friendly
6941,wring,strong,indirect,sustained,balanced,breathy,adult,huge,slow,hushed,deadpan
6942,wring,strong,indirect,sustained,balanced,breathy,adult,huge,slow,hushed,menacing
6943,wring,strong,indirect,sustained,balanced,breathy,adult,huge,slow,medium,friendly
6944,wring,strong,indirect,sustained,balanced,breathy,adult,huge,slow,medium,deadpan
6945,wring,strong,indirect,sustained,balanced,breathy,adult,huge,slow,medium,menacing
6946,wring,strong,indirect,sustained,balanced,breathy,adult,huge,slow,big,friendly
6947,wring,strong,indirect,sustained,balanced,breathy,adult,huge,slow,big,deadpan
6948,wring,strong,indirect,sustained,balanced,breathy,adult,huge,slow,big,menacing
6949,wring,strong,indirect,sustained,balanced,breathy,adult,huge,steady,hushed,friendly
6950,wring,strong,indirect,sustained,balanced,breathy,adult,huge,steady,hushed,deadpan
6951,wring,strong,indirect,sustained,balanced,breathy,adult,huge,steady,hushed,menacing
6952,wring,strong,indirect,sustained,balanced,breathy,adult,huge,steady,medium,friendly
6953,wring,strong,indirect,sustained,balanced,breathy,adult,huge,steady,medium,deadpan
6954,wring,strong,indirect,sustained,balanced,breathy,adult,huge,steady,medium,menacing
6955,wring,strong,indirect,sustained,balanced,breathy,adult,huge,steady,big,friendly
6956,wring,strong,indirect,sustained,balanced,breathy,adult,huge,steady,big,deadpan
6957,wring,strong,indirect,sustained,balanced,breathy,adult,huge,steady,big,menacing
6958,wring,strong,indirect,sustained,balanced,breathy,adult,huge,rapid,hushed,friendly
6959,wring,strong,indirect,sustained,balanced,breathy,adult,huge,rapid,hushed,deadpan
6960,wring,strong,indirect,sustained,balanced,breathy,adult,huge,rapid,hushed,menacing
6961,wring,strong,indirect,sustained,balanced,breathy,adult,huge,rapid,medium,friendly
6962,wring,strong,indirect,sustained,balanced,breathy,adult,huge,rapid,medium,deadpan
6963,wring,strong,indirect,sustained,balanced,breathy,adult,huge,rapid,medium,menacing
6964,wring,strong,indirect,sustained,balanced,breathy,adult,huge,rapid,big,friendly
6965,wring,strong,indirect,sustained,balanced,breathy,adult,huge,rapid,big,deadpan
6966,wring,strong,indirect,sustained,balanced,breathy,adult,huge,rapid,big,menacing
6967,wring,strong,indirect,sustained,balanced,breathy,elder,tiny,slow,hushed,friendly
6968,wring,strong,indirect,sustained,balanced,breathy,elder,tiny,slow,hushed,deadpan
6969,wring,strong,indirect,sustained,balanced,breathy,elder,tiny,slow,hushed,menacing
6970,wring,strong,indirect,sustained,balanced,breathy,elder,tiny,slow,medium,friendly
6971,wring,strong,indirect,sustained,balanced,breathy,elder,tiny,slow,medium,deadpan
6972,wring,strong,indirect,sustained,balanced,breathy,elder,tiny,slow,medium,menacing
6973,wring,strong,indirect,sustained,balanced,breathy,elder,tiny,slow,big,friendly
6974,wring,strong,indirect,sustained,balanced,breathy,elder,tiny,slow,big,deadpan
6975,wring,strong,indirect,sustained,balanced,breathy,elder,tiny,slow,big,menacing
6976,wring,strong,indirect,sustained,balanced,breathy,elder,tiny,steady,hushed,friendly
6977,wring,strong,indirect,sustained,balanced,breathy,elder,tiny,steady,hushed,deadpan
6978,wring,strong,indirect,sustained,balanced,breathy,elder,tiny,steady,hushed,menacing
6979,wring,strong,indirect,sustained,balanced,breathy,elder,tiny,steady,medium,friendly
6980,wring,strong,indirect,sustained,balanced,breathy,elder,tiny,steady,medium,deadpan
6981,wring,strong,indirect,sustained,balanced,breathy,elder,tiny,steady,medium,menacing
6982,wring,strong,indirect,sustained,balanced,breathy,elder,tiny,steady,big,friendly
6983,wring,strong,indirect,sustained,balanced,breathy,elder,tiny,steady,big,deadpan
6984,wring,strong,indirect,sustained,balanced,breathy,elder,tiny,steady,big,menacing
6985,wring,strong,indirect,sustained,balanced,breathy,elder,tiny,rapid,hushed,friendly
6986,wring,strong,indirect,sustained,balanced,breathy,elder,tiny,rapid,hushed,deadpan
6987,wring,strong,indirect,sustained,balanced,breathy,elder,tiny,rapid,hushed,menacing
6988,wring,strong,indirect,sustained,balanced,breathy,elder,tiny,rapid,medium,friendly
6989,wring,strong,indirect,sustained,balanced,breathy,elder,tiny,rapid,medium,deadpan
6990,wring,strong,indirect,sustained,balanced,breathy,elder,tiny,rapid,medium,menacing
6991,wring,strong,indirect,sustained,balanced,breathy,elder,tiny,rapid,big,friendly
6992,wring,strong,indirect,sustained,balanced,breathy,elder,tiny,rapid,big,deadpan
6993,wring,strong,indirect,sustained,balanced,breathy,elder,tiny,rapid,big,menacing
6994,wring,strong,indirect,sustained,balanced,breathy,elder,medium,slow,hushed,friendly
6995,wring,strong,indirect,sustained,balanced,breathy,elder,medium,slow,hushed,deadpan
6996,wring,strong,indirect,sustained,balanced,breathy,elder,medium,slow,hushed,menacing
6997,wring,strong,indirect,sustained,balanced,breathy,elder,medium,slow,medium,friendly
6998,wring,strong,indirect,sustained,balanced,breathy,elder,medium,slow,medium,deadpan
6999,wring,strong,indirect,sustained,balanced,breathy,elder,medium,slow,medium,menacing
7000,wring,strong,indirect,sustained,balanced,breathy,elder,medium,slow,big,friendly
7001,wring,strong,indirect,sustained,balanced,breathy,elder,medium,slow,big,deadpan
7002,wring,strong,indirect,sustained,balanced,breathy,elder,medium,slow,big,menacing
7003,wring,strong,indirect,sustained,balanced,breathy,elder,medium,steady,hushed,friendly
7004,wring,strong,indirect,sustained,balanced,breathy,elder,medium,steady,hushed,deadpan
7005,wring,strong,indirect,sustained,balanced,breathy,elder,medium,steady,hushed,menacing
7006,wring,strong,indirect,sustained,balanced,breathy,elder,medium,steady,medium,friendly
7007,wring,strong,indirect,sustained,balanced,breathy,elder,medium,steady,medium,deadpan
7008,wring,strong,indirect,sustained,balanced,breathy,elder,medium,steady,medium,menacing
7009,wring,strong,indirect,sustained,balanced,breathy,elder,medium,steady,big,friendly
7010,wring,strong,indirect,sustained,balanced,breathy,elder,medium,steady,big,deadpan
7011,wring,strong,indirect,sustained,balanced,breathy,elder,medium,steady,big,menacing
7012,wring,strong,indirect,sustained,balanced,breathy,elder,medium,rapid,hushed,friendly
7013,wring,strong,indirect,sustained,balanced,breathy,elder,medium,rapid,hushed,deadpan
7014,wring,strong,indirect,sustained,balanced,breathy,elder,medium,rapid,hushed,menacing
7015,wring,strong,indirect,sustained,balanced,breathy,elder,medium,rapid,medium,friendly
7016,wring,strong,indirect,sustained,balanced,breathy,elder,medium,rapid,medium,deadpan
7017,wring,strong,indirect,sustained,balanced,breathy,elder,medium,rapid,medium,menacing
7018,wring,strong,indirect,sustained,balanced,breathy,elder,medium,rapid,big,friendly
7019,wring,strong,indirect,sustained,balanced,breathy,elder,medium,rapid,big,deadpan
7020,wring,strong,indirect,sustained,balanced,breathy,elder,medium,rapid,big,menacing
7021,wring,strong,indirect,sustained,balanced,breathy,elder,huge,slow,hushed,friendly
7022,wring,strong,indirect,sustained,balanced,breathy,elder,huge,slow,hushed,deadpan
7023,wring,strong,indirect,sustained,balanced,breathy,elder,huge,slow,hushed,menacing
7024,wring,strong,indirect,sustained,balanced,breathy,elder,huge,slow,medium,friendly
7025,wring,strong,indirect,sustained,balanced,breathy,elder,huge,slow,medium,deadpan
7026,wring,strong,indirect,sustained,balanced,breathy,elder,huge,slow,medium,menacing
7027,wring,strong,indirect,sustained,balanced,breathy,elder,huge,slow,big,friendly
7028,wring,strong,indirect,sustained,balanced,breathy,elder,huge,slow,big,deadpan
7029,wring,strong,indirect,sustained,balanced,breathy,elder,huge,slow,big,menacing
7030,wring,strong,indirect,sustained,balanced,breathy,elder,huge,steady,hushed,friendly
7031,wring,strong,indirect,sustained,balanced,breathy,elder,huge,steady,hushed,deadpan
7032,wring,strong,indirect,sustained,balanced,breathy,elder,huge,steady,hushed,menacing
7033,wring,strong,indirect,sustained,balanced,breathy,elder,huge,steady,medium,friendly
7034,wring,strong,indirect,sustained,balanced,breathy,elder,huge,steady,medium,deadpan
7035,wring,strong,indirect,sustained,balanced,breathy,elder,huge,steady,medium,menacing
7036,wring,strong,indirect,sustained,balanced,breathy,elder,huge,steady,big,friendly
7037,wring,strong,indirect,sustained,balanced,breathy,elder,huge,steady,big,deadpan
7038,wring,strong,indirect,sustained,balanced,breathy,elder,huge,steady,big,menacing
7039,wring,strong,indirect,sustained,balanced,breathy,elder,huge,rapid,hushed,friendly
7040,wring,strong,indirect,sustained,balanced,breathy,elder,huge,rapid,hushed,deadpan
7041,wring,strong,indirect,sustained,balanced,breathy,elder,huge,rapid,hushed,menacing
7042,wring,strong,indirect,sustained,balanced,breathy,elder,huge,rapid,medium,friendly
7043,wring,strong,indirect,sustained,balanced,breathy,elder,huge,rapid,medium,deadpan
7044,wring,strong,indirect,sustained,balanced,breathy,elder,huge,rapid,medium,menacing
7045,wring,strong,indirect,sustained,balanced,breathy,elder,huge,rapid,big,friendly
7046,wring,strong,indirect,sustained,balanced,breathy,elder,huge,rapid,big,deadpan
7047,wring,strong,indirect,sustained,balanced,breathy,elder,huge,rapid,big,menacing
7048,wring,strong,indirect,sustained,balanced,dry,kid-ish,tiny,slow,hushed,friendly
7049,wring,strong,indirect,sustained,balanced,dry,kid-ish,tiny,slow,hushed,deadpan
7050,wring,strong,indirect,sustained,balanced,dry,kid-ish,tiny,slow,hushed,menacing
7051,wring,strong,indirect,sustained,balanced,dry,kid-ish,tiny,slow,medium,friendly
7052,wring,strong,indirect,sustained,balanced,dry,kid-ish,tiny,slow,medium,deadpan
7053,wring,strong,indirect,sustained,balanced,dry,kid-ish,tiny,slow,medium,menacing
7054,wring,strong,indirect,sustained,balanced,dry,kid-ish,tiny,slow,big,friendly
7055,wring,strong,indirect,sustained,balanced,dry,kid-ish,tiny,slow,big,deadpan
7056,wring,strong,indirect,sustained,balanced,dry,kid-ish,tiny,slow,big,menacing
7057,wring,strong,indirect,sustained,balanced,dry,kid-ish,tiny,steady,hushed,friendly
7058,wring,strong,indirect,sustained,balanced,dry,kid-ish,tiny,steady,hushed,deadpan
7059,wring,strong,indirect,sustained,balanced,dry,kid-ish,tiny,steady,hushed,menacing
7060,wring,strong,indirect,sustained,balanced,dry,kid-ish,tiny,steady,medium,friendly
7061,wring,strong,indirect,sustained,balanced,dry,kid-ish,tiny,steady,medium,deadpan
7062,wring,strong,indirect,sustained,balanced,dry,kid-ish,tiny,steady,medium,menacing
7063,wring,strong,indirect,sustained,balanced,dry,kid-ish,tiny,steady,big,friendly
7064,wring,strong,indirect,sustained,balanced,dry,kid-ish,tiny,steady,big,deadpan
7065,wring,strong,indirect,sustained,balanced,dry,kid-ish,tiny,steady,big,menacing
7066,wring,strong,indirect,sustained,balanced,dry,kid-ish,tiny,rapid,hushed,friendly
7067,wring,strong,indirect,sustained,balanced,dry,kid-ish,tiny,rapid,hushed,deadpan
7068,wring,strong,indirect,sustained,balanced,dry,kid-ish,tiny,rapid,hushed,menacing
7069,wring,strong,indirect,sustained,balanced,dry,kid-ish,tiny,rapid,medium,friendly
7070,wring,strong,indirect,sustained,balanced,dry,kid-ish,tiny,rapid,medium,deadpan
7071,wring,strong,indirect,sustained,balanced,dry,kid-ish,tiny,rapid,medium,menacing
7072,wring,strong,indirect,sustained,balanced,dry,kid-ish,tiny,rapid,big,friendly
7073,wring,strong,indirect,sustained,balanced,dry,kid-ish,tiny,rapid,big,deadpan
7074,wring,strong,indirect,sustained,balanced,dry,kid-ish,tiny,rapid,big,menacing
7075,wring,strong,indirect,sustained,balanced,dry,kid-ish,medium,slow,hushed,friendly
7076,wring,strong,indirect,sustained,balanced,dry,kid-ish,medium,slow,hushed,deadpan
7077,wring,strong,indirect,sustained,balanced,dry,kid-ish,medium,slow,hushed,menacing
7078,wring,strong,indirect,sustained,balanced,dry,kid-ish,medium,slow,medium,friendly
7079,wring,strong,indirect,sustained,balanced,dry,kid-ish,medium,slow,medium,deadpan
7080,wring,strong,indirect,sustained,balanced,dry,kid-ish,medium,slow,medium,menacing
7081,wring,strong,indirect,sustained,balanced,dry,kid-ish,medium,slow,big,friendly
7082,wring,strong,indirect,sustained,balanced,dry,kid-ish,medium,slow,big,deadpan
7083,wring,strong,indirect,sustained,balanced,dry,kid-ish,medium,slow,big,menacing
7084,wring,strong,indirect,sustained,balanced,dry,kid-ish,medium,steady,hushed,friendly
7085,wring,strong,indirect,sustained,balanced,dry,kid-ish,medium,steady,hushed,deadpan
7086,wring,strong,indirect,sustained,balanced,dry,kid-ish,medium,steady,hushed,menacing
7087,wring,strong,indirect,sustained,balanced,dry,kid-ish,medium,steady,medium,friendly
7088,wring,strong,indirect,sustained,balanced,dry,kid-ish,medium,steady,medium,deadpan
7089,wring,strong,indirect,sustained,balanced,dry,kid-ish,medium,steady,medium,menacing
7090,wring,strong,indirect,sustained,balanced,dry,kid-ish,medium,steady,big,friendly
7091,wring,strong,indirect,sustained,balanced,dry,kid-ish,medium,steady,big,deadpan
7092,wring,strong,indirect,sustained,balanced,dry,kid-ish,medium,steady,big,menacing
7093,wring,strong,indirect,sustained,balanced,dry,kid-ish,medium,rapid,hushed,friendly
7094,wring,strong,indirect,sustained,balanced,dry,kid-ish,medium,rapid,hushed,deadpan
7095,wring,strong,indirect,sustained,balanced,dry,kid-ish,medium,rapid,hushed,menacing
7096,wring,strong,indirect,sustained,balanced,dry,kid-ish,medium,rapid,medium,friendly
7097,wring,strong,indirect,sustained,balanced,dry,kid-ish,medium,rapid,medium,deadpan
7098,wring,strong,indirect,sustained,balanced,dry,kid-ish,medium,rapid,medium,menacing
7099,wring,strong,indirect,sustained,balanced,dry,kid-ish,medium,rapid,big,friendly
7100,wring,strong,indirect,sustained,balanced,dry,kid-ish,medium,rapid,big,deadpan
7101,wring,strong,indirect,sustained,balanced,dry,kid-ish,medium,rapid,big,menacing
7102,wring,strong,indirect,sustained,balanced,dry,kid-ish,huge,slow,hushed,friendly
7103,wring,strong,indirect,sustained,balanced,dry,kid-ish,huge,slow,hushed,deadpan
7104,wring,strong,indirect,sustained,balanced,dry,kid-ish,huge,slow,hushed,menacing
7105,wring,strong,indirect,sustained,balanced,dry,kid-ish,huge,slow,medium,friendly
7106,wring,strong,indirect,sustained,balanced,dry,kid-ish,huge,slow,medium,deadpan
7107,wring,strong,indirect,sustained,balanced,dry,kid-ish,huge,slow,medium,menacing
7108,wring,strong,indirect,sustained,balanced,dry,kid-ish,huge,slow,big,friendly
7109,wring,strong,indirect,sustained,balanced,dry,kid-ish,huge,slow,big,deadpan
7110,wring,strong,indirect,sustained,balanced,dry,kid-ish,huge,slow,big,menacing
7111,wring,strong,indirect,sustained,balanced,dry,kid-ish,huge,steady,hushed,friendly
7112,wring,strong,indirect,sustained,balanced,dry,kid-ish,huge,steady,hushed,deadpan
7113,wring,strong,indirect,sustained,balanced,dry,kid-ish,huge,steady,hushed,menacing
7114,wring,strong,indirect,sustained,balanced,dry,kid-ish,huge,steady,medium,friendly
7115,wring,strong,indirect,sustained,balanced,dry,kid-ish,huge,steady,medium,deadpan
7116,wring,strong,indirect,sustained,balanced,dry,kid-ish,huge,steady,medium,menacing
7117,wring,strong,indirect,sustained,balanced,dry,kid-ish,huge,steady,big,friendly
7118,wring,strong,indirect,sustained,balanced,dry,kid-ish,huge,steady,big,deadpan
7119,wring,strong,indirect,sustained,balanced,dry,kid-ish,huge,steady,big,menacing
7120,wring,strong,indirect,sustained,balanced,dry,kid-ish,huge,rapid,hushed,friendly
7121,wring,strong,indirect,sustained,balanced,dry,kid-ish,huge,rapid,hushed,deadpan
7122,wring,strong,indirect,sustained,balanced,dry,kid-ish,huge,rapid,hushed,menacing
7123,wring,strong,indirect,sustained,balanced,dry,kid-ish,huge,rapid,medium,friendly
7124,wring,strong,indirect,sustained,balanced,dry,kid-ish,huge,rapid,medium,deadpan
7125,wring,strong,indirect,sustained,balanced,dry,kid-ish,huge,rapid,medium,menacing
7126,wring,strong,indirect,sustained,balanced,dry,kid-ish,huge,rapid,big,friendly
7127,wring,strong,indirect,sustained,balanced,dry,kid-ish,huge,rapid,big,deadpan
7128,wring,strong,indirect,sustained,balanced,dry,kid-ish,huge,rapid,big,menacing
7129,wring,strong,indirect,sustained,balanced,dry,adult,tiny,slow,hushed,friendly
7130,wring,strong,indirect,sustained,balanced,dry,adult,tiny,slow,hushed,deadpan
7131,wring,strong,indirect,sustained,balanced,dry,adult,tiny,slow,hushed,menacing
7132,wring,strong,indirect,sustained,balanced,dry,adult,tiny,slow,medium,friendly
7133,wring,strong,indirect,sustained,balanced,dry,adult,tiny,slow,medium,deadpan
7134,wring,strong,indirect,sustained,balanced,dry,adult,tiny,slow,medium,menacing
7135,wring,strong,indirect,sustained,balanced,dry,adult,tiny,slow,big,friendly
7136,wring,strong,indirect,sustained,balanced,dry,adult,tiny,slow,big,deadpan
7137,wring,strong,indirect,sustained,balanced,dry,adult,tiny,slow,big,menacing
7138,wring,strong,indirect,sustained,balanced,dry,adult,tiny,steady,hushed,friendly
7139,wring,strong,indirect,sustained,balanced,dry,adult,tiny,steady,hushed,deadpan
7140,wring,strong,indirect,sustained,balanced,dry,adult,tiny,steady,hushed,menacing
7141,wring,strong,indirect,sustained,balanced,dry,adult,tiny,steady,medium,friendly
7142,wring,strong,indirect,sustained,balanced,dry,adult,tiny,steady,medium,deadpan
7143,wring,strong,indirect,sustained,balanced,dry,adult,tiny,steady,medium,menacing
7144,wring,strong,indirect,sustained,balanced,dry,adult,tiny,steady,big,friendly
7145,wring,strong,indirect,sustained,balanced,dry,adult,tiny,steady,big,deadpan
7146,wring,strong,indirect,sustained,balanced,dry,adult,tiny,steady,big,menacing
7147,wring,strong,indirect,sustained,balanced,dry,adult,tiny,rapid,hushed,friendly
7148,wring,strong,indirect,sustained,balanced,dry,adult,tiny,rapid,hushed,deadpan
7149,wring,strong,indirect,sustained,balanced,dry,adult,tiny,rapid,hushed,menacing
7150,wring,strong,indirect,sustained,balanced,dry,adult,tiny,rapid,medium,friendly
7151,wring,strong,indirect,sustained,balanced,dry,adult,tiny,rapid,medium,deadpan
7152,wring,strong,indirect,sustained,balanced,dry,adult,tiny,rapid,medium,menacing
7153,wring,strong,indirect,sustained,balanced,dry,adult,tiny,rapid,big,friendly
7154,wring,strong,indirect,sustained,balanced,dry,adult,tiny,rapid,big,deadpan
7155,wring,strong,indirect,sustained,balanced,dry,adult,tiny,rapid,big,menacing
7156,wring,strong,indirect,sustained,balanced,dry,adult,medium,slow,hushed,friendly
7157,wring,strong,indirect,sustained,balanced,dry,adult,medium,slow,hushed,deadpan
7158,wring,strong,indirect,sustained,balanced,dry,adult,medium,slow,hushed,menacing
7159,wring,strong,indirect,sustained,balanced,dry,adult,medium,slow,medium,friendly
7160,wring,strong,indirect,sustained,balanced,dry,adult,medium,slow,medium,deadpan
7161,wring,strong,indirect,sustained,balanced,dry,adult,medium,slow,medium,menacing
7162,wring,strong,indirect,sustained,balanced,dry,adult,medium,slow,big,friendly
7163,wring,strong,indirect,sustained,balanced,dry,adult,medium,slow,big,deadpan
7164,wring,strong,indirect,sustained,balanced,dry,adult,medium,slow,big,menacing
7165,wring,strong,indirect,sustained,balanced,dry,adult,medium,steady,hushed,friendly
7166,wring,strong,indirect,sustained,balanced,dry,adult,medium,steady,hushed,deadpan
7167,wring,strong,indirect,sustained,balanced,dry,adult,medium,steady,hushed,menacing
7168,wring,strong,indirect,sustained,balanced,dry,adult,medium,steady,medium,friendly
7169,wring,strong,indirect,sustained,balanced,dry,adult,medium,steady,medium,deadpan
7170,wring,strong,indirect,sustained,balanced,dry,adult,medium,steady,medium,menacing
7171,wring,strong,indirect,sustained,balanced,dry,adult,medium,steady,big,friendly
7172,wring,strong,indirect,sustained,balanced,dry,adult,medium,steady,big,deadpan
7173,wring,strong,indirect,sustained,balanced,dry,adult,medium,steady,big,menacing
7174,wring,strong,indirect,sustained,balanced,dry,adult,medium,rapid,hushed,friendly
7175,wring,strong,indirect,sustained,balanced,dry,adult,medium,rapid,hushed,deadpan
7176,wring,strong,indirect,sustained,balanced,dry,adult,medium,rapid,hushed,menacing
7177,wring,strong,indirect,sustained,balanced,dry,adult,medium,rapid,medium,friendly
7178,wring,strong,indirect,sustained,balanced,dry,adult,medium,rapid,medium,deadpan
7179,wring,strong,indirect,sustained,balanced,dry,adult,medium,rapid,medium,menacing
7180,wring,strong,indirect,sustained,balanced,dry,adult,medium,rapid,big,friendly
7181,wring,strong,indirect,sustained,balanced,dry,adult,medium,rapid,big,deadpan
7182,wring,strong,indirect,sustained,balanced,dry,adult,medium,rapid,big,menacing
7183,wring,strong,indirect,sustained,balanced,dry,adult,huge,slow,hushed,friendly
7184,wring,strong,indirect,sustained,balanced,dry,adult,huge,slow,hushed,deadpan
7185,wring,strong,indirect,sustained,balanced,dry,adult,huge,slow,hushed,menacing
7186,wring,strong,indirect,sustained,balanced,dry,adult,huge,slow,medium,friendly
7187,wring,strong,indirect,sustained,balanced,dry,adult,huge,slow,medium,deadpan
7188,wring,strong,indirect,sustained,balanced,dry,adult,huge,slow,medium,menacing
7189,wring,strong,indirect,sustained,balanced,dry,adult,huge,slow,big,friendly
7190,wring,strong,indirect,sustained,balanced,dry,adult,huge,slow,big,deadpan
7191,wring,strong,indirect,sustained,balanced,dry,adult,huge,slow,big,menacing
7192,wring,strong,indirect,sustained,balanced,dry,adult,huge,steady,hushed,friendly
7193,wring,strong,indirect,sustained,balanced,dry,adult,huge,steady,hushed,deadpan
7194,wring,strong,indirect,sustained,balanced,dry,adult,huge,steady,hushed,menacing
7195,wring,strong,indirect,sustained,balanced,dry,adult,huge,steady,medium,friendly
7196,wring,strong,indirect,sustained,balanced,dry,adult,huge,steady,medium,deadpan
7197,wring,strong,indirect,sustained,balanced,dry,adult,huge,steady,medium,menacing
7198,wring,strong,indirect,sustained,balanced,dry,adult,huge,steady,big,friendly
7199,wring,strong,indirect,sustained,balanced,dry,adult,huge,steady,big,deadpan
7200,wring,strong,indirect,sustained,balanced,dry,adult,huge,steady,big,menacing
7201,wring,strong,indirect,sustained,balanced,dry,adult,huge,rapid,hushed,friendly
7202,wring,strong,indirect,sustained,balanced,dry,adult,huge,rapid,hushed,deadpan
7203,wring,strong,indirect,sustained,balanced,dry,adult,huge,rapid,hushed,menacing
7204,wring,strong,indirect,sustained,balanced,dry,adult,huge,rapid,medium,friendly
7205,wring,strong,indirect,sustained,balanced,dry,adult,huge,rapid,medium,deadpan
7206,wring,strong,indirect,sustained,balanced,dry,adult,huge,rapid,medium,menacing
7207,wring,strong,indirect,sustained,balanced,dry,adult,huge,rapid,big,friendly
7208,wring,strong,indirect,sustained,balanced,dry,adult,huge,rapid,big,deadpan
7209,wring,strong,indirect,sustained,balanced,dry,adult,huge,rapid,big,menacing
7210,wring,strong,indirect,sustained,balanced,dry,elder,tiny,slow,hushed,friendly
7211,wring,strong,indirect,sustained,balanced,dry,elder,tiny,slow,hushed,deadpan
7212,wring,strong,indirect,sustained,balanced,dry,elder,tiny,slow,hushed,menacing
7213,wring,strong,indirect,sustained,balanced,dry,elder,tiny,slow,medium,friendly
7214,wring,strong,indirect,sustained,balanced,dry,elder,tiny,slow,medium,deadpan
7215,wring,strong,indirect,sustained,balanced,dry,elder,tiny,slow,medium,menacing
7216,wring,strong,indirect,sustained,balanced,dry,elder,tiny,slow,big,friendly
7217,wring,strong,indirect,sustained,balanced,dry,elder,tiny,slow,big,deadpan
7218,wring,strong,indirect,sustained,balanced,dry,elder,tiny,slow,big,menacing
7219,wring,strong,indirect,sustained,balanced,dry,elder,tiny,steady,hushed,friendly
7220,wring,strong,indirect,sustained,balanced,dry,elder,tiny,steady,hushed,deadpan
7221,wring,strong,indirect,sustained,balanced,dry,elder,tiny,steady,hushed,menacing
7222,wring,strong,indirect,sustained,balanced,dry,elder,tiny,steady,medium,friendly
7223,wring,strong,indirect,sustained,balanced,dry,elder,tiny,steady,medium,deadpan
7224,wring,strong,indirect,sustained,balanced,dry,elder,tiny,steady,medium,menacing
7225,wring,strong,indirect,sustained,balanced,dry,elder,tiny,steady,big,friendly
7226,wring,strong,indirect,sustained,balanced,dry,elder,tiny,steady,big,deadpan
7227,wring,strong,indirect,sustained,balanced,dry,elder,tiny,steady,big,menacing
7228,wring,strong,indirect,sustained,balanced,dry,elder,tiny,rapid,hushed,friendly
7229,wring,strong,indirect,sustained,balanced,dry,elder,tiny,rapid,hushed,deadpan
7230,wring,strong,indirect,sustained,balanced,dry,elder,tiny,rapid,hushed,menacing
7231,wring,strong,indirect,sustained,balanced,dry,elder,tiny,rapid,medium,friendly
7232,wring,strong,indirect,sustained,balanced,dry,elder,tiny,rapid,medium,deadpan
7233,wring,strong,indirect,sustained,balanced,dry,elder,tiny,rapid,medium,menacing
7234,wring,strong,indirect,sustained,balanced,dry,elder,tiny,rapid,big,friendly
7235,wring,strong,indirect,sustained,balanced,dry,elder,tiny,rapid,big,deadpan
7236,wring,strong,indirect,sustained,balanced,dry,elder,tiny,rapid,big,menacing
7237,wring,strong,indirect,sustained,balanced,dry,elder,medium,slow,hushed,friendly
7238,wring,strong,indirect,sustained,balanced,dry,elder,medium,slow,hushed,deadpan
7239,wring,strong,indirect,sustained,balanced,dry,elder,medium,slow,hushed,menacing
7240,wring,strong,indirect,sustained,balanced,dry,elder,medium,slow,medium,friendly
7241,wring,strong,indirect,sustained,balanced,dry,elder,medium,slow,medium,deadpan
7242,wring,strong,indirect,sustained,balanced,dry,elder,medium,slow,medium,menacing
7243,wring,strong,indirect,sustained,balanced,dry,elder,medium,slow,big,friendly
7244,wring,strong,indirect,sustained,balanced,dry,elder,medium,slow,big,deadpan
7245,wring,strong,indirect,sustained,balanced,dry,elder,medium,slow,big,menacing
7246,wring,strong,indirect,sustained,balanced,dry,elder,medium,steady,hushed,friendly
7247,wring,strong,indirect,sustained,balanced,dry,elder,medium,steady,hushed,deadpan
7248,wring,strong,indirect,sustained,balanced,dry,elder,medium,steady,hushed,menacing
7249,wring,strong,indirect,sustained,balanced,dry,elder,medium,steady,medium,friendly
7250,wring,strong,indirect,sustained,balanced,dry,elder,medium,steady,medium,deadpan
7251,wring,strong,indirect,sustained,balanced,dry,elder,medium,steady,medium,menacing
7252,wring,strong,indirect,sustained,balanced,dry,elder,medium,steady,big,friendly
7253,wring,strong,indirect,sustained,balanced,dry,elder,medium,steady,big,deadpan
7254,wring,strong,indirect,sustained,balanced,dry,elder,medium,steady,big,menacing
7255,wring,strong,indirect,sustained,balanced,dry,elder,medium,rapid,hushed,friendly
7256,wring,strong,indirect,sustained,balanced,dry,elder,medium,rapid,hushed,deadpan
7257,wring,strong,indirect,sustained,balanced,dry,elder,medium,rapid,hushed,menacing
7258,wring,strong,indirect,sustained,balanced,dry,elder,medium,rapid,medium,friendly
7259,wring,strong,indirect,sustained,balanced,dry,elder,medium,rapid,medium,deadpan
7260,wring,strong,indirect,sustained,balanced,dry,elder,medium,rapid,medium,menacing
7261,wring,strong,indirect,sustained,balanced,dry,elder,medium,rapid,big,friendly
7262,wring,strong,indirect,sustained,balanced,dry,elder,medium,rapid,big,deadpan
7263,wring,strong,indirect,sustained,balanced,dry,elder,medium,rapid,big,menacing
7264,wring,strong,indirect,sustained,balanced,dry,elder,huge,slow,hushed,friendly
7265,wring,strong,indirect,sustained,balanced,dry,elder,huge,slow,hushed,deadpan
7266,wring,strong,indirect,sustained,balanced,dry,elder,huge,slow,hushed,menacing
7267,wring,strong,indirect,sustained,balanced,dry,elder,huge,slow,medium,friendly
7268,wring,strong,indirect,sustained,balanced,dry,elder,huge,slow,medium,deadpan
7269,wring,strong,indirect,sustained,balanced,dry,elder,huge,slow,medium,menacing
7270,wring,strong,indirect,sustained,balanced,dry,elder,huge,slow,big,friendly
7271,wring,strong,indirect,sustained,balanced,dry,elder,huge,slow,big,deadpan
7272,wring,strong,indirect,sustained,balanced,dry,elder,huge,slow,big,menacing
7273,wring,strong,indirect,sustained,balanced,dry,elder,huge,steady,hushed,friendly
7274,wring,strong,indirect,sustained,balanced,dry,elder,huge,steady,hushed,deadpan
7275,wring,strong,indirect,sustained,balanced,dry,elder,huge,steady,hushed,menacing
7276,wring,strong,indirect,sustained,balanced,dry,elder,huge,steady,medium,friendly
7277,wring,strong,indirect,sustained,balanced,dry,elder,huge,steady,medium,deadpan
7278,wring,strong,indirect,sustained,balanced,dry,elder,huge,steady,medium,menacing
7279,wring,strong,indirect,sustained,balanced,dry,elder,huge,steady,big,friendly
7280,wring,strong,indirect,sustained,balanced,dry,elder,huge,steady,big,deadpan
7281,wring,strong,indirect,sustained,balanced,dry,elder,huge,steady,big,menacing
7282,wring,strong,indirect,sustained,balanced,dry,elder,huge,rapid,hushed,friendly
7283,wring,strong,indirect,sustained,balanced,dry,elder,huge,rapid,hushed,deadpan
7284,wring,strong,indirect,sustained,balanced,dry,elder,huge,rapid,hushed,menacing
7285,wring,strong,indirect,sustained,balanced,dry,elder,huge,rapid,medium,friendly
7286,wring,strong,indirect,sustained,balanced,dry,elder,huge,rapid,medium,deadpan
7287,wring,strong,indirect,sustained,balanced,dry,elder,huge,rapid,medium,menacing
7288,wring,strong,indirect,sustained,balanced,dry,elder,huge,rapid,big,friendly
7289,wring,strong,indirect,sustained,balanced,dry,elder,huge,rapid,big,deadpan
7290,wring,strong,indirect,sustained,balanced,dry,elder,huge,rapid,big,menacing
7291,slash,strong,indirect,sudden,nasal,breathy,kid-ish,tiny,slow,hushed,friendly
7292,slash,strong,indirect,sudden,nasal,breathy,kid-ish,tiny,slow,hushed,deadpan
7293,slash,strong,indirect,sudden,nasal,breathy,kid-ish,tiny,slow,hushed,menacing
7294,slash,strong,indirect,sudden,nasal,breathy,kid-ish,tiny,slow,medium,friendly
7295,slash,strong,indirect,sudden,nasal,breathy,kid-ish,tiny,slow,medium,deadpan
7296,slash,strong,indirect,sudden,nasal,breathy,kid-ish,tiny,slow,medium,menacing
7297,slash,strong,indirect,sudden,nasal,breathy,kid-ish,tiny,slow,big,friendly
7298,slash,strong,indirect,sudden,nasal,breathy,kid-ish,tiny,slow,big,deadpan
7299,slash,strong,indirect,sudden,nasal,breathy,kid-ish,tiny,slow,big,menacing
7300,slash,strong,indirect,sudden,nasal,breathy,kid-ish,tiny,steady,hushed,friendly
7301,slash,strong,indirect,sudden,nasal,breathy,kid-ish,tiny,steady,hushed,deadpan
7302,slash,strong,indirect,sudden,nasal,breathy,kid-ish,tiny,steady,hushed,menacing
7303,slash,strong,indirect,sudden,nasal,breathy,kid-ish,tiny,steady,medium,friendly
7304,slash,strong,indirect,sudden,nasal,breathy,kid-ish,tiny,steady,medium,deadpan
7305,slash,strong,indirect,sudden,nasal,breathy,kid-ish,tiny,steady,medium,menacing
7306,slash,strong,indirect,sudden,nasal,breathy,kid-ish,tiny,steady,big,friendly
7307,slash,strong,indirect,sudden,nasal,breathy,kid-ish,tiny,steady,big,deadpan
7308,slash,strong,indirect,sudden,nasal,breathy,kid-ish,tiny,steady,big,menacing
7309,slash,strong,indirect,sudden,nasal,breathy,kid-ish,tiny,rapid,hushed,friendly
7310,slash,strong,indirect,sudden,nasal,breathy,kid-ish,tiny,rapid,hushed,deadpan
7311,slash,strong,indirect,sudden,nasal,breathy,kid-ish,tiny,rapid,hushed,menacing
7312,slash,strong,indirect,sudden,nasal,breathy,kid-ish,tiny,rapid,medium,friendly
7313,slash,strong,indirect,sudden,nasal,breathy,kid-ish,tiny,rapid,medium,deadpan
7314,slash,strong,indirect,sudden,nasal,breathy,kid-ish,tiny,rapid,medium,menacing
7315,slash,strong,indirect,sudden,nasal,breathy,kid-ish,tiny,rapid,big,friendly
7316,slash,strong,indirect,sudden,nasal,breathy,kid-ish,tiny,rapid,big,deadpan
7317,slash,strong,indirect,sudden,nasal,breathy,kid-ish,tiny,rapid,big,menacing
7318,slash,strong,indirect,sudden,nasal,breathy,kid-ish,medium,slow,hushed,friendly
7319,slash,strong,indirect,sudden,nasal,breathy,kid-ish,medium,slow,hushed,deadpan
7320,slash,strong,indirect,sudden,nasal,breathy,kid-ish,medium,slow,hushed,menacing
7321,slash,strong,indirect,sudden,nasal,breathy,kid-ish,medium,slow,medium,friendly
7322,slash,strong,indirect,sudden,nasal,breathy,kid-ish,medium,slow,medium,deadpan
7323,slash,strong,indirect,sudden,nasal,breathy,kid-ish,medium,slow,medium,menacing
7324,slash,strong,indirect,sudden,nasal,breathy,kid-ish,medium,slow,big,friendly
7325,slash,strong,indirect,sudden,nasal,breathy,kid-ish,medium,slow,big,deadpan
7326,slash,strong,indirect,sudden,nasal,breathy,kid-ish,medium,slow,big,menacing
7327,slash,strong,indirect,sudden,nasal,breathy,kid-ish,medium,steady,hushed,friendly
7328,slash,strong,indirect,sudden,nasal,breathy,kid-ish,medium,steady,hushed,deadpan
7329,slash,strong,indirect,sudden,nasal,breathy,kid-ish,medium,steady,hushed,menacing
7330,slash,strong,indirect,sudden,nasal,breathy,kid-ish,medium,steady,medium,friendly
7331,slash,strong,indirect,sudden,nasal,breathy,kid-ish,medium,steady,medium,deadpan
7332,slash,strong,indirect,sudden,nasal,breathy,kid-ish,medium,steady,medium,menacing
7333,slash,strong,indirect,sudden,nasal,breathy,kid-ish,medium,steady,big,friendly
7334,slash,strong,indirect,sudden,nasal,breathy,kid-ish,medium,steady,big,deadpan
7335,slash,strong,indirect,sudden,nasal,breathy,kid-ish,medium,steady,big,menacing
7336,slash,strong,indirect,sudden,nasal,breathy,kid-ish,medium,rapid,hushed,friendly
7337,slash,strong,indirect,sudden,nasal,breathy,kid-ish,medium,rapid,hushed,deadpan
7338,slash,strong,indirect,sudden,nasal,breathy,kid-ish,medium,rapid,hushed,menacing
7339,slash,strong,indirect,sudden,nasal,breathy,kid-ish,medium,rapid,medium,friendly
7340,slash,strong,indirect,sudden,nasal,breathy,kid-ish,medium,rapid,medium,deadpan
7341,slash,strong,indirect,sudden,nasal,breathy,kid-ish,medium,rapid,medium,menacing
7342,slash,strong,indirect,sudden,nasal,breathy,kid-ish,medium,rapid,big,friendly
7343,slash,strong,indirect,sudden,nasal,breathy,kid-ish,medium,rapid,big,deadpan
7344,slash,strong,indirect,sudden,nasal,breathy,kid-ish,medium,rapid,big,menacing
7345,slash,strong,indirect,sudden,nasal,breathy,kid-ish,huge,slow,hushed,friendly
7346,slash,strong,indirect,sudden,nasal,breathy,kid-ish,huge,slow,hushed,deadpan
7347,slash,strong,indirect,sudden,nasal,breathy,kid-ish,huge,slow,hushed,menacing
7348,slash,strong,indirect,sudden,nasal,breathy,kid-ish,huge,slow,medium,friendly
7349,slash,strong,indirect,sudden,nasal,breathy,kid-ish,huge,slow,medium,deadpan
7350,slash,strong,indirect,sudden,nasal,breathy,kid-ish,huge,slow,medium,menacing
7351,slash,strong,indirect,sudden,nasal,breathy,kid-ish,huge,slow,big,friendly
7352,slash,strong,indirect,sudden,nasal,breathy,kid-ish,huge,slow,big,deadpan
7353,slash,strong,indirect,sudden,nasal,breathy,kid-ish,huge,slow,big,menacing
7354,slash,strong,indirect,sudden,nasal,breathy,kid-ish,huge,steady,hushed,friendly
7355,slash,strong,indirect,sudden,nasal,breathy,kid-ish,huge,steady,hushed,deadpan
7356,slash,strong,indirect,sudden,nasal,breathy,kid-ish,huge,steady,hushed,menacing
7357,slash,strong,indirect,sudden,nasal,breathy,kid-ish,huge,steady,medium,friendly
7358,slash,strong,indirect,sudden,nasal,breathy,kid-ish,huge,steady,medium,deadpan
7359,slash,strong,indirect,sudden,nasal,breathy,kid-ish,huge,steady,medium,menacing
7360,slash,strong,indirect,sudden,nasal,breathy,kid-ish,huge,steady,big,friendly
7361,slash,strong,indirect,sudden,nasal,breathy,kid-ish,huge,steady,big,deadpan
7362,slash,strong,indirect,sudden,nasal,breathy,kid-ish,huge,steady,big,menacing
7363,slash,strong,indirect,sudden,nasal,breathy,kid-ish,huge,rapid,hushed,friendly
7364,slash,strong,indirect,sudden,nasal,breathy,kid-ish,huge,rapid,hushed,deadpan
7365,slash,strong,indirect,sudden,nasal,breathy,kid-ish,huge,rapid,hushed,menacing
7366,slash,strong,indirect,sudden,nasal,breathy,kid-ish,huge,rapid,medium,friendly
7367,slash,strong,indirect,sudden,nasal,breathy,kid-ish,huge,rapid,medium,deadpan
7368,slash,strong,indirect,sudden,nasal,breathy,kid-ish,huge,rapid,medium,menacing
7369,slash,strong,indirect,sudden,nasal,breathy,kid-ish,huge,rapid,big,friendly
7370,slash,strong,indirect,sudden,nasal,breathy,kid-ish,huge,rapid,big,deadpan
7371,slash,strong,indirect,sudden,nasal,breathy,kid-ish,huge,rapid,big,menacing
7372,slash,strong,indirect,sudden,nasal,breathy,adult,tiny,slow,hushed,friendly
7373,slash,strong,indirect,sudden,nasal,breathy,adult,tiny,slow,hushed,deadpan
7374,slash,strong,indirect,sudden,nasal,breathy,adult,tiny,slow,hushed,menacing
7375,slash,strong,indirect,sudden,nasal,breathy,adult,tiny,slow,medium,friendly
7376,slash,strong,indirect,sudden,nasal,breathy,adult,tiny,slow,medium,deadpan
7377,slash,strong,indirect,sudden,nasal,breathy,adult,tiny,slow,medium,menacing
7378,slash,strong,indirect,sudden,nasal,breathy,adult,tiny,slow,big,friendly
7379,slash,strong,indirect,sudden,nasal,breathy,adult,tiny,slow,big,deadpan
7380,slash,strong,indirect,sudden,nasal,breathy,adult,tiny,slow,big,menacing
7381,slash,strong,indirect,sudden,nasal,breathy,adult,tiny,steady,hushed,friendly
7382,slash,strong,indirect,sudden,nasal,breathy,adult,tiny,steady,hushed,deadpan
7383,slash,strong,indirect,sudden,nasal,breathy,adult,tiny,steady,hushed,menacing
7384,slash,strong,indirect,sudden,nasal,breathy,adult,tiny,steady,medium,friendly
7385,slash,strong,indirect,sudden,nasal,breathy,adult,tiny,steady,medium,deadpan
7386,slash,strong,indirect,sudden,nasal,breathy,adult,tiny,steady,medium,menacing
7387,slash,strong,indirect,sudden,nasal,breathy,adult,tiny,steady,big,friendly
7388,slash,strong,indirect,sudden,nasal,breathy,adult,tiny,steady,big,deadpan
7389,slash,strong,indirect,sudden,nasal,breathy,adult,tiny,steady,big,menacing
7390,slash,strong,indirect,sudden,nasal,breathy,adult,tiny,rapid,hushed,friendly
7391,slash,strong,indirect,sudden,nasal,breathy,adult,tiny,rapid,hushed,deadpan
7392,slash,strong,indirect,sudden,nasal,breathy,adult,tiny,rapid,hushed,menacing
7393,slash,strong,indirect,sudden,nasal,breathy,adult,tiny,rapid,medium,friendly
7394,slash,strong,indirect,sudden,nasal,breathy,adult,tiny,rapid,medium,deadpan
7395,slash,strong,indirect,sudden,nasal,breathy,adult,tiny,rapid,medium,menacing
7396,slash,strong,indirect,sudden,nasal,breathy,adult,tiny,rapid,big,friendly
7397,slash,strong,indirect,sudden,nasal,breathy,adult,tiny,rapid,big,deadpan
7398,slash,strong,indirect,sudden,nasal,breathy,adult,tiny,rapid,big,menacing
7399,slash,strong,indirect,sudden,nasal,breathy,adult,medium,slow,hushed,friendly
7400,slash,strong,indirect,sudden,nasal,breathy,adult,medium,slow,hushed,deadpan
7401,slash,strong,indirect,sudden,nasal,breathy,adult,medium,slow,hushed,menacing
7402,slash,strong,indirect,sudden,nasal,breathy,adult,medium,slow,medium,friendly
7403,slash,strong,indirect,sudden,nasal,breathy,adult,medium,slow,medium,deadpan
7404,slash,strong,indirect,sudden,nasal,breathy,adult,medium,slow,medium,menacing
7405,slash,strong,indirect,sudden,nasal,breathy,adult,medium,slow,big,friendly
7406,slash,strong,indirect,sudden,nasal,breathy,adult,medium,slow,big,deadpan
7407,slash,strong,indirect,sudden,nasal,breathy,adult,medium,slow,big,menacing
7408,slash,strong,indirect,sudden,nasal,breathy,adult,medium,steady,hushed,friendly
7409,slash,strong,indirect,sudden,nasal,breathy,adult,medium,steady,hushed,deadpan
7410,slash,strong,indirect,sudden,nasal,breathy,adult,medium,steady,hushed,menacing
7411,slash,strong,indirect,sudden,nasal,breathy,adult,medium,steady,medium,friendly
7412,slash,strong,indirect,sudden,nasal,breathy,adult,medium,steady,medium,deadpan
7413,slash,strong,indirect,sudden,nasal,breathy,adult,medium,steady,medium,menacing
7414,slash,strong,indirect,sudden,nasal,breathy,adult,medium,steady,big,friendly
7415,slash,strong,indirect,sudden,nasal,breathy,adult,medium,steady,big,deadpan
7416,slash,strong,indirect,sudden,nasal,breathy,adult,medium,steady,big,menacing
7417,slash,strong,indirect,sudden,nasal,breathy,adult,medium,rapid,hushed,friendly
7418,slash,strong,indirect,sudden,nasal,breathy,adult,medium,rapid,hushed,deadpan
7419,slash,strong,indirect,sudden,nasal,breathy,adult,medium,rapid,hushed,menacing
7420,slash,strong,indirect,sudden,nasal,breathy,adult,medium,rapid,medium,friendly
7421,slash,strong,indirect,sudden,nasal,breathy,adult,medium,rapid,medium,deadpan
7422,slash,strong,indirect,sudden,nasal,breathy,adult,medium,rapid,medium,menacing
7423,slash,strong,indirect,sudden,nasal,breathy,adult,medium,rapid,big,friendly
7424,slash,strong,indirect,sudden,nasal,breathy,adult,medium,rapid,big,deadpan
7425,slash,strong,indirect,sudden,nasal,breathy,adult,medium,rapid,big,menacing
7426,slash,strong,indirect,sudden,nasal,breathy,adult,huge,slow,hushed,friendly
7427,slash,strong,indirect,sudden,nasal,breathy,adult,huge,slow,hushed,deadpan
7428,slash,strong,indirect,sudden,nasal,breathy,adult,huge,slow,hushed,menacing
7429,slash,strong,indirect,sudden,nasal,breathy,adult,huge,slow,medium,friendly
7430,slash,strong,indirect,sudden,nasal,breathy,adult,huge,slow,medium,deadpan
7431,slash,strong,indirect,sudden,nasal,breathy,adult,huge,slow,medium,menacing
7432,slash,strong,indirect,sudden,nasal,breathy,adult,huge,slow,big,friendly
7433,slash,strong,indirect,sudden,nasal,breathy,adult,huge,slow,big,deadpan
7434,slash,strong,indirect,sudden,nasal,breathy,adult,huge,slow,big,menacing
7435,slash,strong,indirect,sudden,nasal,breathy,adult,huge,steady,hushed,friendly
7436,slash,strong,indirect,sudden,nasal,breathy,adult,huge,steady,hushed,deadpan
7437,slash,strong,indirect,sudden,nasal,breathy,adult,huge,steady,hushed,menacing
7438,slash,strong,indirect,sudden,nasal,breathy,adult,huge,steady,medium,friendly
7439,slash,strong,indirect,sudden,nasal,breathy,adult,huge,steady,medium,deadpan
7440,slash,strong,indirect,sudden,nasal,breathy,adult,huge,steady,medium,menacing
7441,slash,strong,indirect,sudden,nasal,breathy,adult,huge,steady,big,friendly
7442,slash,strong,indirect,sudden,nasal,breathy,adult,huge,steady,big,deadpan
7443,slash,strong,indirect,sudden,nasal,breathy,adult,huge,steady,big,menacing
7444,slash,strong,indirect,sudden,nasal,breathy,adult,huge,rapid,hushed,friendly
7445,slash,strong,indirect,sudden,nasal,breathy,adult,huge,rapid,hushed,deadpan
7446,slash,strong,indirect,sudden,nasal,breathy,adult,huge,rapid,hushed,menacing
7447,slash,strong,indirect,sudden,nasal,breathy,adult,huge,rapid,medium,friendly
7448,slash,strong,indirect,sudden,nasal,breathy,adult,huge,rapid,medium,deadpan
7449,slash,strong,indirect,sudden,nasal,breathy,adult,huge,rapid,medium,menacing
7450,slash,strong,indirect,sudden,nasal,breathy,adult,huge,rapid,big,friendly
7451,slash,strong,indirect,sudden,nasal,breathy,adult,huge,rapid,big,deadpan
7452,slash,strong,indirect,sudden,nasal,breathy,adult,huge,rapid,big,menacing
7453,slash,strong,indirect,sudden,nasal,breathy,elder,tiny,slow,hushed,friendly
7454,slash,strong,indirect,sudden,nasal,breathy,elder,tiny,slow,hushed,deadpan
7455,slash,strong,indirect,sudden,nasal,breathy,elder,tiny,slow,hushed,menacing
7456,slash,strong,indirect,sudden,nasal,breathy,elder,tiny,slow,medium,friendly
7457,slash,strong,indirect,sudden,nasal,breathy,elder,tiny,slow,medium,deadpan
7458,slash,strong,indirect,sudden,nasal,breathy,elder,tiny,slow,medium,menacing
7459,slash,strong,indirect,sudden,nasal,breathy,elder,tiny,slow,big,friendly
7460,slash,strong,indirect,sudden,nasal,breathy,elder,tiny,slow,big,deadpan
7461,slash,strong,indirect,sudden,nasal,breathy,elder,tiny,slow,big,menacing
7462,slash,strong,indirect,sudden,nasal,breathy,elder,tiny,steady,hushed,friendly
7463,slash,strong,indirect,sudden,nasal,breathy,elder,tiny,steady,hushed,deadpan
7464,slash,strong,indirect,sudden,nasal,breathy,elder,tiny,steady,hushed,menacing
7465,slash,strong,indirect,sudden,nasal,breathy,elder,tiny,steady,medium,friendly
7466,slash,strong,indirect,sudden,nasal,breathy,elder,tiny,steady,medium,deadpan
7467,slash,strong,indirect,sudden,nasal,breathy,elder,tiny,steady,medium,menacing
7468,slash,strong,indirect,sudden,nasal,breathy,elder,tiny,steady,big,friendly
7469,slash,strong,indirect,sudden,nasal,breathy,elder,tiny,steady,big,deadpan
7470,slash,strong,indirect,sudden,nasal,breathy,elder,tiny,steady,big,menacing
7471,slash,strong,indirect,sudden,nasal,breathy,elder,tiny,rapid,hushed,friendly
7472,slash,strong,indirect,sudden,nasal,breathy,elder,tiny,rapid,hushed,deadpan
7473,slash,strong,indirect,sudden,nasal,breathy,elder,tiny,rapid,hushed,menacing
7474,slash,strong,indirect,sudden,nasal,breathy,elder,tiny,rapid,medium,friendly
7475,slash,strong,indirect,sudden,nasal,breathy,elder,tiny,rapid,medium,deadpan
7476,slash,strong,indirect,sudden,nasal,breathy,elder,tiny,rapid,medium,menacing
7477,slash,strong,indirect,sudden,nasal,breathy,elder,tiny,rapid,big,friendly
7478,slash,strong,indirect,sudden,nasal,breathy,elder,tiny,rapid,big,deadpan
7479,slash,strong,indirect,sudden,nasal,breathy,elder,tiny,rapid,big,menacing
7480,slash,strong,indirect,sudden,nasal,breathy,elder,medium,slow,hushed,friendly
7481,slash,strong,indirect,sudden,nasal,breathy,elder,medium,slow,hushed,deadpan
7482,slash,strong,indirect,sudden,nasal,breathy,elder,medium,slow,hushed,menacing
7483,slash,strong,indirect,sudden,nasal,breathy,elder,medium,slow,medium,friendly
7484,slash,strong,indirect,sudden,nasal,breathy,elder,medium,slow,medium,deadpan
7485,slash,strong,indirect,sudden,nasal,breathy,elder,medium,slow,medium,menacing
7486,slash,strong,indirect,sudden,nasal,breathy,elder,medium,slow,big,friendly
7487,slash,strong,indirect,sudden,nasal,breathy,elder,medium,slow,big,deadpan
7488,slash,strong,indirect,sudden,nasal,breathy,elder,medium,slow,big,menacing
7489,slash,strong,indirect,sudden,nasal,breathy,elder,medium,steady,hushed,friendly
7490,slash,strong,indirect,sudden,nasal,breathy,elder,medium,steady,hushed,deadpan
7491,slash,strong,indirect,sudden,nasal,breathy,elder,medium,steady,hushed,menacing
7492,slash,strong,indirect,sudden,nasal,breathy,elder,medium,steady,medium,friendly
7493,slash,strong,indirect,sudden,nasal,breathy,elder,medium,steady,medium,deadpan
7494,slash,strong,indirect,sudden,nasal,breathy,elder,medium,steady,medium,menacing
7495,slash,strong,indirect,sudden,nasal,breathy,elder,medium,steady,big,friendly
7496,slash,strong,indirect,sudden,nasal,breathy,elder,medium,steady,big,deadpan
7497,slash,strong,indirect,sudden,nasal,breathy,elder,medium,steady,big,menacing
7498,slash,strong,indirect,sudden,nasal,breathy,elder,medium,rapid,hushed,friendly
7499,slash,strong,indirect,sudden,nasal,breathy,elder,medium,rapid,hushed,deadpan
7500,slash,strong,indirect,sudden,nasal,breathy,elder,medium,rapid,hushed,menacing
7501,slash,strong,indirect,sudden,nasal,breathy,elder,medium,rapid,medium,friendly
7502,slash,strong,indirect,sudden,nasal,breathy,elder,medium,rapid,medium,deadpan
7503,slash,strong,indirect,sudden,nasal,breathy,elder,medium,rapid,medium,menacing
7504,slash,strong,indirect,sudden,nasal,breathy,elder,medium,rapid,big,friendly
7505,slash,strong,indirect,sudden,nasal,breathy,elder,medium,rapid,big,deadpan
7506,slash,strong,indirect,sudden,nasal,breathy,elder,medium,rapid,big,menacing
7507,slash,strong,indirect,sudden,nasal,breathy,elder,huge,slow,hushed,friendly
7508,slash,strong,indirect,sudden,nasal,breathy,elder,huge,slow,hushed,deadpan
7509,slash,strong,indirect,sudden,nasal,breathy,elder,huge,slow,hushed,menacing
7510,slash,strong,indirect,sudden,nasal,breathy,elder,huge,slow,medium,friendly
7511,slash,strong,indirect,sudden,nasal,breathy,elder,huge,slow,medium,deadpan
7512,slash,strong,indirect,sudden,nasal,breathy,elder,huge,slow,medium,menacing
7513,slash,strong,indirect,sudden,nasal,breathy,elder,huge,slow,big,friendly
7514,slash,strong,indirect,sudden,nasal,breathy,elder,huge,slow,big,deadpan
7515,slash,strong,indirect,sudden,nasal,breathy,elder,huge,slow,big,menacing
7516,slash,strong,indirect,sudden,nasal,breathy,elder,huge,steady,hushed,friendly
7517,slash,strong,indirect,sudden,nasal,breathy,elder,huge,steady,hushed,deadpan
7518,slash,strong,indirect,sudden,nasal,breathy,elder,huge,steady,hushed,menacing
7519,slash,strong,indirect,sudden,nasal,breathy,elder,huge,steady,medium,friendly
7520,slash,strong,indirect,sudden,nasal,breathy,elder,huge,steady,medium,deadpan
7521,slash,strong,indirect,sudden,nasal,breathy,elder,huge,steady,medium,menacing
7522,slash,strong,indirect,sudden,nasal,breathy,elder,huge,steady,big,friendly
7523,slash,strong,indirect,sudden,nasal,breathy,elder,huge,steady,big,deadpan
7524,slash,strong,indirect,sudden,nasal,breathy,elder,huge,steady,big,menacing
7525,slash,strong,indirect,sudden,nasal,breathy,elder,huge,rapid,hushed,friendly
7526,slash,strong,indirect,sudden,nasal,breathy,elder,huge,rapid,hushed,deadpan
7527,slash,strong,indirect,sudden,nasal,breathy,elder,huge,rapid,hushed,menacing
7528,slash,strong,indirect,sudden,nasal,breathy,elder,huge,rapid,medium,friendly
7529,slash,strong,indirect,sudden,nasal,breathy,elder,huge,rapid,medium,deadpan
7530,slash,strong,indirect,sudden,nasal,breathy,elder,huge,rapid,medium,menacing
7531,slash,strong,indirect,sudden,nasal,breathy,elder,huge,rapid,big,friendly
7532,slash,strong,indirect,sudden,nasal,breathy,elder,huge,rapid,big,deadpan
7533,slash,strong,indirect,sudden,nasal,breathy,elder,huge,rapid,big,menacing
7534,slash,strong,indirect,sudden,nasal,dry,kid-ish,tiny,slow,hushed,friendly
7535,slash,strong,indirect,sudden,nasal,dry,kid-ish,tiny,slow,hushed,deadpan
7536,slash,strong,indirect,sudden,nasal,dry,kid-ish,tiny,slow,hushed,menacing
7537,slash,strong,indirect,sudden,nasal,dry,kid-ish,tiny,slow,medium,friendly
7538,slash,strong,indirect,sudden,nasal,dry,kid-ish,tiny,slow,medium,deadpan
7539,slash,strong,indirect,sudden,nasal,dry,kid-ish,tiny,slow,medium,menacing
7540,slash,strong,indirect,sudden,nasal,dry,kid-ish,tiny,slow,big,friendly
7541,slash,strong,indirect,sudden,nasal,dry,kid-ish,tiny,slow,big,deadpan
7542,slash,strong,indirect,sudden,nasal,dry,kid-ish,tiny,slow,big,menacing
7543,slash,strong,indirect,sudden,nasal,dry,kid-ish,tiny,steady,hushed,friendly
7544,slash,strong,indirect,sudden,nasal,dry,kid-ish,tiny,steady,hushed,deadpan
7545,slash,strong,indirect,sudden,nasal,dry,kid-ish,tiny,steady,hushed,menacing
7546,slash,strong,indirect,sudden,nasal,dry,kid-ish,tiny,steady,medium,friendly
7547,slash,strong,indirect,sudden,nasal,dry,kid-ish,tiny,steady,medium,deadpan
7548,slash,strong,indirect,sudden,nasal,dry,kid-ish,tiny,steady,medium,menacing
7549,slash,strong,indirect,sudden,nasal,dry,kid-ish,tiny,steady,big,friendly
7550,slash,strong,indirect,sudden,nasal,dry,kid-ish,tiny,steady,big,deadpan
7551,slash,strong,indirect,sudden,nasal,dry,kid-ish,tiny,steady,big,menacing
7552,slash,strong,indirect,sudden,nasal,dry,kid-ish,tiny,rapid,hushed,friendly
7553,slash,strong,indirect,sudden,nasal,dry,kid-ish,tiny,rapid,hushed,deadpan
7554,slash,strong,indirect,sudden,nasal,dry,kid-ish,tiny,rapid,hushed,menacing
7555,slash,strong,indirect,sudden,nasal,dry,kid-ish,tiny,rapid,medium,friendly
7556,slash,strong,indirect,sudden,nasal,dry,kid-ish,tiny,rapid,medium,deadpan
7557,slash,strong,indirect,sudden,nasal,dry,kid-ish,tiny,rapid,medium,menacing
7558,slash,strong,indirect,sudden,nasal,dry,kid-ish,tiny,rapid,big,friendly
7559,slash,strong,indirect,sudden,nasal,dry,kid-ish,tiny,rapid,big,deadpan
7560,slash,strong,indirect,sudden,nasal,dry,kid-ish,tiny,rapid,big,menacing
7561,slash,strong,indirect,sudden,nasal,dry,kid-ish,medium,slow,hushed,friendly
7562,slash,strong,indirect,sudden,nasal,dry,kid-ish,medium,slow,hushed,deadpan
7563,slash,strong,indirect,sudden,nasal,dry,kid-ish,medium,slow,hushed,menacing
7564,slash,strong,indirect,sudden,nasal,dry,kid-ish,medium,slow,medium,friendly
7565,slash,strong,indirect,sudden,nasal,dry,kid-ish,medium,slow,medium,deadpan
7566,slash,strong,indirect,sudden,nasal,dry,kid-ish,medium,slow,medium,menacing
7567,slash,strong,indirect,sudden,nasal,dry,kid-ish,medium,slow,big,friendly
7568,slash,strong,indirect,sudden,nasal,dry,kid-ish,medium,slow,big,deadpan
7569,slash,strong,indirect,sudden,nasal,dry,kid-ish,medium,slow,big,menacing
7570,slash,strong,indirect,sudden,nasal,dry,kid-ish,medium,steady,hushed,friendly
7571,slash,strong,indirect,sudden,nasal,dry,kid-ish,medium,steady,hushed,deadpan
7572,slash,strong,indirect,sudden,nasal,dry,kid-ish,medium,steady,hushed,menacing
7573,slash,strong,indirect,sudden,nasal,dry,kid-ish,medium,steady,medium,friendly
7574,slash,strong,indirect,sudden,nasal,dry,kid-ish,medium,steady,medium,deadpan
7575,slash,strong,indirect,sudden,nasal,dry,kid-ish,medium,steady,medium,menacing
7576,slash,strong,indirect,sudden,nasal,dry,kid-ish,medium,steady,big,friendly
7577,slash,strong,indirect,sudden,nasal,dry,kid-ish,medium,steady,big,deadpan
7578,slash,strong,indirect,sudden,nasal,dry,kid-ish,medium,steady,big,menacing
7579,slash,strong,indirect,sudden,nasal,dry,kid-ish,medium,rapid,hushed,friendly
7580,slash,strong,indirect,sudden,nasal,dry,kid-ish,medium,rapid,hushed,deadpan
7581,slash,strong,indirect,sudden,nasal,dry,kid-ish,medium,rapid,hushed,menacing
7582,slash,strong,indirect,sudden,nasal,dry,kid-ish,medium,rapid,medium,friendly
7583,slash,strong,indirect,sudden,nasal,dry,kid-ish,medium,rapid,medium,deadpan
7584,slash,strong,indirect,sudden,nasal,dry,kid-ish,medium,rapid,medium,menacing
7585,slash,strong,indirect,sudden,nasal,dry,kid-ish,medium,rapid,big,friendly
7586,slash,strong,indirect,sudden,nasal,dry,kid-ish,medium,rapid,big,deadpan
7587,slash,strong,indirect,sudden,nasal,dry,kid-ish,medium,rapid,big,menacing
7588,slash,strong,indirect,sudden,nasal,dry,kid-ish,huge,slow,hushed,friendly
7589,slash,strong,indirect,sudden,nasal,dry,kid-ish,huge,slow,hushed,deadpan
7590,slash,strong,indirect,sudden,nasal,dry,kid-ish,huge,slow,hushed,menacing
7591,slash,strong,indirect,sudden,nasal,dry,kid-ish,huge,slow,medium,friendly
7592,slash,strong,indirect,sudden,nasal,dry,kid-ish,huge,slow,medium,deadpan
7593,slash,strong,indirect,sudden,nasal,dry,kid-ish,huge,slow,medium,menacing
7594,slash,strong,indirect,sudden,nasal,dry,kid-ish,huge,slow,big,friendly
7595,slash,strong,indirect,sudden,nasal,dry,kid-ish,huge,slow,big,deadpan
7596,slash,strong,indirect,sudden,nasal,dry,kid-ish,huge,slow,big,menacing
7597,slash,strong,indirect,sudden,nasal,dry,kid-ish,huge,steady,hushed,friendly
7598,slash,strong,indirect,sudden,nasal,dry,kid-ish,huge,steady,hushed,deadpan
7599,slash,strong,indirect,sudden,nasal,dry,kid-ish,huge,steady,hushed,menacing
7600,slash,strong,indirect,sudden,nasal,dry,kid-ish,huge,steady,medium,friendly
7601,slash,strong,indirect,sudden,nasal,dry,kid-ish,huge,steady,medium,deadpan
7602,slash,strong,indirect,sudden,nasal,dry,kid-ish,huge,steady,medium,menacing
7603,slash,strong,indirect,sudden,nasal,dry,kid-ish,huge,steady,big,friendly
7604,slash,strong,indirect,sudden,nasal,dry,kid-ish,huge,steady,big,deadpan
7605,slash,strong,indirect,sudden,nasal,dry,kid-ish,huge,steady,big,menacing
7606,slash,strong,indirect,sudden,nasal,dry,kid-ish,huge,rapid,hushed,friendly
7607,slash,strong,indirect,sudden,nasal,dry,kid-ish,huge,rapid,hushed,deadpan
7608,slash,strong,indirect,sudden,nasal,dry,kid-ish,huge,rapid,hushed,menacing
7609,slash,strong,indirect,sudden,nasal,dry,kid-ish,huge,rapid,medium,friendly
7610,slash,strong,indirect,sudden,nasal,dry,kid-ish,huge,rapid,medium,deadpan
7611,slash,strong,indirect,sudden,nasal,dry,kid-ish,huge,rapid,medium,menacing
7612,slash,strong,indirect,sudden,nasal,dry,kid-ish,huge,rapid,big,friendly
7613,slash,strong,indirect,sudden,nasal,dry,kid-ish,huge,rapid,big,deadpan
7614,slash,strong,indirect,sudden,nasal,dry,kid-ish,huge,rapid,big,menacing
7615,slash,strong,indirect,sudden,nasal,dry,adult,tiny,slow,hushed,friendly
7616,slash,strong,indirect,sudden,nasal,dry,adult,tiny,slow,hushed,deadpan
7617,slash,strong,indirect,sudden,nasal,dry,adult,tiny,slow,hushed,menacing
7618,slash,strong,indirect,sudden,nasal,dry,adult,tiny,slow,medium,friendly
7619,slash,strong,indirect,sudden,nasal,dry,adult,tiny,slow,medium,deadpan
7620,slash,strong,indirect,sudden,nasal,dry,adult,tiny,slow,medium,menacing
7621,slash,strong,indirect,sudden,nasal,dry,adult,tiny,slow,big,friendly
7622,slash,strong,indirect,sudden,nasal,dry,adult,tiny,slow,big,deadpan
7623,slash,strong,indirect,sudden,nasal,dry,adult,tiny,slow,big,menacing
7624,slash,strong,indirect,sudden,nasal,dry,adult,tiny,steady,hushed,friendly
7625,slash,strong,indirect,sudden,nasal,dry,adult,tiny,steady,hushed,deadpan
7626,slash,strong,indirect,sudden,nasal,dry,adult,tiny,steady,hushed,menacing
7627,slash,strong,indirect,sudden,nasal,dry,adult,tiny,steady,medium,friendly
7628,slash,strong,indirect,sudden,nasal,dry,adult,tiny,steady,medium,deadpan
7629,slash,strong,indirect,sudden,nasal,dry,adult,tiny,steady,medium,menacing
7630,slash,strong,indirect,sudden,nasal,dry,adult,tiny,steady,big,friendly
7631,slash,strong,indirect,sudden,nasal,dry,adult,tiny,steady,big,deadpan
7632,slash,strong,indirect,sudden,nasal,dry,adult,tiny,steady,big,menacing
7633,slash,strong,indirect,sudden,nasal,dry,adult,tiny,rapid,hushed,friendly
7634,slash,strong,indirect,sudden,nasal,dry,adult,tiny,rapid,hushed,deadpan
7635,slash,strong,indirect,sudden,nasal,dry,adult,tiny,rapid,hushed,menacing
7636,slash,strong,indirect,sudden,nasal,dry,adult,tiny,rapid,medium,friendly
7637,slash,strong,indirect,sudden,nasal,dry,adult,tiny,rapid,medium,deadpan
7638,slash,strong,indirect,sudden,nasal,dry,adult,tiny,rapid,medium,menacing
7639,slash,strong,indirect,sudden,nasal,dry,adult,tiny,rapid,big,friendly
7640,slash,strong,indirect,sudden,nasal,dry,adult,tiny,rapid,big,deadpan
7641,slash,strong,indirect,sudden,nasal,dry,adult,tiny,rapid,big,menacing
7642,slash,strong,indirect,sudden,nasal,dry,adult,medium,slow,hushed,friendly
7643,slash,strong,indirect,sudden,nasal,dry,adult,medium,slow,hushed,deadpan
7644,slash,strong,indirect,sudden,nasal,dry,adult,medium,slow,hushed,menacing
7645,slash,strong,indirect,sudden,nasal,dry,adult,medium,slow,medium,friendly
7646,slash,strong,indirect,sudden,nasal,dry,adult,medium,slow,medium,deadpan
7647,slash,strong,indirect,sudden,nasal,dry,adult,medium,slow,medium,menacing
7648,slash,strong,indirect,sudden,nasal,dry,adult,medium,slow,big,friendly
7649,slash,strong,indirect,sudden,nasal,dry,adult,medium,slow,big,deadpan
7650,slash,strong,indirect,sudden,nasal,dry,adult,medium,slow,big,menacing
7651,slash,strong,indirect,sudden,nasal,dry,adult,medium,steady,hushed,friendly
7652,slash,strong,indirect,sudden,nasal,dry,adult,medium,steady,hushed,deadpan
7653,slash,strong,indirect,sudden,nasal,dry,adult,medium,steady,hushed,menacing
7654,slash,strong,indirect,sudden,nasal,dry,adult,medium,steady,medium,friendly
7655,slash,strong,indirect,sudden,nasal,dry,adult,medium,steady,medium,deadpan
7656,slash,strong,indirect,sudden,nasal,dry,adult,medium,steady,medium,menacing
7657,slash,strong,indirect,sudden,nasal,dry,adult,medium,steady,big,friendly
7658,slash,strong,indirect,sudden,nasal,dry,adult,medium,steady,big,deadpan
7659,slash,strong,indirect,sudden,nasal,dry,adult,medium,steady,big,menacing
7660,slash,strong,indirect,sudden,nasal,dry,adult,medium,rapid,hushed,friendly
7661,slash,strong,indirect,sudden,nasal,dry,adult,medium,rapid,hushed,deadpan
7662,slash,strong,indirect,sudden,nasal,dry,adult,medium,rapid,hushed,menacing
7663,slash,strong,indirect,sudden,nasal,dry,adult,medium,rapid,medium,friendly
7664,slash,strong,indirect,sudden,nasal,dry,adult,medium,rapid,medium,deadpan
7665,slash,strong,indirect,sudden,nasal,dry,adult,medium,rapid,medium,menacing
7666,slash,strong,indirect,sudden,nasal,dry,adult,medium,rapid,big,friendly
7667,slash,strong,indirect,sudden,nasal,dry,adult,medium,rapid,big,deadpan
7668,slash,strong,indirect,sudden,nasal,dry,adult,medium,rapid,big,menacing
7669,slash,strong,indirect,sudden,nasal,dry,adult,huge,slow,hushed,friendly
7670,slash,strong,indirect,sudden,nasal,dry,adult,huge,slow,hushed,deadpan
7671,slash,strong,indirect,sudden,nasal,dry,adult,huge,slow,hushed,menacing
7672,slash,strong,indirect,sudden,nasal,dry,adult,huge,slow,medium,friendly
7673,slash,strong,indirect,sudden,nasal,dry,adult,huge,slow,medium,deadpan
7674,slash,strong,indirect,sudden,nasal,dry,adult,huge,slow,medium,menacing
7675,slash,strong,indirect,sudden,nasal,dry,adult,huge,slow,big,friendly
7676,slash,strong,indirect,sudden,nasal,dry,adult,huge,slow,big,deadpan
7677,slash,strong,indirect,sudden,nasal,dry,adult,huge,slow,big,menacing
7678,slash,strong,indirect,sudden,nasal,dry,adult,huge,steady,hushed,friendly
7679,slash,strong,indirect,sudden,nasal,dry,adult,huge,steady,hushed,deadpan
7680,slash,strong,indirect,sudden,nasal,dry,adult,huge,steady,hushed,menacing
7681,slash,strong,indirect,sudden,nasal,dry,adult,huge,steady,medium,friendly
7682,slash,strong,indirect,sudden,nasal,dry,adult,huge,steady,medium,deadpan
7683,slash,strong,indirect,sudden,nasal,dry,adult,huge,steady,medium,menacing
7684,slash,strong,indirect,sudden,nasal,dry,adult,huge,steady,big,friendly
7685,slash,strong,indirect,sudden,nasal,dry,adult,huge,steady,big,deadpan
7686,slash,strong,indirect,sudden,nasal,dry,adult,huge,steady,big,menacing
7687,slash,strong,indirect,sudden,nasal,dry,adult,huge,rapid,hushed,friendly
7688,slash,strong,indirect,sudden,nasal,dry,adult,huge,rapid,hushed,deadpan
7689,slash,strong,indirect,sudden,nasal,dry,adult,huge,rapid,hushed,menacing
7690,slash,strong,indirect,sudden,nasal,dry,adult,huge,rapid,medium,friendly
7691,slash,strong,indirect,sudden,nasal,dry,adult,huge,rapid,medium,deadpan
7692,slash,strong,indirect,sudden,nasal,dry,adult,huge,rapid,medium,menacing
7693,slash,strong,indirect,sudden,nasal,dry,adult,huge,rapid,big,friendly
7694,slash,strong,indirect,sudden,nasal,dry,adult,huge,rapid,big,deadpan
7695,slash,strong,indirect,sudden,nasal,dry,adult,huge,rapid,big,menacing
7696,slash,strong,indirect,sudden,nasal,dry,elder,tiny,slow,hushed,friendly
7697,slash,strong,indirect,sudden,nasal,dry,elder,tiny,slow,hushed,deadpan
7698,slash,strong,indirect,sudden,nasal,dry,elder,tiny,slow,hushed,menacing
7699,slash,strong,indirect,sudden,nasal,dry,elder,tiny,slow,medium,friendly
7700,slash,strong,indirect,sudden,nasal,dry,elder,tiny,slow,medium,deadpan
7701,slash,strong,indirect,sudden,nasal,dry,elder,tiny,slow,medium,menacing
7702,slash,strong,indirect,sudden,nasal,dry,elder,tiny,slow,big,friendly
7703,slash,strong,indirect,sudden,nasal,dry,elder,tiny,slow,big,deadpan
7704,slash,strong,indirect,sudden,nasal,dry,elder,tiny,slow,big,menacing
7705,slash,strong,indirect,sudden,nasal,dry,elder,tiny,steady,hushed,friendly
7706,slash,strong,indirect,sudden,nasal,dry,elder,tiny,steady,hushed,deadpan
7707,slash,strong,indirect,sudden,nasal,dry,elder,tiny,steady,hushed,menacing
7708,slash,strong,indirect,sudden,nasal,dry,elder,tiny,steady,medium,friendly
7709,slash,strong,indirect,sudden,nasal,dry,elder,tiny,steady,medium,deadpan
7710,slash,strong,indirect,sudden,nasal,dry,elder,tiny,steady,medium,menacing
7711,slash,strong,indirect,sudden,nasal,dry,elder,tiny,steady,big,friendly
7712,slash,strong,indirect,sudden,nasal,dry,elder,tiny,steady,big,deadpan
7713,slash,strong,indirect,sudden,nasal,dry,elder,tiny,steady,big,menacing
7714,slash,strong,indirect,sudden,nasal,dry,elder,tiny,rapid,hushed,friendly
7715,slash,strong,indirect,sudden,nasal,dry,elder,tiny,rapid,hushed,deadpan
7716,slash,strong,indirect,sudden,nasal,dry,elder,tiny,rapid,hushed,menacing
7717,slash,strong,indirect,sudden,nasal,dry,elder,tiny,rapid,medium,friendly
7718,slash,strong,indirect,sudden,nasal,dry,elder,tiny,rapid,medium,deadpan
7719,slash,strong,indirect,sudden,nasal,dry,elder,tiny,rapid,medium,menacing
7720,slash,strong,indirect,sudden,nasal,dry,elder,tiny,rapid,big,friendly
7721,slash,strong,indirect,sudden,nasal,dry,elder,tiny,rapid,big,deadpan
7722,slash,strong,indirect,sudden,nasal,dry,elder,tiny,rapid,big,menacing
7723,slash,strong,indirect,sudden,nasal,dry,elder,medium,slow,hushed,friendly
7724,slash,strong,indirect,sudden,nasal,dry,elder,medium,slow,hushed,deadpan
7725,slash,strong,indirect,sudden,nasal,dry,elder,medium,slow,hushed,menacing
7726,slash,strong,indirect,sudden,nasal,dry,elder,medium,slow,medium,friendly
7727,slash,strong,indirect,sudden,nasal,dry,elder,medium,slow,medium,deadpan
7728,slash,strong,indirect,sudden,nasal,dry,elder,medium,slow,medium,menacing
7729,slash,strong,indirect,sudden,nasal,dry,elder,medium,slow,big,friendly
7730,slash,strong,indirect,sudden,nasal,dry,elder,medium,slow,big,deadpan
7731,slash,strong,indirect,sudden,nasal,dry,elder,medium,slow,big,menacing
7732,slash,strong,indirect,sudden,nasal,dry,elder,medium,steady,hushed,friendly
7733,slash,strong,indirect,sudden,nasal,dry,elder,medium,steady,hushed,deadpan
7734,slash,strong,indirect,sudden,nasal,dry,elder,medium,steady,hushed,menacing
7735,slash,strong,indirect,sudden,nasal,dry,elder,medium,steady,medium,friendly
7736,slash,strong,indirect,sudden,nasal,dry,elder,medium,steady,medium,deadpan
7737,slash,strong,indirect,sudden,nasal,dry,elder,medium,steady,medium,menacing
7738,slash,strong,indirect,sudden,nasal,dry,elder,medium,steady,big,friendly
7739,slash,strong,indirect,sudden,nasal,dry,elder,medium,steady,big,deadpan
7740,slash,strong,indirect,sudden,nasal,dry,elder,medium,steady,big,menacing
7741,slash,strong,indirect,sudden,nasal,dry,elder,medium,rapid,hushed,friendly
7742,slash,strong,indirect,sudden,nasal,dry,elder,medium,rapid,hushed,deadpan
7743,slash,strong,indirect,sudden,nasal,dry,elder,medium,rapid,hushed,menacing
7744,slash,strong,indirect,sudden,nasal,dry,elder,medium,rapid,medium,friendly
7745,slash,strong,indirect,sudden,nasal,dry,elder,medium,rapid,medium,deadpan
7746,slash,strong,indirect,sudden,nasal,dry,elder,medium,rapid,medium,menacing
7747,slash,strong,indirect,sudden,nasal,dry,elder,medium,rapid,big,friendly
7748,slash,strong,indirect,sudden,nasal,dry,elder,medium,rapid,big,deadpan
7749,slash,strong,indirect,sudden,nasal,dry,elder,medium,rapid,big,menacing
7750,slash,strong,indirect,sudden,nasal,dry,elder,huge,slow,hushed,friendly
7751,slash,strong,indirect,sudden,nasal,dry,elder,huge,slow,hushed,deadpan
7752,slash,strong,indirect,sudden,nasal,dry,elder,huge,slow,hushed,menacing
7753,slash,strong,indirect,sudden,nasal,dry,elder,huge,slow,medium,friendly
7754,slash,strong,indirect,sudden,nasal,dry,elder,huge,slow,medium,deadpan
7755,slash,strong,indirect,sudden,nasal,dry,elder,huge,slow,medium,menacing
7756,slash,strong,indirect,sudden,nasal,dry,elder,huge,slow,big,friendly
7757,slash,strong,indirect,sudden,nasal,dry,elder,huge,slow,big,deadpan
7758,slash,strong,indirect,sudden,nasal,dry,elder,huge,slow,big,menacing
7759,slash,strong,indirect,sudden,nasal,dry,elder,huge,steady,hushed,friendly
7760,slash,strong,indirect,sudden,nasal,dry,elder,huge,steady,hushed,deadpan
7761,slash,strong,indirect,sudden,nasal,dry,elder,huge,steady,hushed,menacing
7762,slash,strong,indirect,sudden,nasal,dry,elder,huge,steady,medium,friendly
7763,slash,strong,indirect,sudden,nasal,dry,elder,huge,steady,medium,deadpan
7764,slash,strong,indirect,sudden,nasal,dry,elder,huge,steady,medium,menacing
7765,slash,strong,indirect,sudden,nasal,dry,elder,huge,steady,big,friendly
7766,slash,strong,indirect,sudden,nasal,dry,elder,huge,steady,big,deadpan
7767,slash,strong,indirect,sudden,nasal,dry,elder,huge,steady,big,menacing
7768,slash,strong,indirect,sudden,nasal,dry,elder,huge,rapid,hushed,friendly
7769,slash,strong,indirect,sudden,nasal,dry,elder,huge,rapid,hushed,deadpan
7770,slash,strong,indirect,sudden,nasal,dry,elder,huge,rapid,hushed,menacing
7771,slash,strong,indirect,sudden,nasal,dry,elder,huge,rapid,medium,friendly
7772,slash,strong,indirect,sudden,nasal,dry,elder,huge,rapid,medium,deadpan
7773,slash,strong,indirect,sudden,nasal,dry,elder,huge,rapid,medium,menacing
7774,slash,strong,indirect,sudden,nasal,dry,elder,huge,rapid,big,friendly
7775,slash,strong,indirect,sudden,nasal,dry,elder,huge,rapid,big,deadpan
7776,slash,strong,indirect,sudden,nasal,dry,elder,huge,rapid,big,menacing
7777,slash,strong,indirect,sudden,throaty,breathy,kid-ish,tiny,slow,hushed,friendly
7778,slash,strong,indirect,sudden,throaty,breathy,kid-ish,tiny,slow,hushed,deadpan
7779,slash,strong,indirect,sudden,throaty,breathy,kid-ish,tiny,slow,hushed,menacing
7780,slash,strong,indirect,sudden,throaty,breathy,kid-ish,tiny,slow,medium,friendly
7781,slash,strong,indirect,sudden,throaty,breathy,kid-ish,tiny,slow,medium,deadpan
7782,slash,strong,indirect,sudden,throaty,breathy,kid-ish,tiny,slow,medium,menacing
7783,slash,strong,indirect,sudden,throaty,breathy,kid-ish,tiny,slow,big,friendly
7784,slash,strong,indirect,sudden,throaty,breathy,kid-ish,tiny,slow,big,deadpan
7785,slash,strong,indirect,sudden,throaty,breathy,kid-ish,tiny,slow,big,menacing
7786,slash,strong,indirect,sudden,throaty,breathy,kid-ish,tiny,steady,hushed,friendly
7787,slash,strong,indirect,sudden,throaty,breathy,kid-ish,tiny,steady,hushed,deadpan
7788,slash,strong,indirect,sudden,throaty,breathy,kid-ish,tiny,steady,hushed,menacing
7789,slash,strong,indirect,sudden,throaty,breathy,kid-ish,tiny,steady,medium,friendly
7790,slash,strong,indirect,sudden,throaty,breathy,kid-ish,tiny,steady,medium,deadpan
7791,slash,strong,indirect,sudden,throaty,breathy,kid-ish,tiny,steady,medium,menacing
7792,slash,strong,indirect,sudden,throaty,breathy,kid-ish,tiny,steady,big,friendly
7793,slash,strong,indirect,sudden,throaty,breathy,kid-ish,tiny,steady,big,deadpan
7794,slash,strong,indirect,sudden,throaty,breathy,kid-ish,tiny,steady,big,menacing
7795,slash,strong,indirect,sudden,throaty,breathy,kid-ish,tiny,rapid,hushed,friendly
7796,slash,strong,indirect,sudden,throaty,breathy,kid-ish,tiny,rapid,hushed,deadpan
7797,slash,strong,indirect,sudden,throaty,breathy,kid-ish,tiny,rapid,hushed,menacing
7798,slash,strong,indirect,sudden,throaty,breathy,kid-ish,tiny,rapid,medium,friendly
7799,slash,strong,indirect,sudden,throaty,breathy,kid-ish,tiny,rapid,medium,deadpan
7800,slash,strong,indirect,sudden,throaty,breathy,kid-ish,tiny,rapid,medium,menacing
7801,slash,strong,indirect,sudden,throaty,breathy,kid-ish,tiny,rapid,big,friendly
7802,slash,strong,indirect,sudden,throaty,breathy,kid-ish,tiny,rapid,big,deadpan
7803,slash,strong,indirect,sudden,throaty,breathy,kid-ish,tiny,rapid,big,menacing
7804,slash,strong,indirect,sudden,throaty,breathy,kid-ish,medium,slow,hushed,friendly
7805,slash,strong,indirect,sudden,throaty,breathy,kid-ish,medium,slow,hushed,deadpan
7806,slash,strong,indirect,sudden,throaty,breathy,kid-ish,medium,slow,hushed,menacing
7807,slash,strong,indirect,sudden,throaty,breathy,kid-ish,medium,slow,medium,friendly
7808,slash,strong,indirect,sudden,throaty,breathy,kid-ish,medium,slow,medium,deadpan
7809,slash,strong,indirect,sudden,throaty,breathy,kid-ish,medium,slow,medium,menacing
7810,slash,strong,indirect,sudden,throaty,breathy,kid-ish,medium,slow,big,friendly
7811,slash,strong,indirect,sudden,throaty,breathy,kid-ish,medium,slow,big,deadpan
7812,slash,strong,indirect,sudden,throaty,breathy,kid-ish,medium,slow,big,menacing
7813,slash,strong,indirect,sudden,throaty,breathy,kid-ish,medium,steady,hushed,friendly
7814,slash,strong,indirect,sudden,throaty,breathy,kid-ish,medium,steady,hushed,deadpan
7815,slash,strong,indirect,sudden,throaty,breathy,kid-ish,medium,steady,hushed,menacing
7816,slash,strong,indirect,sudden,throaty,breathy,kid-ish,medium,steady,medium,friendly
7817,slash,strong,indirect,sudden,throaty,breathy,kid-ish,medium,steady,medium,deadpan
7818,slash,strong,indirect,sudden,throaty,breathy,kid-ish,medium,steady,medium,menacing
7819,slash,strong,indirect,sudden,throaty,breathy,kid-ish,medium,steady,big,friendly
7820,slash,strong,indirect,sudden,throaty,breathy,kid-ish,medium,steady,big,deadpan
7821,slash,strong,indirect,sudden,throaty,breathy,kid-ish,medium,steady,big,menacing
7822,slash,strong,indirect,sudden,throaty,breathy,kid-ish,medium,rapid,hushed,friendly
7823,slash,strong,indirect,sudden,throaty,breathy,kid-ish,medium,rapid,hushed,deadpan
7824,slash,strong,indirect,sudden,throaty,breathy,kid-ish,medium,rapid,hushed,menacing
7825,slash,strong,indirect,sudden,throaty,breathy,kid-ish,medium,rapid,medium,friendly
7826,slash,strong,indirect,sudden,throaty,breathy,kid-ish,medium,rapid,medium,deadpan
7827,slash,strong,indirect,sudden,throaty,breathy,kid-ish,medium,rapid,medium,menacing
7828,slash,strong,indirect,sudden,throaty,breathy,kid-ish,medium,rapid,big,friendly
7829,slash,strong,indirect,sudden,throaty,breathy,kid-ish,medium,rapid,big,deadpan
7830,slash,strong,indirect,sudden,throaty,breathy,kid-ish,medium,rapid,big,menacing
7831,slash,strong,indirect,sudden,throaty,breathy,kid-ish,huge,slow,hushed,friendly
7832,slash,strong,indirect,sudden,throaty,breathy,kid-ish,huge,slow,hushed,deadpan
7833,slash,strong,indirect,sudden,throaty,breathy,kid-ish,huge,slow,hushed,menacing
7834,slash,strong,indirect,sudden,throaty,breathy,kid-ish,huge,slow,medium,friendly
7835,slash,strong,indirect,sudden,throaty,breathy,kid-ish,huge,slow,medium,deadpan
7836,slash,strong,indirect,sudden,throaty,breathy,kid-ish,huge,slow,medium,menacing
7837,slash,strong,indirect,sudden,throaty,breathy,kid-ish,huge,slow,big,friendly
7838,slash,strong,indirect,sudden,throaty,breathy,kid-ish,huge,slow,big,deadpan
7839,slash,strong,indirect,sudden,throaty,breathy,kid-ish,huge,slow,big,menacing
7840,slash,strong,indirect,sudden,throaty,breathy,kid-ish,huge,steady,hushed,friendly
7841,slash,strong,indirect,sudden,throaty,breathy,kid-ish,huge,steady,hushed,deadpan
7842,slash,strong,indirect,sudden,throaty,breathy,kid-ish,huge,steady,hushed,menacing
7843,slash,strong,indirect,sudden,throaty,breathy,kid-ish,huge,steady,medium,friendly
7844,slash,strong,indirect,sudden,throaty,breathy,kid-ish,huge,steady,medium,deadpan
7845,slash,strong,indirect,sudden,throaty,breathy,kid-ish,huge,steady,medium,menacing
7846,slash,strong,indirect,sudden,throaty,breathy,kid-ish,huge,steady,big,friendly
7847,slash,strong,indirect,sudden,throaty,breathy,kid-ish,huge,steady,big,deadpan
7848,slash,strong,indirect,sudden,throaty,breathy,kid-ish,huge,steady,big,menacing
7849,slash,strong,indirect,sudden,throaty,breathy,kid-ish,huge,rapid,hushed,friendly
7850,slash,strong,indirect,sudden,throaty,breathy,kid-ish,huge,rapid,hushed,deadpan
7851,slash,strong,indirect,sudden,throaty,breathy,kid-ish,huge,rapid,hushed,menacing
7852,slash,strong,indirect,sudden,throaty,breathy,kid-ish,huge,rapid,medium,friendly
7853,slash,strong,indirect,sudden,throaty,breathy,kid-ish,huge,rapid,medium,deadpan
7854,slash,strong,indirect,sudden,throaty,breathy,kid-ish,huge,rapid,medium,menacing
7855,slash,strong,indirect,sudden,throaty,breathy,kid-ish,huge,rapid,big,friendly
7856,slash,strong,indirect,sudden,throaty,breathy,kid-ish,huge,rapid,big,deadpan
7857,slash,strong,indirect,sudden,throaty,breathy,kid-ish,huge,rapid,big,menacing
7858,slash,strong,indirect,sudden,throaty,breathy,adult,tiny,slow,hushed,friendly
7859,slash,strong,indirect,sudden,throaty,breathy,adult,tiny,slow,hushed,deadpan
7860,slash,strong,indirect,sudden,throaty,breathy,adult,tiny,slow,hushed,menacing
7861,slash,strong,indirect,sudden,throaty,breathy,adult,tiny,slow,medium,friendly
7862,slash,strong,indirect,sudden,throaty,breathy,adult,tiny,slow,medium,deadpan
7863,slash,strong,indirect,sudden,throaty,breathy,adult,tiny,slow,medium,menacing
7864,slash,strong,indirect,sudden,throaty,breathy,adult,tiny,slow,big,friendly
7865,slash,strong,indirect,sudden,throaty,breathy,adult,tiny,slow,big,deadpan
7866,slash,strong,indirect,sudden,throaty,breathy,adult,tiny,slow,big,menacing
7867,slash,strong,indirect,sudden,throaty,breathy,adult,tiny,steady,hushed,friendly
7868,slash,strong,indirect,sudden,throaty,breathy,adult,tiny,steady,hushed,deadpan
7869,slash,strong,indirect,sudden,throaty,breathy,adult,tiny,steady,hushed,menacing
7870,slash,strong,indirect,sudden,throaty,breathy,adult,tiny,steady,medium,friendly
7871,slash,strong,indirect,sudden,throaty,breathy,adult,tiny,steady,medium,deadpan
7872,slash,strong,indirect,sudden,throaty,breathy,adult,tiny,steady,medium,menacing
7873,slash,strong,indirect,sudden,throaty,breathy,adult,tiny,steady,big,friendly
7874,slash,strong,indirect,sudden,throaty,breathy,adult,tiny,steady,big,deadpan
7875,slash,strong,indirect,sudden,throaty,breathy,adult,tiny,steady,big,menacing
7876,slash,strong,indirect,sudden,throaty,breathy,adult,tiny,rapid,hushed,friendly
7877,slash,strong,indirect,sudden,throaty,breathy,adult,tiny,rapid,hushed,deadpan
7878,slash,strong,indirect,sudden,throaty,breathy,adult,tiny,rapid,hushed,menacing
7879,slash,strong,indirect,sudden,throaty,breathy,adult,tiny,rapid,medium,friendly
7880,slash,strong,indirect,sudden,throaty,breathy,adult,tiny,rapid,medium,deadpan
7881,slash,strong,indirect,sudden,throaty,breathy,adult,tiny,rapid,medium,menacing
7882,slash,strong,indirect,sudden,throaty,breathy,adult,tiny,rapid,big,friendly
7883,slash,strong,indirect,sudden,throaty,breathy,adult,tiny,rapid,big,deadpan
7884,slash,strong,indirect,sudden,throaty,breathy,adult,tiny,rapid,big,menacing
7885,slash,strong,indirect,sudden,throaty,breathy,adult,medium,slow,hushed,friendly
7886,slash,strong,indirect,sudden,throaty,breathy,adult,medium,slow,hushed,deadpan
7887,slash,strong,indirect,sudden,throaty,breathy,adult,medium,slow,hushed,menacing
7888,slash,strong,indirect,sudden,throaty,breathy,adult,medium,slow,medium,friendly
7889,slash,strong,indirect,sudden,throaty,breathy,adult,medium,slow,medium,deadpan
7890,slash,strong,indirect,sudden,throaty,breathy,adult,medium,slow,medium,menacing
7891,slash,strong,indirect,sudden,throaty,breathy,adult,medium,slow,big,friendly
7892,slash,strong,indirect,sudden,throaty,breathy,adult,medium,slow,big,deadpan
7893,slash,strong,indirect,sudden,throaty,breathy,adult,medium,slow,big,menacing
7894,slash,strong,indirect,sudden,throaty,breathy,adult,medium,steady,hushed,friendly
7895,slash,strong,indirect,sudden,throaty,breathy,adult,medium,steady,hushed,deadpan
7896,slash,strong,indirect,sudden,throaty,breathy,adult,medium,steady,hushed,menacing
7897,slash,strong,indirect,sudden,throaty,breathy,adult,medium,steady,medium,friendly
7898,slash,strong,indirect,sudden,throaty,breathy,adult,medium,steady,medium,deadpan
7899,slash,strong,indirect,sudden,throaty,breathy,adult,medium,steady,medium,menacing
7900,slash,strong,indirect,sudden,throaty,breathy,adult,medium,steady,big,friendly
7901,slash,strong,indirect,sudden,throaty,breathy,adult,medium,steady,big,deadpan
7902,slash,strong,indirect,sudden,throaty,breathy,adult,medium,steady,big,menacing
7903,slash,strong,indirect,sudden,throaty,breathy,adult,medium,rapid,hushed,friendly
7904,slash,strong,indirect,sudden,throaty,breathy,adult,medium,rapid,hushed,deadpan
7905,slash,strong,indirect,sudden,throaty,breathy,adult,medium,rapid,hushed,menacing
7906,slash,strong,indirect,sudden,throaty,breathy,adult,medium,rapid,medium,friendly
7907,slash,strong,indirect,sudden,throaty,breathy,adult,medium,rapid,medium,deadpan
7908,slash,strong,indirect,sudden,throaty,breathy,adult,medium,rapid,medium,menacing
7909,slash,strong,indirect,sudden,throaty,breathy,adult,medium,rapid,big,friendly
7910,slash,strong,indirect,sudden,throaty,breathy,adult,medium,rapid,big,deadpan
7911,slash,strong,indirect,sudden,throaty,breathy,adult,medium,rapid,big,menacing
7912,slash,strong,indirect,sudden,throaty,breathy,adult,huge,slow,hushed,friendly
7913,slash,strong,indirect,sudden,throaty,breathy,adult,huge,slow,hushed,deadpan
7914,slash,strong,indirect,sudden,throaty,breathy,adult,huge,slow,hushed,menacing
7915,slash,strong,indirect,sudden,throaty,breathy,adult,huge,slow,medium,friendly
7916,slash,strong,indirect,sudden,throaty,breathy,adult,huge,slow,medium,deadpan
7917,slash,strong,indirect,sudden,throaty,breathy,adult,huge,slow,medium,menacing
7918,slash,strong,indirect,sudden,throaty,breathy,adult,huge,slow,big,friendly
7919,slash,strong,indirect,sudden,throaty,breathy,adult,huge,slow,big,deadpan
7920,slash,strong,indirect,sudden,throaty,breathy,adult,huge,slow,big,menacing
7921,slash,strong,indirect,sudden,throaty,breathy,adult,huge,steady,hushed,friendly
7922,slash,strong,indirect,sudden,throaty,breathy,adult,huge,steady,hushed,deadpan
7923,slash,strong,indirect,sudden,throaty,breathy,adult,huge,steady,hushed,menacing
7924,slash,strong,indirect,sudden,throaty,breathy,adult,huge,steady,medium,friendly
7925,slash,strong,indirect,sudden,throaty,breathy,adult,huge,steady,medium,deadpan
7926,slash,strong,indirect,sudden,throaty,breathy,adult,huge,steady,medium,menacing
7927,slash,strong,indirect,sudden,throaty,breathy,adult,huge,steady,big,friendly
7928,slash,strong,indirect,sudden,throaty,breathy,adult,huge,steady,big,deadpan
7929,slash,strong,indirect,sudden,throaty,breathy,adult,huge,steady,big,menacing
7930,slash,strong,indirect,sudden,throaty,breathy,adult,huge,rapid,hushed,friendly
7931,slash,strong,indirect,sudden,throaty,breathy,adult,huge,rapid,hushed,deadpan
7932,slash,strong,indirect,sudden,throaty,breathy,adult,huge,rapid,hushed,menacing
7933,slash,strong,indirect,sudden,throaty,breathy,adult,huge,rapid,medium,friendly
7934,slash,strong,indirect,sudden,throaty,breathy,adult,huge,rapid,medium,deadpan
7935,slash,strong,indirect,sudden,throaty,breathy,adult,huge,rapid,medium,menacing
7936,slash,strong,indirect,sudden,throaty,breathy,adult,huge,rapid,big,friendly
7937,slash,strong,indirect,sudden,throaty,breathy,adult,huge,rapid,big,deadpan
7938,slash,strong,indirect,sudden,throaty,breathy,adult,huge,rapid,big,menacing
7939,slash,strong,indirect,sudden,throaty,breathy,elder,tiny,slow,hushed,friendly
7940,slash,strong,indirect,sudden,throaty,breathy,elder,tiny,slow,hushed,deadpan
7941,slash,strong,indirect,sudden,throaty,breathy,elder,tiny,slow,hushed,menacing
7942,slash,strong,indirect,sudden,throaty,breathy,elder,tiny,slow,medium,friendly
7943,slash,strong,indirect,sudden,throaty,breathy,elder,tiny,slow,medium,deadpan
7944,slash,strong,indirect,sudden,throaty,breathy,elder,tiny,slow,medium,menacing
7945,slash,strong,indirect,sudden,throaty,breathy,elder,tiny,slow,big,friendly
7946,slash,strong,indirect,sudden,throaty,breathy,elder,tiny,slow,big,deadpan
7947,slash,strong,indirect,sudden,throaty,breathy,elder,tiny,slow,big,menacing
7948,slash,strong,indirect,sudden,throaty,breathy,elder,tiny,steady,hushed,friendly
7949,slash,strong,indirect,sudden,throaty,breathy,elder,tiny,steady,hushed,deadpan
7950,slash,strong,indirect,sudden,throaty,breathy,elder,tiny,steady,hushed,menacing
7951,slash,strong,indirect,sudden,throaty,breathy,elder,tiny,steady,medium,friendly
7952,slash,strong,indirect,sudden,throaty,breathy,elder,tiny,steady,medium,deadpan
7953,slash,strong,indirect,sudden,throaty,breathy,elder,tiny,steady,medium,menacing
7954,slash,strong,indirect,sudden,throaty,breathy,elder,tiny,steady,big,friendly
7955,slash,strong,indirect,sudden,throaty,breathy,elder,tiny,steady,big,deadpan
7956,slash,strong,indirect,sudden,throaty,breathy,elder,tiny,steady,big,menacing
7957,slash,strong,indirect,sudden,throaty,breathy,elder,tiny,rapid,hushed,friendly
7958,slash,strong,indirect,sudden,throaty,breathy,elder,tiny,rapid,hushed,deadpan
7959,slash,strong,indirect,sudden,throaty,breathy,elder,tiny,rapid,hushed,menacing
7960,slash,strong,indirect,sudden,throaty,breathy,elder,tiny,rapid,medium,friendly
7961,slash,strong,indirect,sudden,throaty,breathy,elder,tiny,rapid,medium,deadpan
7962,slash,strong,indirect,sudden,throaty,breathy,elder,tiny,rapid,medium,menacing
7963,slash,strong,indirect,sudden,throaty,breathy,elder,tiny,rapid,big,friendly
7964,slash,strong,indirect,sudden,throaty,breathy,elder,tiny,rapid,big,deadpan
7965,slash,strong,indirect,sudden,throaty,breathy,elder,tiny,rapid,big,menacing
7966,slash,strong,indirect,sudden,throaty,breathy,elder,medium,slow,hushed,friendly
7967,slash,strong,indirect,sudden,throaty,breathy,elder,medium,slow,hushed,deadpan
7968,slash,strong,indirect,sudden,throaty,breathy,elder,medium,slow,hushed,menacing
7969,slash,strong,indirect,sudden,throaty,breathy,elder,medium,slow,medium,friendly
7970,slash,strong,indirect,sudden,throaty,breathy,elder,medium,slow,medium,deadpan
7971,slash,strong,indirect,sudden,throaty,breathy,elder,medium,slow,medium,menacing
7972,slash,strong,indirect,sudden,throaty,breathy,elder,medium,slow,big,friendly
7973,slash,strong,indirect,sudden,throaty,breathy,elder,medium,slow,big,deadpan
7974,slash,strong,indirect,sudden,throaty,breathy,elder,medium,slow,big,menacing
7975,slash,strong,indirect,sudden,throaty,breathy,elder,medium,steady,hushed,friendly
7976,slash,strong,indirect,sudden,throaty,breathy,elder,medium,steady,hushed,deadpan
7977,slash,strong,indirect,sudden,throaty,breathy,elder,medium,steady,hushed,menacing
7978,slash,strong,indirect,sudden,throaty,breathy,elder,medium,steady,medium,friendly
7979,slash,strong,indirect,sudden,throaty,breathy,elder,medium,steady,medium,deadpan
7980,slash,strong,indirect,sudden,throaty,breathy,elder,medium,steady,medium,menacing
7981,slash,strong,indirect,sudden,throaty,breathy,elder,medium,steady,big,friendly
7982,slash,strong,indirect,sudden,throaty,breathy,elder,medium,steady,big,deadpan
7983,slash,strong,indirect,sudden,throaty,breathy,elder,medium,steady,big,menacing
7984,slash,strong,indirect,sudden,throaty,breathy,elder,medium,rapid,hushed,friendly
7985,slash,strong,indirect,sudden,throaty,breathy,elder,medium,rapid,hushed,deadpan
7986,slash,strong,indirect,sudden,throaty,breathy,elder,medium,rapid,hushed,menacing
7987,slash,strong,indirect,sudden,throaty,breathy,elder,medium,rapid,medium,friendly
7988,slash,strong,indirect,sudden,throaty,breathy,elder,medium,rapid,medium,deadpan
7989,slash,strong,indirect,sudden,throaty,breathy,elder,medium,rapid,medium,menacing
7990,slash,strong,indirect,sudden,throaty,breathy,elder,medium,rapid,big,friendly
7991,slash,strong,indirect,sudden,throaty,breathy,elder,medium,rapid,big,deadpan
7992,slash,strong,indirect,sudden,throaty,breathy,elder,medium,rapid,big,menacing
7993,slash,strong,indirect,sudden,throaty,breathy,elder,huge,slow,hushed,friendly
7994,slash,strong,indirect,sudden,throaty,breathy,elder,huge,slow,hushed,deadpan
7995,slash,strong,indirect,sudden,throaty,breathy,elder,huge,slow,hushed,menacing
7996,slash,strong,indirect,sudden,throaty,breathy,elder,huge,slow,medium,friendly
7997,slash,strong,indirect,sudden,throaty,breathy,elder,huge,slow,medium,deadpan
7998,slash,strong,indirect,sudden,throaty,breathy,elder,huge,slow,medium,menacing
7999,slash,strong,indirect,sudden,throaty,breathy,elder,huge,slow,big,friendly
8000,slash,strong,indirect,sudden,throaty,breathy,elder,huge,slow,big,deadpan
8001,slash,strong,indirect,sudden,throaty,breathy,elder,huge,slow,big,menacing
8002,slash,strong,indirect,sudden,throaty,breathy,elder,huge,steady,hushed,friendly
8003,slash,strong,indirect,sudden,throaty,breathy,elder,huge,steady,hushed,deadpan
8004,slash,strong,indirect,sudden,throaty,breathy,elder,huge,steady,hushed,menacing
8005,slash,strong,indirect,sudden,throaty,breathy,elder,huge,steady,medium,friendly
8006,slash,strong,indirect,sudden,throaty,breathy,elder,huge,steady,medium,deadpan
8007,slash,strong,indirect,sudden,throaty,breathy,elder,huge,steady,medium,menacing
8008,slash,strong,indirect,sudden,throaty,breathy,elder,huge,steady,big,friendly
8009,slash,strong,indirect,sudden,throaty,breathy,elder,huge,steady,big,deadpan
8010,slash,strong,indirect,sudden,throaty,breathy,elder,huge,steady,big,menacing
8011,slash,strong,indirect,sudden,throaty,breathy,elder,huge,rapid,hushed,friendly
8012,slash,strong,indirect,sudden,throaty,breathy,elder,huge,rapid,hushed,deadpan
8013,slash,strong,indirect,sudden,throaty,breathy,elder,huge,rapid,hushed,menacing
8014,slash,strong,indirect,sudden,throaty,breathy,elder,huge,rapid,medium,friendly
8015,slash,strong,indirect,sudden,throaty,breathy,elder,huge,rapid,medium,deadpan
8016,slash,strong,indirect,sudden,throaty,breathy,elder,huge,rapid,medium,menacing
8017,slash,strong,indirect,sudden,throaty,breathy,elder,huge,rapid,big,friendly
8018,slash,strong,indirect,sudden,throaty,breathy,elder,huge,rapid,big,deadpan
8019,slash,strong,indirect,sudden,throaty,breathy,elder,huge,rapid,big,menacing
8020,slash,strong,indirect,sudden,throaty,dry,kid-ish,tiny,slow,hushed,friendly
8021,slash,strong,indirect,sudden,throaty,dry,kid-ish,tiny,slow,hushed,deadpan
8022,slash,strong,indirect,sudden,throaty,dry,kid-ish,tiny,slow,hushed,menacing
8023,slash,strong,indirect,sudden,throaty,dry,kid-ish,tiny,slow,medium,friendly
8024,slash,strong,indirect,sudden,throaty,dry,kid-ish,tiny,slow,medium,deadpan
8025,slash,strong,indirect,sudden,throaty,dry,kid-ish,tiny,slow,medium,menacing
8026,slash,strong,indirect,sudden,throaty,dry,kid-ish,tiny,slow,big,friendly
8027,slash,strong,indirect,sudden,throaty,dry,kid-ish,tiny,slow,big,deadpan
8028,slash,strong,indirect,sudden,throaty,dry,kid-ish,tiny,slow,big,menacing
8029,slash,strong,indirect,sudden,throaty,dry,kid-ish,tiny,steady,hushed,friendly
8030,slash,strong,indirect,sudden,throaty,dry,kid-ish,tiny,steady,hushed,deadpan
8031,slash,strong,indirect,sudden,throaty,dry,kid-ish,tiny,steady,hushed,menacing
8032,slash,strong,indirect,sudden,throaty,dry,kid-ish,tiny,steady,medium,friendly
8033,slash,strong,indirect,sudden,throaty,dry,kid-ish,tiny,steady,medium,deadpan
8034,slash,strong,indirect,sudden,throaty,dry,kid-ish,tiny,steady,medium,menacing
8035,slash,strong,indirect,sudden,throaty,dry,kid-ish,tiny,steady,big,friendly
8036,slash,strong,indirect,sudden,throaty,dry,kid-ish,tiny,steady,big,deadpan
8037,slash,strong,indirect,sudden,throaty,dry,kid-ish,tiny,steady,big,menacing
8038,slash,strong,indirect,sudden,throaty,dry,kid-ish,tiny,rapid,hushed,friendly
8039,slash,strong,indirect,sudden,throaty,dry,kid-ish,tiny,rapid,hushed,deadpan
8040,slash,strong,indirect,sudden,throaty,dry,kid-ish,tiny,rapid,hushed,menacing
8041,slash,strong,indirect,sudden,throaty,dry,kid-ish,tiny,rapid,medium,friendly
8042,slash,strong,indirect,sudden,throaty,dry,kid-ish,tiny,rapid,medium,deadpan
8043,slash,strong,indirect,sudden,throaty,dry,kid-ish,tiny,rapid,medium,menacing
8044,slash,strong,indirect,sudden,throaty,dry,kid-ish,tiny,rapid,big,friendly
8045,slash,strong,indirect,sudden,throaty,dry,kid-ish,tiny,rapid,big,deadpan
8046,slash,strong,indirect,sudden,throaty,dry,kid-ish,tiny,rapid,big,menacing
8047,slash,strong,indirect,sudden,throaty,dry,kid-ish,medium,slow,hushed,friendly
8048,slash,strong,indirect,sudden,throaty,dry,kid-ish,medium,slow,hushed,deadpan
8049,slash,strong,indirect,sudden,throaty,dry,kid-ish,medium,slow,hushed,menacing
8050,slash,strong,indirect,sudden,throaty,dry,kid-ish,medium,slow,medium,friendly
8051,slash,strong,indirect,sudden,throaty,dry,kid-ish,medium,slow,medium,deadpan
8052,slash,strong,indirect,sudden,throaty,dry,kid-ish,medium,slow,medium,menacing
8053,slash,strong,indirect,sudden,throaty,dry,kid-ish,medium,slow,big,friendly
8054,slash,strong,indirect,sudden,throaty,dry,kid-ish,medium,slow,big,deadpan
8055,slash,strong,indirect,sudden,throaty,dry,kid-ish,medium,slow,big,menacing
8056,slash,strong,indirect,sudden,throaty,dry,kid-ish,medium,steady,hushed,friendly
8057,slash,strong,indirect,sudden,throaty,dry,kid-ish,medium,steady,hushed,deadpan
8058,slash,strong,indirect,sudden,throaty,dry,kid-ish,medium,steady,hushed,menacing
8059,slash,strong,indirect,sudden,throaty,dry,kid-ish,medium,steady,medium,friendly
8060,slash,strong,indirect,sudden,throaty,dry,kid-ish,medium,steady,medium,deadpan
8061,slash,strong,indirect,sudden,throaty,dry,kid-ish,medium,steady,medium,menacing
8062,slash,strong,indirect,sudden,throaty,dry,kid-ish,medium,steady,big,friendly
8063,slash,strong,indirect,sudden,throaty,dry,kid-ish,medium,steady,big,deadpan
8064,slash,strong,indirect,sudden,throaty,dry,kid-ish,medium,steady,big,menacing
8065,slash,strong,indirect,sudden,throaty,dry,kid-ish,medium,rapid,hushed,friendly
8066,slash,strong,indirect,sudden,throaty,dry,kid-ish,medium,rapid,hushed,deadpan
8067,slash,strong,indirect,sudden,throaty,dry,kid-ish,medium,rapid,hushed,menacing
8068,slash,strong,indirect,sudden,throaty,dry,kid-ish,medium,rapid,medium,friendly
8069,slash,strong,indirect,sudden,throaty,dry,kid-ish,medium,rapid,medium,deadpan
8070,slash,strong,indirect,sudden,throaty,dry,kid-ish,medium,rapid,medium,menacing
8071,slash,strong,indirect,sudden,throaty,dry,kid-ish,medium,rapid,big,friendly
8072,slash,strong,indirect,sudden,throaty,dry,kid-ish,medium,rapid,big,deadpan
8073,slash,strong,indirect,sudden,throaty,dry,kid-ish,medium,rapid,big,menacing
8074,slash,strong,indirect,sudden,throaty,dry,kid-ish,huge,slow,hushed,friendly
8075,slash,strong,indirect,sudden,throaty,dry,kid-ish,huge,slow,hushed,deadpan
8076,slash,strong,indirect,sudden,throaty,dry,kid-ish,huge,slow,hushed,menacing
8077,slash,strong,indirect,sudden,throaty,dry,kid-ish,huge,slow,medium,friendly
8078,slash,strong,indirect,sudden,throaty,dry,kid-ish,huge,slow,medium,deadpan
8079,slash,strong,indirect,sudden,throaty,dry,kid-ish,huge,slow,medium,menacing
8080,slash,strong,indirect,sudden,throaty,dry,kid-ish,huge,slow,big,friendly
8081,slash,strong,indirect,sudden,throaty,dry,kid-ish,huge,slow,big,deadpan
8082,slash,strong,indirect,sudden,throaty,dry,kid-ish,huge,slow,big,menacing
8083,slash,strong,indirect,sudden,throaty,dry,kid-ish,huge,steady,hushed,friendly
8084,slash,strong,indirect,sudden,throaty,dry,kid-ish,huge,steady,hushed,deadpan
8085,slash,strong,indirect,sudden,throaty,dry,kid-ish,huge,steady,hushed,menacing
8086,slash,strong,indirect,sudden,throaty,dry,kid-ish,huge,steady,medium,friendly
8087,slash,strong,indirect,sudden,throaty,dry,kid-ish,huge,steady,medium,deadpan
8088,slash,strong,indirect,sudden,throaty,dry,kid-ish,huge,steady,medium,menacing
8089,slash,strong,indirect,sudden,throaty,dry,kid-ish,huge,steady,big,friendly
8090,slash,strong,indirect,sudden,throaty,dry,kid-ish,huge,steady,big,deadpan
8091,slash,strong,indirect,sudden,throaty,dry,kid-ish,huge,steady,big,menacing
8092,slash,strong,indirect,sudden,throaty,dry,kid-ish,huge,rapid,hushed,friendly
8093,slash,strong,indirect,sudden,throaty,dry,kid-ish,huge,rapid,hushed,deadpan
8094,slash,strong,indirect,sudden,throaty,dry,kid-ish,huge,rapid,hushed,menacing
8095,slash,strong,indirect,sudden,throaty,dry,kid-ish,huge,rapid,medium,friendly
8096,slash,strong,indirect,sudden,throaty,dry,kid-ish,huge,rapid,medium,deadpan
8097,slash,strong,indirect,sudden,throaty,dry,kid-ish,huge,rapid,medium,menacing
8098,slash,strong,indirect,sudden,throaty,dry,kid-ish,huge,rapid,big,friendly
8099,slash,strong,indirect,sudden,throaty,dry,kid-ish,huge,rapid,big,deadpan
8100,slash,strong,indirect,sudden,throaty,dry,kid-ish,huge,rapid,big,menacing
8101,slash,strong,indirect,sudden,throaty,dry,adult,tiny,slow,hushed,friendly
8102,slash,strong,indirect,sudden,throaty,dry,adult,tiny,slow,hushed,deadpan
8103,slash,strong,indirect,sudden,throaty,dry,adult,tiny,slow,hushed,menacing
8104,slash,strong,indirect,sudden,throaty,dry,adult,tiny,slow,medium,friendly
8105,slash,strong,indirect,sudden,throaty,dry,adult,tiny,slow,medium,deadpan
8106,slash,strong,indirect,sudden,throaty,dry,adult,tiny,slow,medium,menacing
8107,slash,strong,indirect,sudden,throaty,dry,adult,tiny,slow,big,friendly
8108,slash,strong,indirect,sudden,throaty,dry,adult,tiny,slow,big,deadpan
8109,slash,strong,indirect,sudden,throaty,dry,adult,tiny,slow,big,menacing
8110,slash,strong,indirect,sudden,throaty,dry,adult,tiny,steady,hushed,friendly
8111,slash,strong,indirect,sudden,throaty,dry,adult,tiny,steady,hushed,deadpan
8112,slash,strong,indirect,sudden,throaty,dry,adult,tiny,steady,hushed,menacing
8113,slash,strong,indirect,sudden,throaty,dry,adult,tiny,steady,medium,friendly
8114,slash,strong,indirect,sudden,throaty,dry,adult,tiny,steady,medium,deadpan
8115,slash,strong,indirect,sudden,throaty,dry,adult,tiny,steady,medium,menacing
8116,slash,strong,indirect,sudden,throaty,dry,adult,tiny,steady,big,friendly
8117,slash,strong,indirect,sudden,throaty,dry,adult,tiny,steady,big,deadpan
8118,slash,strong,indirect,sudden,throaty,dry,adult,tiny,steady,big,menacing
8119,slash,strong,indirect,sudden,throaty,dry,adult,tiny,rapid,hushed,friendly
8120,slash,strong,indirect,sudden,throaty,dry,adult,tiny,rapid,hushed,deadpan
8121,slash,strong,indirect,sudden,throaty,dry,adult,tiny,rapid,hushed,menacing
8122,slash,strong,indirect,sudden,throaty,dry,adult,tiny,rapid,medium,friendly
8123,slash,strong,indirect,sudden,throaty,dry,adult,tiny,rapid,medium,deadpan
8124,slash,strong,indirect,sudden,throaty,dry,adult,tiny,rapid,medium,menacing
8125,slash,strong,indirect,sudden,throaty,dry,adult,tiny,rapid,big,friendly
8126,slash,strong,indirect,sudden,throaty,dry,adult,tiny,rapid,big,deadpan
8127,slash,strong,indirect,sudden,throaty,dry,adult,tiny,rapid,big,menacing
8128,slash,strong,indirect,sudden,throaty,dry,adult,medium,slow,hushed,friendly
8129,slash,strong,indirect,sudden,throaty,dry,adult,medium,slow,hushed,deadpan
8130,slash,strong,indirect,sudden,throaty,dry,adult,medium,slow,hushed,menacing
8131,slash,strong,indirect,sudden,throaty,dry,adult,medium,slow,medium,friendly
8132,slash,strong,indirect,sudden,throaty,dry,adult,medium,slow,medium,deadpan
8133,slash,strong,indirect,sudden,throaty,dry,adult,medium,slow,medium,menacing
8134,slash,strong,indirect,sudden,throaty,dry,adult,medium,slow,big,friendly
8135,slash,strong,indirect,sudden,throaty,dry,adult,medium,slow,big,deadpan
8136,slash,strong,indirect,sudden,throaty,dry,adult,medium,slow,big,menacing
8137,slash,strong,indirect,sudden,throaty,dry,adult,medium,steady,hushed,friendly
8138,slash,strong,indirect,sudden,throaty,dry,adult,medium,steady,hushed,deadpan
8139,slash,strong,indirect,sudden,throaty,dry,adult,medium,steady,hushed,menacing
8140,slash,strong,indirect,sudden,throaty,dry,adult,medium,steady,medium,friendly
8141,slash,strong,indirect,sudden,throaty,dry,adult,medium,steady,medium,deadpan
8142,slash,strong,indirect,sudden,throaty,dry,adult,medium,steady,medium,menacing
8143,slash,strong,indirect,sudden,throaty,dry,adult,medium,steady,big,friendly
8144,slash,strong,indirect,sudden,throaty,dry,adult,medium,steady,big,deadpan
8145,slash,strong,indirect,sudden,throaty,dry,adult,medium,steady,big,menacing
8146,slash,strong,indirect,sudden,throaty,dry,adult,medium,rapid,hushed,friendly
8147,slash,strong,indirect,sudden,throaty,dry,adult,medium,rapid,hushed,deadpan
8148,slash,strong,indirect,sudden,throaty,dry,adult,medium,rapid,hushed,menacing
8149,slash,strong,indirect,sudden,throaty,dry,adult,medium,rapid,medium,friendly
8150,slash,strong,indirect,sudden,throaty,dry,adult,medium,rapid,medium,deadpan
8151,slash,strong,indirect,sudden,throaty,dry,adult,medium,rapid,medium,menacing
8152,slash,strong,indirect,sudden,throaty,dry,adult,medium,rapid,big,friendly
8153,slash,strong,indirect,sudden,throaty,dry,adult,medium,rapid,big,deadpan
8154,slash,strong,indirect,sudden,throaty,dry,adult,medium,rapid,big,menacing
8155,slash,strong,indirect,sudden,throaty,dry,adult,huge,slow,hushed,friendly
8156,slash,strong,indirect,sudden,throaty,dry,adult,huge,slow,hushed,deadpan
8157,slash,strong,indirect,sudden,throaty,dry,adult,huge,slow,hushed,menacing
8158,slash,strong,indirect,sudden,throaty,dry,adult,huge,slow,medium,friendly
8159,slash,strong,indirect,sudden,throaty,dry,adult,huge,slow,medium,deadpan
8160,slash,strong,indirect,sudden,throaty,dry,adult,huge,slow,medium,menacing
8161,slash,strong,indirect,sudden,throaty,dry,adult,huge,slow,big,friendly
8162,slash,strong,indirect,sudden,throaty,dry,adult,huge,slow,big,deadpan
8163,slash,strong,indirect,sudden,throaty,dry,adult,huge,slow,big,menacing
8164,slash,strong,indirect,sudden,throaty,dry,adult,huge,steady,hushed,friendly
8165,slash,strong,indirect,sudden,throaty,dry,adult,huge,steady,hushed,deadpan
8166,slash,strong,indirect,sudden,throaty,dry,adult,huge,steady,hushed,menacing
8167,slash,strong,indirect,sudden,throaty,dry,adult,huge,steady,medium,friendly
8168,slash,strong,indirect,sudden,throaty,dry,adult,huge,steady,medium,deadpan
8169,slash,strong,indirect,sudden,throaty,dry,adult,huge,steady,medium,menacing
8170,slash,strong,indirect,sudden,throaty,dry,adult,huge,steady,big,friendly
8171,slash,strong,indirect,sudden,throaty,dry,adult,huge,steady,big,deadpan
8172,slash,strong,indirect,sudden,throaty,dry,adult,huge,steady,big,menacing
8173,slash,strong,indirect,sudden,throaty,dry,adult,huge,rapid,hushed,friendly
8174,slash,strong,indirect,sudden,throaty,dry,adult,huge,rapid,hushed,deadpan
8175,slash,strong,indirect,sudden,throaty,dry,adult,huge,rapid,hushed,menacing
8176,slash,strong,indirect,sudden,throaty,dry,adult,huge,rapid,medium,friendly
8177,slash,strong,indirect,sudden,throaty,dry,adult,huge,rapid,medium,deadpan
8178,slash,strong,indirect,sudden,throaty,dry,adult,huge,rapid,medium,menacing
8179,slash,strong,indirect,sudden,throaty,dry,adult,huge,rapid,big,friendly
8180,slash,strong,indirect,sudden,throaty,dry,adult,huge,rapid,big,deadpan
8181,slash,strong,indirect,sudden,throaty,dry,adult,huge,rapid,big,menacing
8182,slash,strong,indirect,sudden,throaty,dry,elder,tiny,slow,hushed,friendly
8183,slash,strong,indirect,sudden,throaty,dry,elder,tiny,slow,hushed,deadpan
8184,slash,strong,indirect,sudden,throaty,dry,elder,tiny,slow,hushed,menacing
8185,slash,strong,indirect,sudden,throaty,dry,elder,tiny,slow,medium,friendly
8186,slash,strong,indirect,sudden,throaty,dry,elder,tiny,slow,medium,deadpan
8187,slash,strong,indirect,sudden,throaty,dry,elder,tiny,slow,medium,menacing
8188,slash,strong,indirect,sudden,throaty,dry,elder,tiny,slow,big,friendly
8189,slash,strong,indirect,sudden,throaty,dry,elder,tiny,slow,big,deadpan
8190,slash,strong,indirect,sudden,throaty,dry,elder,tiny,slow,big,menacing
8191,slash,strong,indirect,sudden,throaty,dry,elder,tiny,steady,hushed,friendly
8192,slash,strong,indirect,sudden,throaty,dry,elder,tiny,steady,hushed,deadpan
8193,slash,strong,indirect,sudden,throaty,dry,elder,tiny,steady,hushed,menacing
8194,slash,strong,indirect,sudden,throaty,dry,elder,tiny,steady,medium,friendly
8195,slash,strong,indirect,sudden,throaty,dry,elder,tiny,steady,medium,deadpan
8196,slash,strong,indirect,sudden,throaty,dry,elder,tiny,steady,medium,menacing
8197,slash,strong,indirect,sudden,throaty,dry,elder,tiny,steady,big,friendly
8198,slash,strong,indirect,sudden,throaty,dry,elder,tiny,steady,big,deadpan
8199,slash,strong,indirect,sudden,throaty,dry,elder,tiny,steady,big,menacing
8200,slash,strong,indirect,sudden,throaty,dry,elder,tiny,rapid,hushed,friendly
8201,slash,strong,indirect,sudden,throaty,dry,elder,tiny,rapid,hushed,deadpan
8202,slash,strong,indirect,sudden,throaty,dry,elder,tiny,rapid,hushed,menacing
8203,slash,strong,indirect,sudden,throaty,dry,elder,tiny,rapid,medium,friendly
8204,slash,strong,indirect,sudden,throaty,dry,elder,tiny,rapid,medium,deadpan
8205,slash,strong,indirect,sudden,throaty,dry,elder,tiny,rapid,medium,menacing
8206,slash,strong,indirect,sudden,throaty,dry,elder,tiny,rapid,big,friendly
8207,slash,strong,indirect,sudden,throaty,dry,elder,tiny,rapid,big,deadpan
8208,slash,strong,indirect,sudden,throaty,dry,elder,tiny,rapid,big,menacing
8209,slash,strong,indirect,sudden,throaty,dry,elder,medium,slow,hushed,friendly
8210,slash,strong,indirect,sudden,throaty,dry,elder,medium,slow,hushed,deadpan
8211,slash,strong,indirect,sudden,throaty,dry,elder,medium,slow,hushed,menacing
8212,slash,strong,indirect,sudden,throaty,dry,elder,medium,slow,medium,friendly
8213,slash,strong,indirect,sudden,throaty,dry,elder,medium,slow,medium,deadpan
8214,slash,strong,indirect,sudden,throaty,dry,elder,medium,slow,medium,menacing
8215,slash,strong,indirect,sudden,throaty,dry,elder,medium,slow,big,friendly
8216,slash,strong,indirect,sudden,throaty,dry,elder,medium,slow,big,deadpan
8217,slash,strong,indirect,sudden,throaty,dry,elder,medium,slow,big,menacing
8218,slash,strong,indirect,sudden,throaty,dry,elder,medium,steady,hushed,friendly
8219,slash,strong,indirect,sudden,throaty,dry,elder,medium,steady,hushed,deadpan
8220,slash,strong,indirect,sudden,throaty,dry,elder,medium,steady,hushed,menacing
8221,slash,strong,indirect,sudden,throaty,dry,elder,medium,steady,medium,friendly
8222,slash,strong,indirect,sudden,throaty,dry,elder,medium,steady,medium,deadpan
8223,slash,strong,indirect,sudden,throaty,dry,elder,medium,steady,medium,menacing
8224,slash,strong,indirect,sudden,throaty,dry,elder,medium,steady,big,friendly
8225,slash,strong,indirect,sudden,throaty,dry,elder,medium,steady,big,deadpan
8226,slash,strong,indirect,sudden,throaty,dry,elder,medium,steady,big,menacing
8227,slash,strong,indirect,sudden,throaty,dry,elder,medium,rapid,hushed,friendly
8228,slash,strong,indirect,sudden,throaty,dry,elder,medium,rapid,hushed,deadpan
8229,slash,strong,indirect,sudden,throaty,dry,elder,medium,rapid,hushed,menacing
8230,slash,strong,indirect,sudden,throaty,dry,elder,medium,rapid,medium,friendly
8231,slash,strong,indirect,sudden,throaty,dry,elder,medium,rapid,medium,deadpan
8232,slash,strong,indirect,sudden,throaty,dry,elder,medium,rapid,medium,menacing
8233,slash,strong,indirect,sudden,throaty,dry,elder,medium,rapid,big,friendly
8234,slash,strong,indirect,sudden,throaty,dry,elder,medium,rapid,big,deadpan
8235,slash,strong,indirect,sudden,throaty,dry,elder,medium,rapid,big,menacing
8236,slash,strong,indirect,sudden,throaty,dry,elder,huge,slow,hushed,friendly
8237,slash,strong,indirect,sudden,throaty,dry,elder,huge,slow,hushed,deadpan
8238,slash,strong,indirect,sudden,throaty,dry,elder,huge,slow,hushed,menacing
8239,slash,strong,indirect,sudden,throaty,dry,elder,huge,slow,medium,friendly
8240,slash,strong,indirect,sudden,throaty,dry,elder,huge,slow,medium,deadpan
8241,slash,strong,indirect,sudden,throaty,dry,elder,huge,slow,medium,menacing
8242,slash,strong,indirect,sudden,throaty,dry,elder,huge,slow,big,friendly
8243,slash,strong,indirect,sudden,throaty,dry,elder,huge,slow,big,deadpan
8244,slash,strong,indirect,sudden,throaty,dry,elder,huge,slow,big,menacing
8245,slash,strong,indirect,sudden,throaty,dry,elder,huge,steady,hushed,friendly
8246,slash,strong,indirect,sudden,throaty,dry,elder,huge,steady,hushed,deadpan
8247,slash,strong,indirect,sudden,throaty,dry,elder,huge,steady,hushed,menacing
8248,slash,strong,indirect,sudden,throaty,dry,elder,huge,steady,medium,friendly
8249,slash,strong,indirect,sudden,throaty,dry,elder,huge,steady,medium,deadpan
8250,slash,strong,indirect,sudden,throaty,dry,elder,huge,steady,medium,menacing
8251,slash,strong,indirect,sudden,throaty,dry,elder,huge,steady,big,friendly
8252,slash,strong,indirect,sudden,throaty,dry,elder,huge,steady,big,deadpan
8253,slash,strong,indirect,sudden,throaty,dry,elder,huge,steady,big,menacing
8254,slash,strong,indirect,sudden,throaty,dry,elder,huge,rapid,hushed,friendly
8255,slash,strong,indirect,sudden,throaty,dry,elder,huge,rapid,hushed,deadpan
8256,slash,strong,indirect,sudden,throaty,dry,elder,huge,rapid,hushed,menacing
8257,slash,strong,indirect,sudden,throaty,dry,elder,huge,rapid,medium,friendly
8258,slash,strong,indirect,sudden,throaty,dry,elder,huge,rapid,medium,deadpan
8259,slash,strong,indirect,sudden,throaty,dry,elder,huge,rapid,medium,menacing
8260,slash,strong,indirect,sudden,throaty,dry,elder,huge,rapid,big,friendly
8261,slash,strong,indirect,sudden,throaty,dry,elder,huge,rapid,big,deadpan
8262,slash,strong,indirect,sudden,throaty,dry,elder,huge,rapid,big,menacing
8263,slash,strong,indirect,sudden,balanced,breathy,kid-ish,tiny,slow,hushed,friendly
8264,slash,strong,indirect,sudden,balanced,breathy,kid-ish,tiny,slow,hushed,deadpan
8265,slash,strong,indirect,sudden,balanced,breathy,kid-ish,tiny,slow,hushed,menacing
8266,slash,strong,indirect,sudden,balanced,breathy,kid-ish,tiny,slow,medium,friendly
8267,slash,strong,indirect,sudden,balanced,breathy,kid-ish,tiny,slow,medium,deadpan
8268,slash,strong,indirect,sudden,balanced,breathy,kid-ish,tiny,slow,medium,menacing
8269,slash,strong,indirect,sudden,balanced,breathy,kid-ish,tiny,slow,big,friendly
8270,slash,strong,indirect,sudden,balanced,breathy,kid-ish,tiny,slow,big,deadpan
8271,slash,strong,indirect,sudden,balanced,breathy,kid-ish,tiny,slow,big,menacing
8272,slash,strong,indirect,sudden,balanced,breathy,kid-ish,tiny,steady,hushed,friendly
8273,slash,strong,indirect,sudden,balanced,breathy,kid-ish,tiny,steady,hushed,deadpan
8274,slash,strong,indirect,sudden,balanced,breathy,kid-ish,tiny,steady,hushed,menacing
8275,slash,strong,indirect,sudden,balanced,breathy,kid-ish,tiny,steady,medium,friendly
8276,slash,strong,indirect,sudden,balanced,breathy,kid-ish,tiny,steady,medium,deadpan
8277,slash,strong,indirect,sudden,balanced,breathy,kid-ish,tiny,steady,medium,menacing
8278,slash,strong,indirect,sudden,balanced,breathy,kid-ish,tiny,steady,big,friendly
8279,slash,strong,indirect,sudden,balanced,breathy,kid-ish,tiny,steady,big,deadpan
8280,slash,strong,indirect,sudden,balanced,breathy,kid-ish,tiny,steady,big,menacing
8281,slash,strong,indirect,sudden,balanced,breathy,kid-ish,tiny,rapid,hushed,friendly
8282,slash,strong,indirect,sudden,balanced,breathy,kid-ish,tiny,rapid,hushed,deadpan
8283,slash,strong,indirect,sudden,balanced,breathy,kid-ish,tiny,rapid,hushed,menacing
8284,slash,strong,indirect,sudden,balanced,breathy,kid-ish,tiny,rapid,medium,friendly
8285,slash,strong,indirect,sudden,balanced,breathy,kid-ish,tiny,rapid,medium,deadpan
8286,slash,strong,indirect,sudden,balanced,breathy,kid-ish,tiny,rapid,medium,menacing
8287,slash,strong,indirect,sudden,balanced,breathy,kid-ish,tiny,rapid,big,friendly
8288,slash,strong,indirect,sudden,balanced,breathy,kid-ish,tiny,rapid,big,deadpan
8289,slash,strong,indirect,sudden,balanced,breathy,kid-ish,tiny,rapid,big,menacing
8290,slash,strong,indirect,sudden,balanced,breathy,kid-ish,medium,slow,hushed,friendly
8291,slash,strong,indirect,sudden,balanced,breathy,kid-ish,medium,slow,hushed,deadpan
8292,slash,strong,indirect,sudden,balanced,breathy,kid-ish,medium,slow,hushed,menacing
8293,slash,strong,indirect,sudden,balanced,breathy,kid-ish,medium,slow,medium,friendly
8294,slash,strong,indirect,sudden,balanced,breathy,kid-ish,medium,slow,medium,deadpan
8295,slash,strong,indirect,sudden,balanced,breathy,kid-ish,medium,slow,medium,menacing
8296,slash,strong,indirect,sudden,balanced,breathy,kid-ish,medium,slow,big,friendly
8297,slash,strong,indirect,sudden,balanced,breathy,kid-ish,medium,slow,big,deadpan
8298,slash,strong,indirect,sudden,balanced,breathy,kid-ish,medium,slow,big,menacing
8299,slash,strong,indirect,sudden,balanced,breathy,kid-ish,medium,steady,hushed,friendly
8300,slash,strong,indirect,sudden,balanced,breathy,kid-ish,medium,steady,hushed,deadpan
8301,slash,strong,indirect,sudden,balanced,breathy,kid-ish,medium,steady,hushed,menacing
8302,slash,strong,indirect,sudden,balanced,breathy,kid-ish,medium,steady,medium,friendly
8303,slash,strong,indirect,sudden,balanced,breathy,kid-ish,medium,steady,medium,deadpan
8304,slash,strong,indirect,sudden,balanced,breathy,kid-ish,medium,steady,medium,menacing
8305,slash,strong,indirect,sudden,balanced,breathy,kid-ish,medium,steady,big,friendly
8306,slash,strong,indirect,sudden,balanced,breathy,kid-ish,medium,steady,big,deadpan
8307,slash,strong,indirect,sudden,balanced,breathy,kid-ish,medium,steady,big,menacing
8308,slash,strong,indirect,sudden,balanced,breathy,kid-ish,medium,rapid,hushed,friendly
8309,slash,strong,indirect,sudden,balanced,breathy,kid-ish,medium,rapid,hushed,deadpan
8310,slash,strong,indirect,sudden,balanced,breathy,kid-ish,medium,rapid,hushed,menacing
8311,slash,strong,indirect,sudden,balanced,breathy,kid-ish,medium,rapid,medium,friendly
8312,slash,strong,indirect,sudden,balanced,breathy,kid-ish,medium,rapid,medium,deadpan
8313,slash,strong,indirect,sudden,balanced,breathy,kid-ish,medium,rapid,medium,menacing
8314,slash,strong,indirect,sudden,balanced,breathy,kid-ish,medium,rapid,big,friendly
8315,slash,strong,indirect,sudden,balanced,breathy,kid-ish,medium,rapid,big,deadpan
8316,slash,strong,indirect,sudden,balanced,breathy,kid-ish,medium,rapid,big,menacing
8317,slash,strong,indirect,sudden,balanced,breathy,kid-ish,huge,slow,hushed,friendly
8318,slash,strong,indirect,sudden,balanced,breathy,kid-ish,huge,slow,hushed,deadpan
8319,slash,strong,indirect,sudden,balanced,breathy,kid-ish,huge,slow,hushed,menacing
8320,slash,strong,indirect,sudden,balanced,breathy,kid-ish,huge,slow,medium,friendly
8321,slash,strong,indirect,sudden,balanced,breathy,kid-ish,huge,slow,medium,deadpan
8322,slash,strong,indirect,sudden,balanced,breathy,kid-ish,huge,slow,medium,menacing
8323,slash,strong,indirect,sudden,balanced,breathy,kid-ish,huge,slow,big,friendly
8324,slash,strong,indirect,sudden,balanced,breathy,kid-ish,huge,slow,big,deadpan
8325,slash,strong,indirect,sudden,balanced,breathy,kid-ish,huge,slow,big,menacing
8326,slash,strong,indirect,sudden,balanced,breathy,kid-ish,huge,steady,hushed,friendly
8327,slash,strong,indirect,sudden,balanced,breathy,kid-ish,huge,steady,hushed,deadpan
8328,slash,strong,indirect,sudden,balanced,breathy,kid-ish,huge,steady,hushed,menacing
8329,slash,strong,indirect,sudden,balanced,breathy,kid-ish,huge,steady,medium,friendly
8330,slash,strong,indirect,sudden,balanced,breathy,kid-ish,huge,steady,medium,deadpan
8331,slash,strong,indirect,sudden,balanced,breathy,kid-ish,huge,steady,medium,menacing
8332,slash,strong,indirect,sudden,balanced,breathy,kid-ish,huge,steady,big,friendly
8333,slash,strong,indirect,sudden,balanced,breathy,kid-ish,huge,steady,big,deadpan
8334,slash,strong,indirect,sudden,balanced,breathy,kid-ish,huge,steady,big,menacing
8335,slash,strong,indirect,sudden,balanced,breathy,kid-ish,huge,rapid,hushed,friendly
8336,slash,strong,indirect,sudden,balanced,breathy,kid-ish,huge,rapid,hushed,deadpan
8337,slash,strong,indirect,sudden,balanced,breathy,kid-ish,huge,rapid,hushed,menacing
8338,slash,strong,indirect,sudden,balanced,breathy,kid-ish,huge,rapid,medium,friendly
8339,slash,strong,indirect,sudden,balanced,breathy,kid-ish,huge,rapid,medium,deadpan
8340,slash,strong,indirect,sudden,balanced,breathy,kid-ish,huge,rapid,medium,menacing
8341,slash,strong,indirect,sudden,balanced,breathy,kid-ish,huge,rapid,big,friendly
8342,slash,strong,indirect,sudden,balanced,breathy,kid-ish,huge,rapid,big,deadpan
8343,slash,strong,indirect,sudden,balanced,breathy,kid-ish,huge,rapid,big,menacing
8344,slash,strong,indirect,sudden,balanced,breathy,adult,tiny,slow,hushed,friendly
8345,slash,strong,indirect,sudden,balanced,breathy,adult,tiny,slow,hushed,deadpan
8346,slash,strong,indirect,sudden,balanced,breathy,adult,tiny,slow,hushed,menacing
8347,slash,strong,indirect,sudden,balanced,breathy,adult,tiny,slow,medium,friendly
8348,slash,strong,indirect,sudden,balanced,breathy,adult,tiny,slow,medium,deadpan
8349,slash,strong,indirect,sudden,balanced,breathy,adult,tiny,slow,medium,menacing
8350,slash,strong,indirect,sudden,balanced,breathy,adult,tiny,slow,big,friendly
8351,slash,strong,indirect,sudden,balanced,breathy,adult,tiny,slow,big,deadpan
8352,slash,strong,indirect,sudden,balanced,breathy,adult,tiny,slow,big,menacing
8353,slash,strong,indirect,sudden,balanced,breathy,adult,tiny,steady,hushed,friendly
8354,slash,strong,indirect,sudden,balanced,breathy,adult,tiny,steady,hushed,deadpan
8355,slash,strong,indirect,sudden,balanced,breathy,adult,tiny,steady,hushed,menacing
8356,slash,strong,indirect,sudden,balanced,breathy,adult,tiny,steady,medium,friendly
8357,slash,strong,indirect,sudden,balanced,breathy,adult,tiny,steady,medium,deadpan
8358,slash,strong,indirect,sudden,balanced,breathy,adult,tiny,steady,medium,menacing
8359,slash,strong,indirect,sudden,balanced,breathy,adult,tiny,steady,big,friendly
8360,slash,strong,indirect,sudden,balanced,breathy,adult,tiny,steady,big,deadpan
8361,slash,strong,indirect,sudden,balanced,breathy,adult,tiny,steady,big,menacing
8362,slash,strong,indirect,sudden,balanced,breathy,adult,tiny,rapid,hushed,friendly
8363,slash,strong,indirect,sudden,balanced,breathy,adult,tiny,rapid,hushed,deadpan
8364,slash,strong,indirect,sudden,balanced,breathy,adult,tiny,rapid,hushed,menacing
8365,slash,strong,indirect,sudden,balanced,breathy,adult,tiny,rapid,medium,friendly
8366,slash,strong,indirect,sudden,balanced,breathy,adult,tiny,rapid,medium,deadpan
8367,slash,strong,indirect,sudden,balanced,breathy,adult,tiny,rapid,medium,menacing
8368,slash,strong,indirect,sudden,balanced,breathy,adult,tiny,rapid,big,friendly
8369,slash,strong,indirect,sudden,balanced,breathy,adult,tiny,rapid,big,deadpan
8370,slash,strong,indirect,sudden,balanced,breathy,adult,tiny,rapid,big,menacing
8371,slash,strong,indirect,sudden,balanced,breathy,adult,medium,slow,hushed,friendly
8372,slash,strong,indirect,sudden,balanced,breathy,adult,medium,slow,hushed,deadpan
8373,slash,strong,indirect,sudden,balanced,breathy,adult,medium,slow,hushed,menacing
8374,slash,strong,indirect,sudden,balanced,breathy,adult,medium,slow,medium,friendly
8375,slash,strong,indirect,sudden,balanced,breathy,adult,medium,slow,medium,deadpan
8376,slash,strong,indirect,sudden,balanced,breathy,adult,medium,slow,medium,menacing
8377,slash,strong,indirect,sudden,balanced,breathy,adult,medium,slow,big,friendly
8378,slash,strong,indirect,sudden,balanced,breathy,adult,medium,slow,big,deadpan
8379,slash,strong,indirect,sudden,balanced,breathy,adult,medium,slow,big,menacing
8380,slash,strong,indirect,sudden,balanced,breathy,adult,medium,steady,hushed,friendly
8381,slash,strong,indirect,sudden,balanced,breathy,adult,medium,steady,hushed,deadpan
8382,slash,strong,indirect,sudden,balanced,breathy,adult,medium,steady,hushed,menacing
8383,slash,strong,indirect,sudden,balanced,breathy,adult,medium,steady,medium,friendly
8384,slash,strong,indirect,sudden,balanced,breathy,adult,medium,steady,medium,deadpan
8385,slash,strong,indirect,sudden,balanced,breathy,adult,medium,steady,medium,menacing
8386,slash,strong,indirect,sudden,balanced,breathy,adult,medium,steady,big,friendly
8387,slash,strong,indirect,sudden,balanced,breathy,adult,medium,steady,big,deadpan
8388,slash,strong,indirect,sudden,balanced,breathy,adult,medium,steady,big,menacing
8389,slash,strong,indirect,sudden,balanced,breathy,adult,medium,rapid,hushed,friendly
8390,slash,strong,indirect,sudden,balanced,breathy,adult,medium,rapid,hushed,deadpan
8391,slash,strong,indirect,sudden,balanced,breathy,adult,medium,rapid,hushed,menacing
8392,slash,strong,indirect,sudden,balanced,breathy,adult,medium,rapid,medium,friendly
8393,slash,strong,indirect,sudden,balanced,breathy,adult,medium,rapid,medium,deadpan
8394,slash,strong,indirect,sudden,balanced,breathy,adult,medium,rapid,medium,menacing
8395,slash,strong,indirect,sudden,balanced,breathy,adult,medium,rapid,big,friendly
8396,slash,strong,indirect,sudden,balanced,breathy,adult,medium,rapid,big,deadpan
8397,slash,strong,indirect,sudden,balanced,breathy,adult,medium,rapid,big,menacing
8398,slash,strong,indirect,sudden,balanced,breathy,adult,huge,slow,hushed,friendly
8399,slash,strong,indirect,sudden,balanced,breathy,adult,huge,slow,hushed,deadpan
8400,slash,strong,indirect,sudden,balanced,breathy,adult,huge,slow,hushed,menacing
8401,slash,strong,indirect,sudden,balanced,breathy,adult,huge,slow,medium,friendly
8402,slash,strong,indirect,sudden,balanced,breathy,adult,huge,slow,medium,deadpan
8403,slash,strong,indirect,sudden,balanced,breathy,adult,huge,slow,medium,menacing
8404,slash,strong,indirect,sudden,balanced,breathy,adult,huge,slow,big,friendly
8405,slash,strong,indirect,sudden,balanced,breathy,adult,huge,slow,big,deadpan
8406,slash,strong,indirect,sudden,balanced,breathy,adult,huge,slow,big,menacing
8407,slash,strong,indirect,sudden,balanced,breathy,adult,huge,steady,hushed,friendly
8408,slash,strong,indirect,sudden,balanced,breathy,adult,huge,steady,hushed,deadpan
8409,slash,strong,indirect,sudden,balanced,breathy,adult,huge,steady,hushed,menacing
8410,slash,strong,indirect,sudden,balanced,breathy,adult,huge,steady,medium,friendly
8411,slash,strong,indirect,sudden,balanced,breathy,adult,huge,steady,medium,deadpan
8412,slash,strong,indirect,sudden,balanced,breathy,adult,huge,steady,medium,menacing
8413,slash,strong,indirect,sudden,balanced,breathy,adult,huge,steady,big,friendly
8414,slash,strong,indirect,sudden,balanced,breathy,adult,huge,steady,big,deadpan
8415,slash,strong,indirect,sudden,balanced,breathy,adult,huge,steady,big,menacing
8416,slash,strong,indirect,sudden,balanced,breathy,adult,huge,rapid,hushed,friendly
8417,slash,strong,indirect,sudden,balanced,breathy,adult,huge,rapid,hushed,deadpan
8418,slash,strong,indirect,sudden,balanced,breathy,adult,huge,rapid,hushed,menacing
8419,slash,strong,indirect,sudden,balanced,breathy,adult,huge,rapid,medium,friendly
8420,slash,strong,indirect,sudden,balanced,breathy,adult,huge,rapid,medium,deadpan
8421,slash,strong,indirect,sudden,balanced,breathy,adult,huge,rapid,medium,menacing
8422,slash,strong,indirect,sudden,balanced,breathy,adult,huge,rapid,big,friendly
8423,slash,strong,indirect,sudden,balanced,breathy,adult,huge,rapid,big,deadpan
8424,slash,strong,indirect,sudden,balanced,breathy,adult,huge,rapid,big,menacing
8425,slash,strong,indirect,sudden,balanced,breathy,elder,tiny,slow,hushed,friendly
8426,slash,strong,indirect,sudden,balanced,breathy,elder,tiny,slow,hushed,deadpan
8427,slash,strong,indirect,sudden,balanced,breathy,elder,tiny,slow,hushed,menacing
8428,slash,strong,indirect,sudden,balanced,breathy,elder,tiny,slow,medium,friendly
8429,slash,strong,indirect,sudden,balanced,breathy,elder,tiny,slow,medium,deadpan
8430,slash,strong,indirect,sudden,balanced,breathy,elder,tiny,slow,medium,menacing
8431,slash,strong,indirect,sudden,balanced,breathy,elder,tiny,slow,big,friendly
8432,slash,strong,indirect,sudden,balanced,breathy,elder,tiny,slow,big,deadpan
8433,slash,strong,indirect,sudden,balanced,breathy,elder,tiny,slow,big,menacing
8434,slash,strong,indirect,sudden,balanced,breathy,elder,tiny,steady,hushed,friendly
8435,slash,strong,indirect,sudden,balanced,breathy,elder,tiny,steady,hushed,deadpan
8436,slash,strong,indirect,sudden,balanced,breathy,elder,tiny,steady,hushed,menacing
8437,slash,strong,indirect,sudden,balanced,breathy,elder,tiny,steady,medium,friendly
8438,slash,strong,indirect,sudden,balanced,breathy,elder,tiny,steady,medium,deadpan
8439,slash,strong,indirect,sudden,balanced,breathy,elder,tiny,steady,medium,menacing
8440,slash,strong,indirect,sudden,balanced,breathy,elder,tiny,steady,big,friendly
8441,slash,strong,indirect,sudden,balanced,breathy,elder,tiny,steady,big,deadpan
8442,slash,strong,indirect,sudden,balanced,breathy,elder,tiny,steady,big,menacing
8443,slash,strong,indirect,sudden,balanced,breathy,elder,tiny,rapid,hushed,friendly
8444,slash,strong,indirect,sudden,balanced,breathy,elder,tiny,rapid,hushed,deadpan
8445,slash,strong,indirect,sudden,balanced,breathy,elder,tiny,rapid,hushed,menacing
8446,slash,strong,indirect,sudden,balanced,breathy,elder,tiny,rapid,medium,friendly
8447,slash,strong,indirect,sudden,balanced,breathy,elder,tiny,rapid,medium,deadpan
8448,slash,strong,indirect,sudden,balanced,breathy,elder,tiny,rapid,medium,menacing
8449,slash,strong,indirect,sudden,balanced,breathy,elder,tiny,rapid,big,friendly
8450,slash,strong,indirect,sudden,balanced,breathy,elder,tiny,rapid,big,deadpan
8451,slash,strong,indirect,sudden,balanced,breathy,elder,tiny,rapid,big,menacing
8452,slash,strong,indirect,sudden,balanced,breathy,elder,medium,slow,hushed,friendly
8453,slash,strong,indirect,sudden,balanced,breathy,elder,medium,slow,hushed,deadpan
8454,slash,strong,indirect,sudden,balanced,breathy,elder,medium,slow,hushed,menacing
8455,slash,strong,indirect,sudden,balanced,breathy,elder,medium,slow,medium,friendly
8456,slash,strong,indirect,sudden,balanced,breathy,elder,medium,slow,medium,deadpan
8457,slash,strong,indirect,sudden,balanced,breathy,elder,medium,slow,medium,menacing
8458,slash,strong,indirect,sudden,balanced,breathy,elder,medium,slow,big,friendly
8459,slash,strong,indirect,sudden,balanced,breathy,elder,medium,slow,big,deadpan
8460,slash,strong,indirect,sudden,balanced,breathy,elder,medium,slow,big,menacing
8461,slash,strong,indirect,sudden,balanced,breathy,elder,medium,steady,hushed,friendly
8462,slash,strong,indirect,sudden,balanced,breathy,elder,medium,steady,hushed,deadpan
8463,slash,strong,indirect,sudden,balanced,breathy,elder,medium,steady,hushed,menacing
8464,slash,strong,indirect,sudden,balanced,breathy,elder,medium,steady,medium,friendly
8465,slash,strong,indirect,sudden,balanced,breathy,elder,medium,steady,medium,deadpan
8466,slash,strong,indirect,sudden,balanced,breathy,elder,medium,steady,medium,menacing
8467,slash,strong,indirect,sudden,balanced,breathy,elder,medium,steady,big,friendly
8468,slash,strong,indirect,sudden,balanced,breathy,elder,medium,steady,big,deadpan
8469,slash,strong,indirect,sudden,balanced,breathy,elder,medium,steady,big,menacing
8470,slash,strong,indirect,sudden,balanced,breathy,elder,medium,rapid,hushed,friendly
8471,slash,strong,indirect,sudden,balanced,breathy,elder,medium,rapid,hushed,deadpan
8472,slash,strong,indirect,sudden,balanced,breathy,elder,medium,rapid,hushed,menacing
8473,slash,strong,indirect,sudden,balanced,breathy,elder,medium,rapid,medium,friendly
8474,slash,strong,indirect,sudden,balanced,breathy,elder,medium,rapid,medium,deadpan
8475,slash,strong,indirect,sudden,balanced,breathy,elder,medium,rapid,medium,menacing
8476,slash,strong,indirect,sudden,balanced,breathy,elder,medium,rapid,big,friendly
8477,slash,strong,indirect,sudden,balanced,breathy,elder,medium,rapid,big,deadpan
8478,slash,strong,indirect,sudden,balanced,breathy,elder,medium,rapid,big,menacing
8479,slash,strong,indirect,sudden,balanced,breathy,elder,huge,slow,hushed,friendly
8480,slash,strong,indirect,sudden,balanced,breathy,elder,huge,slow,hushed,deadpan
8481,slash,strong,indirect,sudden,balanced,breathy,elder,huge,slow,hushed,menacing
8482,slash,strong,indirect,sudden,balanced,breathy,elder,huge,slow,medium,friendly
8483,slash,strong,indirect,sudden,balanced,breathy,elder,huge,slow,medium,deadpan
8484,slash,strong,indirect,sudden,balanced,breathy,elder,huge,slow,medium,menacing
8485,slash,strong,indirect,sudden,balanced,breathy,elder,huge,slow,big,friendly
8486,slash,strong,indirect,sudden,balanced,breathy,elder,huge,slow,big,deadpan
8487,slash,strong,indirect,sudden,balanced,breathy,elder,huge,slow,big,menacing
8488,slash,strong,indirect,sudden,balanced,breathy,elder,huge,steady,hushed,friendly
8489,slash,strong,indirect,sudden,balanced,breathy,elder,huge,steady,hushed,deadpan
8490,slash,strong,indirect,sudden,balanced,breathy,elder,huge,steady,hushed,menacing
8491,slash,strong,indirect,sudden,balanced,breathy,elder,huge,steady,medium,friendly
8492,slash,strong,indirect,sudden,balanced,breathy,elder,huge,steady,medium,deadpan
8493,slash,strong,indirect,sudden,balanced,breathy,elder,huge,steady,medium,menacing
8494,slash,strong,indirect,sudden,balanced,breathy,elder,huge,steady,big,friendly
8495,slash,strong,indirect,sudden,balanced,breathy,elder,huge,steady,big,deadpan
8496,slash,strong,indirect,sudden,balanced,breathy,elder,huge,steady,big,menacing
8497,slash,strong,indirect,sudden,balanced,breathy,elder,huge,rapid,hushed,friendly
8498,slash,strong,indirect,sudden,balanced,breathy,elder,huge,rapid,hushed,deadpan
8499,slash,strong,indirect,sudden,balanced,breathy,elder,huge,rapid,hushed,menacing
8500,slash,strong,indirect,sudden,balanced,breathy,elder,huge,rapid,medium,friendly
8501,slash,strong,indirect,sudden,balanced,breathy,elder,huge,rapid,medium,deadpan
8502,slash,strong,indirect,sudden,balanced,breathy,elder,huge,rapid,medium,menacing
8503,slash,strong,indirect,sudden,balanced,breathy,elder,huge,rapid,big,friendly
8504,slash,strong,indirect,sudden,balanced,breathy,elder,huge,rapid,big,deadpan
8505,slash,strong,indirect,sudden,balanced,breathy,elder,huge,rapid,big,menacing
8506,slash,strong,indirect,sudden,balanced,dry,kid-ish,tiny,slow,hushed,friendly
8507,slash,strong,indirect,sudden,balanced,dry,kid-ish,tiny,slow,hushed,deadpan
8508,slash,strong,indirect,sudden,balanced,dry,kid-ish,tiny,slow,hushed,menacing
8509,slash,strong,indirect,sudden,balanced,dry,kid-ish,tiny,slow,medium,friendly
8510,slash,strong,indirect,sudden,balanced,dry,kid-ish,tiny,slow,medium,deadpan
8511,slash,strong,indirect,sudden,balanced,dry,kid-ish,tiny,slow,medium,menacing
8512,slash,strong,indirect,sudden,balanced,dry,kid-ish,tiny,slow,big,friendly
8513,slash,strong,indirect,sudden,balanced,dry,kid-ish,tiny,slow,big,deadpan
8514,slash,strong,indirect,sudden,balanced,dry,kid-ish,tiny,slow,big,menacing
8515,slash,strong,indirect,sudden,balanced,dry,kid-ish,tiny,steady,hushed,friendly
8516,slash,strong,indirect,sudden,balanced,dry,kid-ish,tiny,steady,hushed,deadpan
8517,slash,strong,indirect,sudden,balanced,dry,kid-ish,tiny,steady,hushed,menacing
8518,slash,strong,indirect,sudden,balanced,dry,kid-ish,tiny,steady,medium,friendly
8519,slash,strong,indirect,sudden,balanced,dry,kid-ish,tiny,steady,medium,deadpan
8520,slash,strong,indirect,sudden,balanced,dry,kid-ish,tiny,steady,medium,menacing
8521,slash,strong,indirect,sudden,balanced,dry,kid-ish,tiny,steady,big,friendly
8522,slash,strong,indirect,sudden,balanced,dry,kid-ish,tiny,steady,big,deadpan
8523,slash,strong,indirect,sudden,balanced,dry,kid-ish,tiny,steady,big,menacing
8524,slash,strong,indirect,sudden,balanced,dry,kid-ish,tiny,rapid,hushed,friendly
8525,slash,strong,indirect,sudden,balanced,dry,kid-ish,tiny,rapid,hushed,deadpan
8526,slash,strong,indirect,sudden,balanced,dry,kid-ish,tiny,rapid,hushed,menacing
8527,slash,strong,indirect,sudden,balanced,dry,kid-ish,tiny,rapid,medium,friendly
8528,slash,strong,indirect,sudden,balanced,dry,kid-ish,tiny,rapid,medium,deadpan
8529,slash,strong,indirect,sudden,balanced,dry,kid-ish,tiny,rapid,medium,menacing
8530,slash,strong,indirect,sudden,balanced,dry,kid-ish,tiny,rapid,big,friendly
8531,slash,strong,indirect,sudden,balanced,dry,kid-ish,tiny,rapid,big,deadpan
8532,slash,strong,indirect,sudden,balanced,dry,kid-ish,tiny,rapid,big,menacing
8533,slash,strong,indirect,sudden,balanced,dry,kid-ish,medium,slow,hushed,friendly
8534,slash,strong,indirect,sudden,balanced,dry,kid-ish,medium,slow,hushed,deadpan
8535,slash,strong,indirect,sudden,balanced,dry,kid-ish,medium,slow,hushed,menacing
8536,slash,strong,indirect,sudden,balanced,dry,kid-ish,medium,slow,medium,friendly
8537,slash,strong,indirect,sudden,balanced,dry,kid-ish,medium,slow,medium,deadpan
8538,slash,strong,indirect,sudden,balanced,dry,kid-ish,medium,slow,medium,menacing
8539,slash,strong,indirect,sudden,balanced,dry,kid-ish,medium,slow,big,friendly
8540,slash,strong,indirect,sudden,balanced,dry,kid-ish,medium,slow,big,deadpan
8541,slash,strong,indirect,sudden,balanced,dry,kid-ish,medium,slow,big,menacing
8542,slash,strong,indirect,sudden,balanced,dry,kid-ish,medium,steady,hushed,friendly
8543,slash,strong,indirect,sudden,balanced,dry,kid-ish,medium,steady,hushed,deadpan
8544,slash,strong,indirect,sudden,balanced,dry,kid-ish,medium,steady,hushed,menacing
8545,slash,strong,indirect,sudden,balanced,dry,kid-ish,medium,steady,medium,friendly
8546,slash,strong,indirect,sudden,balanced,dry,kid-ish,medium,steady,medium,deadpan
8547,slash,strong,indirect,sudden,balanced,dry,kid-ish,medium,steady,medium,menacing
8548,slash,strong,indirect,sudden,balanced,dry,kid-ish,medium,steady,big,friendly
8549,slash,strong,indirect,sudden,balanced,dry,kid-ish,medium,steady,big,deadpan
8550,slash,strong,indirect,sudden,balanced,dry,kid-ish,medium,steady,big,menacing
8551,slash,strong,indirect,sudden,balanced,dry,kid-ish,medium,rapid,hushed,friendly
8552,slash,strong,indirect,sudden,balanced,dry,kid-ish,medium,rapid,hushed,deadpan
8553,slash,strong,indirect,sudden,balanced,dry,kid-ish,medium,rapid,hushed,menacing
8554,slash,strong,indirect,sudden,balanced,dry,kid-ish,medium,rapid,medium,friendly
8555,slash,strong,indirect,sudden,balanced,dry,kid-ish,medium,rapid,medium,deadpan
8556,slash,strong,indirect,sudden,balanced,dry,kid-ish,medium,rapid,medium,menacing
8557,slash,strong,indirect,sudden,balanced,dry,kid-ish,medium,rapid,big,friendly
8558,slash,strong,indirect,sudden,balanced,dry,kid-ish,medium,rapid,big,deadpan
8559,slash,strong,indirect,sudden,balanced,dry,kid-ish,medium,rapid,big,menacing
8560,slash,strong,indirect,sudden,balanced,dry,kid-ish,huge,slow,hushed,friendly
8561,slash,strong,indirect,sudden,balanced,dry,kid-ish,huge,slow,hushed,deadpan
8562,slash,strong,indirect,sudden,balanced,dry,kid-ish,huge,slow,hushed,menacing
8563,slash,strong,indirect,sudden,balanced,dry,kid-ish,huge,slow,medium,friendly
8564,slash,strong,indirect,sudden,balanced,dry,kid-ish,huge,slow,medium,deadpan
8565,slash,strong,indirect,sudden,balanced,dry,kid-ish,huge,slow,medium,menacing
8566,slash,strong,indirect,sudden,balanced,dry,kid-ish,huge,slow,big,friendly
8567,slash,strong,indirect,sudden,balanced,dry,kid-ish,huge,slow,big,deadpan
8568,slash,strong,indirect,sudden,balanced,dry,kid-ish,huge,slow,big,menacing
8569,slash,strong,indirect,sudden,balanced,dry,kid-ish,huge,steady,hushed,friendly
8570,slash,strong,indirect,sudden,balanced,dry,kid-ish,huge,steady,hushed,deadpan
8571,slash,strong,indirect,sudden,balanced,dry,kid-ish,huge,steady,hushed,menacing
8572,slash,strong,indirect,sudden,balanced,dry,kid-ish,huge,steady,medium,friendly
8573,slash,strong,indirect,sudden,balanced,dry,kid-ish,huge,steady,medium,deadpan
8574,slash,strong,indirect,sudden,balanced,dry,kid-ish,huge,steady,medium,menacing
8575,slash,strong,indirect,sudden,balanced,dry,kid-ish,huge,steady,big,friendly
8576,slash,strong,indirect,sudden,balanced,dry,kid-ish,huge,steady,big,deadpan
8577,slash,strong,indirect,sudden,balanced,dry,kid-ish,huge,steady,big,menacing
8578,slash,strong,indirect,sudden,balanced,dry,kid-ish,huge,rapid,hushed,friendly
8579,slash,strong,indirect,sudden,balanced,dry,kid-ish,huge,rapid,hushed,deadpan
8580,slash,strong,indirect,sudden,balanced,dry,kid-ish,huge,rapid,hushed,menacing
8581,slash,strong,indirect,sudden,balanced,dry,kid-ish,huge,rapid,medium,friendly
8582,slash,strong,indirect,sudden,balanced,dry,kid-ish,huge,rapid,medium,deadpan
8583,slash,strong,indirect,sudden,balanced,dry,kid-ish,huge,rapid,medium,menacing
8584,slash,strong,indirect,sudden,balanced,dry,kid-ish,huge,rapid,big,friendly
8585,slash,strong,indirect,sudden,balanced,dry,kid-ish,huge,rapid,big,deadpan
8586,slash,strong,indirect,sudden,balanced,dry,kid-ish,huge,rapid,big,menacing
8587,slash,strong,indirect,sudden,balanced,dry,adult,tiny,slow,hushed,friendly
8588,slash,strong,indirect,sudden,balanced,dry,adult,tiny,slow,hushed,deadpan
8589,slash,strong,indirect,sudden,balanced,dry,adult,tiny,slow,hushed,menacing
8590,slash,strong,indirect,sudden,balanced,dry,adult,tiny,slow,medium,friendly
8591,slash,strong,indirect,sudden,balanced,dry,adult,tiny,slow,medium,deadpan
8592,slash,strong,indirect,sudden,balanced,dry,adult,tiny,slow,medium,menacing
8593,slash,strong,indirect,sudden,balanced,dry,adult,tiny,slow,big,friendly
8594,slash,strong,indirect,sudden,balanced,dry,adult,tiny,slow,big,deadpan
8595,slash,strong,indirect,sudden,balanced,dry,adult,tiny,slow,big,menacing
8596,slash,strong,indirect,sudden,balanced,dry,adult,tiny,steady,hushed,friendly
8597,slash,strong,indirect,sudden,balanced,dry,adult,tiny,steady,hushed,deadpan
8598,slash,strong,indirect,sudden,balanced,dry,adult,tiny,steady,hushed,menacing
8599,slash,strong,indirect,sudden,balanced,dry,adult,tiny,steady,medium,friendly
8600,slash,strong,indirect,sudden,balanced,dry,adult,tiny,steady,medium,deadpan
8601,slash,strong,indirect,sudden,balanced,dry,adult,tiny,steady,medium,menacing
8602,slash,strong,indirect,sudden,balanced,dry,adult,tiny,steady,big,friendly
8603,slash,strong,indirect,sudden,balanced,dry,adult,tiny,steady,big,deadpan
8604,slash,strong,indirect,sudden,balanced,dry,adult,tiny,steady,big,menacing
8605,slash,strong,indirect,sudden,balanced,dry,adult,tiny,rapid,hushed,friendly
8606,slash,strong,indirect,sudden,balanced,dry,adult,tiny,rapid,hushed,deadpan
8607,slash,strong,indirect,sudden,balanced,dry,adult,tiny,rapid,hushed,menacing
8608,slash,strong,indirect,sudden,balanced,dry,adult,tiny,rapid,medium,friendly
8609,slash,strong,indirect,sudden,balanced,dry,adult,tiny,rapid,medium,deadpan
8610,slash,strong,indirect,sudden,balanced,dry,adult,tiny,rapid,medium,menacing
8611,slash,strong,indirect,sudden,balanced,dry,adult,tiny,rapid,big,friendly
8612,slash,strong,indirect,sudden,balanced,dry,adult,tiny,rapid,big,deadpan
8613,slash,strong,indirect,sudden,balanced,dry,adult,tiny,rapid,big,menacing
8614,slash,strong,indirect,sudden,balanced,dry,adult,medium,slow,hushed,friendly
8615,slash,strong,indirect,sudden,balanced,dry,adult,medium,slow,hushed,deadpan
8616,slash,strong,indirect,sudden,balanced,dry,adult,medium,slow,hushed,menacing
8617,slash,strong,indirect,sudden,balanced,dry,adult,medium,slow,medium,friendly
8618,slash,strong,indirect,sudden,balanced,dry,adult,medium,slow,medium,deadpan
8619,slash,strong,indirect,sudden,balanced,dry,adult,medium,slow,medium,menacing
8620,slash,strong,indirect,sudden,balanced,dry,adult,medium,slow,big,friendly
8621,slash,strong,indirect,sudden,balanced,dry,adult,medium,slow,big,deadpan
8622,slash,strong,indirect,sudden,balanced,dry,adult,medium,slow,big,menacing
8623,slash,strong,indirect,sudden,balanced,dry,adult,medium,steady,hushed,friendly
8624,slash,strong,indirect,sudden,balanced,dry,adult,medium,steady,hushed,deadpan
8625,slash,strong,indirect,sudden,balanced,dry,adult,medium,steady,hushed,menacing
8626,slash,strong,indirect,sudden,balanced,dry,adult,medium,steady,medium,friendly
8627,slash,strong,indirect,sudden,balanced,dry,adult,medium,steady,medium,deadpan
8628,slash,strong,indirect,sudden,balanced,dry,adult,medium,steady,medium,menacing
8629,slash,strong,indirect,sudden,balanced,dry,adult,medium,steady,big,friendly
8630,slash,strong,indirect,sudden,balanced,dry,adult,medium,steady,big,deadpan
8631,slash,strong,indirect,sudden,balanced,dry,adult,medium,steady,big,menacing
8632,slash,strong,indirect,sudden,balanced,dry,adult,medium,rapid,hushed,friendly
8633,slash,strong,indirect,sudden,balanced,dry,adult,medium,rapid,hushed,deadpan
8634,slash,strong,indirect,sudden,balanced,dry,adult,medium,rapid,hushed,menacing
8635,slash,strong,indirect,sudden,balanced,dry,adult,medium,rapid,medium,friendly
8636,slash,strong,indirect,sudden,balanced,dry,adult,medium,rapid,medium,deadpan
8637,slash,strong,indirect,sudden,balanced,dry,adult,medium,rapid,medium,menacing
8638,slash,strong,indirect,sudden,balanced,dry,adult,medium,rapid,big,friendly
8639,slash,strong,indirect,sudden,balanced,dry,adult,medium,rapid,big,deadpan
8640,slash,strong,indirect,sudden,balanced,dry,adult,medium,rapid,big,menacing
8641,slash,strong,indirect,sudden,balanced,dry,adult,huge,slow,hushed,friendly
8642,slash,strong,indirect,sudden,balanced,dry,adult,huge,slow,hushed,deadpan
8643,slash,strong,indirect,sudden,balanced,dry,adult,huge,slow,hushed,menacing
8644,slash,strong,indirect,sudden,balanced,dry,adult,huge,slow,medium,friendly
8645,slash,strong,indirect,sudden,balanced,dry,adult,huge,slow,medium,deadpan
8646,slash,strong,indirect,sudden,balanced,dry,adult,huge,slow,medium,menacing
8647,slash,strong,indirect,sudden,balanced,dry,adult,huge,slow,big,friendly
8648,slash,strong,indirect,sudden,balanced,dry,adult,huge,slow,big,deadpan
8649,slash,strong,indirect,sudden,balanced,dry,adult,huge,slow,big,menacing
8650,slash,strong,indirect,sudden,balanced,dry,adult,huge,steady,hushed,friendly
8651,slash,strong,indirect,sudden,balanced,dry,adult,huge,steady,hushed,deadpan
8652,slash,strong,indirect,sudden,balanced,dry,adult,huge,steady,hushed,menacing
8653,slash,strong,indirect,sudden,balanced,dry,adult,huge,steady,medium,friendly
8654,slash,strong,indirect,sudden,balanced,dry,adult,huge,steady,medium,deadpan
8655,slash,strong,indirect,sudden,balanced,dry,adult,huge,steady,medium,menacing
8656,slash,strong,indirect,sudden,balanced,dry,adult,huge,steady,big,friendly
8657,slash,strong,indirect,sudden,balanced,dry,adult,huge,steady,big,deadpan
8658,slash,strong,indirect,sudden,balanced,dry,adult,huge,steady,big,menacing
8659,slash,strong,indirect,sudden,balanced,dry,adult,huge,rapid,hushed,friendly
8660,slash,strong,indirect,sudden,balanced,dry,adult,huge,rapid,hushed,deadpan
8661,slash,strong,indirect,sudden,balanced,dry,adult,huge,rapid,hushed,menacing
8662,slash,strong,indirect,sudden,balanced,dry,adult,huge,rapid,medium,friendly
8663,slash,strong,indirect,sudden,balanced,dry,adult,huge,rapid,medium,deadpan
8664,slash,strong,indirect,sudden,balanced,dry,adult,huge,rapid,medium,menacing
8665,slash,strong,indirect,sudden,balanced,dry,adult,huge,rapid,big,friendly
8666,slash,strong,indirect,sudden,balanced,dry,adult,huge,rapid,big,deadpan
8667,slash,strong,indirect,sudden,balanced,dry,adult,huge,rapid,big,menacing
8668,slash,strong,indirect,sudden,balanced,dry,elder,tiny,slow,hushed,friendly
8669,slash,strong,indirect,sudden,balanced,dry,elder,tiny,slow,hushed,deadpan
8670,slash,strong,indirect,sudden,balanced,dry,elder,tiny,slow,hushed,menacing
8671,slash,strong,indirect,sudden,balanced,dry,elder,tiny,slow,medium,friendly
8672,slash,strong,indirect,sudden,balanced,dry,elder,tiny,slow,medium,deadpan
8673,slash,strong,indirect,sudden,balanced,dry,elder,tiny,slow,medium,menacing
8674,slash,strong,indirect,sudden,balanced,dry,elder,tiny,slow,big,friendly
8675,slash,strong,indirect,sudden,balanced,dry,elder,tiny,slow,big,deadpan
8676,slash,strong,indirect,sudden,balanced,dry,elder,tiny,slow,big,menacing
8677,slash,strong,indirect,sudden,balanced,dry,elder,tiny,steady,hushed,friendly
8678,slash,strong,indirect,sudden,balanced,dry,elder,tiny,steady,hushed,deadpan
8679,slash,strong,indirect,sudden,balanced,dry,elder,tiny,steady,hushed,menacing
8680,slash,strong,indirect,sudden,balanced,dry,elder,tiny,steady,medium,friendly
8681,slash,strong,indirect,sudden,balanced,dry,elder,tiny,steady,medium,deadpan
8682,slash,strong,indirect,sudden,balanced,dry,elder,tiny,steady,medium,menacing
8683,slash,strong,indirect,sudden,balanced,dry,elder,tiny,steady,big,friendly
8684,slash,strong,indirect,sudden,balanced,dry,elder,tiny,steady,big,deadpan
8685,slash,strong,indirect,sudden,balanced,dry,elder,tiny,steady,big,menacing
8686,slash,strong,indirect,sudden,balanced,dry,elder,tiny,rapid,hushed,friendly
8687,slash,strong,indirect,sudden,balanced,dry,elder,tiny,rapid,hushed,deadpan
8688,slash,strong,indirect,sudden,balanced,dry,elder,tiny,rapid,hushed,menacing
8689,slash,strong,indirect,sudden,balanced,dry,elder,tiny,rapid,medium,friendly
8690,slash,strong,indirect,sudden,balanced,dry,elder,tiny,rapid,medium,deadpan
8691,slash,strong,indirect,sudden,balanced,dry,elder,tiny,rapid,medium,menacing
8692,slash,strong,indirect,sudden,balanced,dry,elder,tiny,rapid,big,friendly
8693,slash,strong,indirect,sudden,balanced,dry,elder,tiny,rapid,big,deadpan
8694,slash,strong,indirect,sudden,balanced,dry,elder,tiny,rapid,big,menacing
8695,slash,strong,indirect,sudden,balanced,dry,elder,medium,slow,hushed,friendly
8696,slash,strong,indirect,sudden,balanced,dry,elder,medium,slow,hushed,deadpan
8697,slash,strong,indirect,sudden,balanced,dry,elder,medium,slow,hushed,menacing
8698,slash,strong,indirect,sudden,balanced,dry,elder,medium,slow,medium,friendly
8699,slash,strong,indirect,sudden,balanced,dry,elder,medium,slow,medium,deadpan
8700,slash,strong,indirect,sudden,balanced,dry,elder,medium,slow,medium,menacing
8701,slash,strong,indirect,sudden,balanced,dry,elder,medium,slow,big,friendly
8702,slash,strong,indirect,sudden,balanced,dry,elder,medium,slow,big,deadpan
8703,slash,strong,indirect,sudden,balanced,dry,elder,medium,slow,big,menacing
8704,slash,strong,indirect,sudden,balanced,dry,elder,medium,steady,hushed,friendly
8705,slash,strong,indirect,sudden,balanced,dry,elder,medium,steady,hushed,deadpan
8706,slash,strong,indirect,sudden,balanced,dry,elder,medium,steady,hushed,menacing
8707,slash,strong,indirect,sudden,balanced,dry,elder,medium,steady,medium,friendly
8708,slash,strong,indirect,sudden,balanced,dry,elder,medium,steady,medium,deadpan
8709,slash,strong,indirect,sudden,balanced,dry,elder,medium,steady,medium,menacing
8710,slash,strong,indirect,sudden,balanced,dry,elder,medium,steady,big,friendly
8711,slash,strong,indirect,sudden,balanced,dry,elder,medium,steady,big,deadpan
8712,slash,strong,indirect,sudden,balanced,dry,elder,medium,steady,big,menacing
8713,slash,strong,indirect,sudden,balanced,dry,elder,medium,rapid,hushed,friendly
8714,slash,strong,indirect,sudden,balanced,dry,elder,medium,rapid,hushed,deadpan
8715,slash,strong,indirect,sudden,balanced,dry,elder,medium,rapid,hushed,menacing
8716,slash,strong,indirect,sudden,balanced,dry,elder,medium,rapid,medium,friendly
8717,slash,strong,indirect,sudden,balanced,dry,elder,medium,rapid,medium,deadpan
8718,slash,strong,indirect,sudden,balanced,dry,elder,medium,rapid,medium,menacing
8719,slash,strong,indirect,sudden,balanced,dry,elder,medium,rapid,big,friendly
8720,slash,strong,indirect,sudden,balanced,dry,elder,medium,rapid,big,deadpan
8721,slash,strong,indirect,sudden,balanced,dry,elder,medium,rapid,big,menacing
8722,slash,strong,indirect,sudden,balanced,dry,elder,huge,slow,hushed,friendly
8723,slash,strong,indirect,sudden,balanced,dry,elder,huge,slow,hushed,deadpan
8724,slash,strong,indirect,sudden,balanced,dry,elder,huge,slow,hushed,menacing
8725,slash,strong,indirect,sudden,balanced,dry,elder,huge,slow,medium,friendly
8726,slash,strong,indirect,sudden,balanced,dry,elder,huge,slow,medium,deadpan
8727,slash,strong,indirect,sudden,balanced,dry,elder,huge,slow,medium,menacing
8728,slash,strong,indirect,sudden,balanced,dry,elder,huge,slow,big,friendly
8729,slash,strong,indirect,sudden,balanced,dry,elder,huge,slow,big,deadpan
8730,slash,strong,indirect,sudden,balanced,dry,elder,huge,slow,big,menacing
8731,slash,strong,indirect,sudden,balanced,dry,elder,huge,steady,hushed,friendly
8732,slash,strong,indirect,sudden,balanced,dry,elder,huge,steady,hushed,deadpan
8733,slash,strong,indirect,sudden,balanced,dry,elder,huge,steady,hushed,menacing
8734,slash,strong,indirect,sudden,balanced,dry,elder,huge,steady,medium,friendly
8735,slash,strong,indirect,sudden,balanced,dry,elder,huge,steady,medium,deadpan
8736,slash,strong,indirect,sudden,balanced,dry,elder,huge,steady,medium,menacing
8737,slash,strong,indirect,sudden,balanced,dry,elder,huge,steady,big,friendly
8738,slash,strong,indirect,sudden,balanced,dry,elder,huge,steady,big,deadpan
8739,slash,strong,indirect,sudden,balanced,dry,elder,huge,steady,big,menacing
8740,slash,strong,indirect,sudden,balanced,dry,elder,huge,rapid,hushed,friendly
8741,slash,strong,indirect,sudden,balanced,dry,elder,huge,rapid,hushed,deadpan
8742,slash,strong,indirect,sudden,balanced,dry,elder,huge,rapid,hushed,menacing
8743,slash,strong,indirect,sudden,balanced,dry,elder,huge,rapid,medium,friendly
8744,slash,strong,indirect,sudden,balanced,dry,elder,huge,rapid,medium,deadpan
8745,slash,strong,indirect,sudden,balanced,dry,elder,huge,rapid,medium,menacing
8746,slash,strong,indirect,sudden,balanced,dry,elder,huge,rapid,big,friendly
8747,slash,strong,indirect,sudden,balanced,dry,elder,huge,rapid,big,deadpan
8748,slash,strong,indirect,sudden,balanced,dry,elder,huge,rapid,big,menacing
8749,glide,light,direct,sustained,nasal,breathy,kid-ish,tiny,slow,hushed,friendly
8750,glide,light,direct,sustained,nasal,breathy,kid-ish,tiny,slow,hushed,deadpan
8751,glide,light,direct,sustained,nasal,breathy,kid-ish,tiny,slow,hushed,menacing
8752,glide,light,direct,sustained,nasal,breathy,kid-ish,tiny,slow,medium,friendly
8753,glide,light,direct,sustained,nasal,breathy,kid-ish,tiny,slow,medium,deadpan
8754,glide,light,direct,sustained,nasal,breathy,kid-ish,tiny,slow,medium,menacing
8755,glide,light,direct,sustained,nasal,breathy,kid-ish,tiny,slow,big,friendly
8756,glide,light,direct,sustained,nasal,breathy,kid-ish,tiny,slow,big,deadpan
8757,glide,light,direct,sustained,nasal,breathy,kid-ish,tiny,slow,big,menacing
8758,glide,light,direct,sustained,nasal,breathy,kid-ish,tiny,steady,hushed,friendly
8759,glide,light,direct,sustained,nasal,breathy,kid-ish,tiny,steady,hushed,deadpan
8760,glide,light,direct,sustained,nasal,breathy,kid-ish,tiny,steady,hushed,menacing
8761,glide,light,direct,sustained,nasal,breathy,kid-ish,tiny,steady,medium,friendly
8762,glide,light,direct,sustained,nasal,breathy,kid-ish,tiny,steady,medium,deadpan
8763,glide,light,direct,sustained,nasal,breathy,kid-ish,tiny,steady,medium,menacing
8764,glide,light,direct,sustained,nasal,breathy,kid-ish,tiny,steady,big,friendly
8765,glide,light,direct,sustained,nasal,breathy,kid-ish,tiny,steady,big,deadpan
8766,glide,light,direct,sustained,nasal,breathy,kid-ish,tiny,steady,big,menacing
8767,glide,light,direct,sustained,nasal,breathy,kid-ish,tiny,rapid,hushed,friendly
8768,glide,light,direct,sustained,nasal,breathy,kid-ish,tiny,rapid,hushed,deadpan
8769,glide,light,direct,sustained,nasal,breathy,kid-ish,tiny,rapid,hushed,menacing
8770,glide,light,direct,sustained,nasal,breathy,kid-ish,tiny,rapid,medium,friendly
8771,glide,light,direct,sustained,nasal,breathy,kid-ish,tiny,rapid,medium,deadpan
8772,glide,light,direct,sustained,nasal,breathy,kid-ish,tiny,rapid,medium,menacing
8773,glide,light,direct,sustained,nasal,breathy,kid-ish,tiny,rapid,big,friendly
8774,glide,light,direct,sustained,nasal,breathy,kid-ish,tiny,rapid,big,deadpan
8775,glide,light,direct,sustained,nasal,breathy,kid-ish,tiny,rapid,big,menacing
8776,glide,light,direct,sustained,nasal,breathy,kid-ish,medium,slow,hushed,friendly
8777,glide,light,direct,sustained,nasal,breathy,kid-ish,medium,slow,hushed,deadpan
8778,glide,light,direct,sustained,nasal,breathy,kid-ish,medium,slow,hushed,menacing
8779,glide,light,direct,sustained,nasal,breathy,kid-ish,medium,slow,medium,friendly
8780,glide,light,direct,sustained,nasal,breathy,kid-ish,medium,slow,medium,deadpan
8781,glide,light,direct,sustained,nasal,breathy,kid-ish,medium,slow,medium,menacing
8782,glide,light,direct,sustained,nasal,breathy,kid-ish,medium,slow,big,friendly
8783,glide,light,direct,sustained,nasal,breathy,kid-ish,medium,slow,big,deadpan
8784,glide,light,direct,sustained,nasal,breathy,kid-ish,medium,slow,big,menacing
8785,glide,light,direct,sustained,nasal,breathy,kid-ish,medium,steady,hushed,friendly
8786,glide,light,direct,sustained,nasal,breathy,kid-ish,medium,steady,hushed,deadpan
8787,glide,light,direct,sustained,nasal,breathy,kid-ish,medium,steady,hushed,menacing
8788,glide,light,direct,sustained,nasal,breathy,kid-ish,medium,steady,medium,friendly
8789,glide,light,direct,sustained,nasal,breathy,kid-ish,medium,steady,medium,deadpan
8790,glide,light,direct,sustained,nasal,breathy,kid-ish,medium,steady,medium,menacing
8791,glide,light,direct,sustained,nasal,breathy,kid-ish,medium,steady,big,friendly
8792,glide,light,direct,sustained,nasal,breathy,kid-ish,medium,steady,big,deadpan
8793,glide,light,direct,sustained,nasal,breathy,kid-ish,medium,steady,big,menacing
8794,glide,light,direct,sustained,nasal,breathy,kid-ish,medium,rapid,hushed,friendly
8795,glide,light,direct,sustained,nasal,breathy,kid-ish,medium,rapid,hushed,deadpan
8796,glide,light,direct,sustained,nasal,breathy,kid-ish,medium,rapid,hushed,menacing
8797,glide,light,direct,sustained,nasal,breathy,kid-ish,medium,rapid,medium,friendly
8798,glide,light,direct,sustained,nasal,breathy,kid-ish,medium,rapid,medium,deadpan
8799,glide,light,direct,sustained,nasal,breathy,kid-ish,medium,rapid,medium,menacing
8800,glide,light,direct,sustained,nasal,breathy,kid-ish,medium,rapid,big,friendly
8801,glide,light,direct,sustained,nasal,breathy,kid-ish,medium,rapid,big,deadpan
8802,glide,light,direct,sustained,nasal,breathy,kid-ish,medium,rapid,big,menacing
8803,glide,light,direct,sustained,nasal,breathy,kid-ish,huge,slow,hushed,friendly
8804,glide,light,direct,sustained,nasal,breathy,kid-ish,huge,slow,hushed,deadpan
8805,glide,light,direct,sustained,nasal,breathy,kid-ish,huge,slow,hushed,menacing
8806,glide,light,direct,sustained,nasal,breathy,kid-ish,huge,slow,medium,friendly
8807,glide,light,direct,sustained,nasal,breathy,kid-ish,huge,slow,medium,deadpan
8808,glide,light,direct,sustained,nasal,breathy,kid-ish,huge,slow,medium,menacing
8809,glide,light,direct,sustained,nasal,breathy,kid-ish,huge,slow,big,friendly
8810,glide,light,direct,sustained,nasal,breathy,kid-ish,huge,slow,big,deadpan
8811,glide,light,direct,sustained,nasal,breathy,kid-ish,huge,slow,big,menacing
8812,glide,light,direct,sustained,nasal,breathy,kid-ish,huge,steady,hushed,friendly
8813,glide,light,direct,sustained,nasal,breathy,kid-ish,huge,steady,hushed,deadpan
8814,glide,light,direct,sustained,nasal,breathy,kid-ish,huge,steady,hushed,menacing
8815,glide,light,direct,sustained,nasal,breathy,kid-ish,huge,steady,medium,friendly
8816,glide,light,direct,sustained,nasal,breathy,kid-ish,huge,steady,medium,deadpan
8817,glide,light,direct,sustained,nasal,breathy,kid-ish,huge,steady,medium,menacing
8818,glide,light,direct,sustained,nasal,breathy,kid-ish,huge,steady,big,friendly
8819,glide,light,direct,sustained,nasal,breathy,kid-ish,huge,steady,big,deadpan
8820,glide,light,direct,sustained,nasal,breathy,kid-ish,huge,steady,big,menacing
8821,glide,light,direct,sustained,nasal,breathy,kid-ish,huge,rapid,hushed,friendly
8822,glide,light,direct,sustained,nasal,breathy,kid-ish,huge,rapid,hushed,deadpan
8823,glide,light,direct,sustained,nasal,breathy,kid-ish,huge,rapid,hushed,menacing
8824,glide,light,direct,sustained,nasal,breathy,kid-ish,huge,rapid,medium,friendly
8825,glide,light,direct,sustained,nasal,breathy,kid-ish,huge,rapid,medium,deadpan
8826,glide,light,direct,sustained,nasal,breathy,kid-ish,huge,rapid,medium,menacing
8827,glide,light,direct,sustained,nasal,breathy,kid-ish,huge,rapid,big,friendly
8828,glide,light,direct,sustained,nasal,breathy,kid-ish,huge,rapid,big,deadpan
8829,glide,light,direct,sustained,nasal,breathy,kid-ish,huge,rapid,big,menacing
8830,glide,light,direct,sustained,nasal,breathy,adult,tiny,slow,hushed,friendly
8831,glide,light,direct,sustained,nasal,breathy,adult,tiny,slow,hushed,deadpan
8832,glide,light,direct,sustained,nasal,breathy,adult,tiny,slow,hushed,menacing
8833,glide,light,direct,sustained,nasal,breathy,adult,tiny,slow,medium,friendly
8834,glide,light,direct,sustained,nasal,breathy,adult,tiny,slow,medium,deadpan
8835,glide,light,direct,sustained,nasal,breathy,adult,tiny,slow,medium,menacing
8836,glide,light,direct,sustained,nasal,breathy,adult,tiny,slow,big,friendly
8837,glide,light,direct,sustained,nasal,breathy,adult,tiny,slow,big,deadpan
8838,glide,light,direct,sustained,nasal,breathy,adult,tiny,slow,big,menacing
8839,glide,light,direct,sustained,nasal,breathy,adult,tiny,steady,hushed,friendly
8840,glide,light,direct,sustained,nasal,breathy,adult,tiny,steady,hushed,deadpan
8841,glide,light,direct,sustained,nasal,breathy,adult,tiny,steady,hushed,menacing
8842,glide,light,direct,sustained,nasal,breathy,adult,tiny,steady,medium,friendly
8843,glide,light,direct,sustained,nasal,breathy,adult,tiny,steady,medium,deadpan
8844,glide,light,direct,sustained,nasal,breathy,adult,tiny,steady,medium,menacing
8845,glide,light,direct,sustained,nasal,breathy,adult,tiny,steady,big,friendly
8846,glide,light,direct,sustained,nasal,breathy,adult,tiny,steady,big,deadpan
8847,glide,light,direct,sustained,nasal,breathy,adult,tiny,steady,big,menacing
8848,glide,light,direct,sustained,nasal,breathy,adult,tiny,rapid,hushed,friendly
8849,glide,light,direct,sustained,nasal,breathy,adult,tiny,rapid,hushed,deadpan
8850,glide,light,direct,sustained,nasal,breathy,adult,tiny,rapid,hushed,menacing
8851,glide,light,direct,sustained,nasal,breathy,adult,tiny,rapid,medium,friendly
8852,glide,light,direct,sustained,nasal,breathy,adult,tiny,rapid,medium,deadpan
8853,glide,light,direct,sustained,nasal,breathy,adult,tiny,rapid,medium,menacing
8854,glide,light,direct,sustained,nasal,breathy,adult,tiny,rapid,big,friendly
8855,glide,light,direct,sustained,nasal,breathy,adult,tiny,rapid,big,deadpan
8856,glide,light,direct,sustained,nasal,breathy,adult,tiny,rapid,big,menacing
8857,glide,light,direct,sustained,nasal,breathy,adult,medium,slow,hushed,friendly
8858,glide,light,direct,sustained,nasal,breathy,adult,medium,slow,hushed,deadpan
8859,glide,light,direct,sustained,nasal,breathy,adult,medium,slow,hushed,menacing
8860,glide,light,direct,sustained,nasal,breathy,adult,medium,slow,medium,friendly
8861,glide,light,direct,sustained,nasal,breathy,adult,medium,slow,medium,deadpan
8862,glide,light,direct,sustained,nasal,breathy,adult,medium,slow,medium,menacing
8863,glide,light,direct,sustained,nasal,breathy,adult,medium,slow,big,friendly
8864,glide,light,direct,sustained,nasal,breathy,adult,medium,slow,big,deadpan
8865,glide,light,direct,sustained,nasal,breathy,adult,medium,slow,big,menacing
8866,glide,light,direct,sustained,nasal,breathy,adult,medium,steady,hushed,friendly
8867,glide,light,direct,sustained,nasal,breathy,adult,medium,steady,hushed,deadpan
8868,glide,light,direct,sustained,nasal,breathy,adult,medium,steady,hushed,menacing
8869,glide,light,direct,sustained,nasal,breathy,adult,medium,steady,medium,friendly
8870,glide,light,direct,sustained,nasal,breathy,adult,medium,steady,medium,deadpan
8871,glide,light,direct,sustained,nasal,breathy,adult,medium,steady,medium,menacing
8872,glide,light,direct,sustained,nasal,breathy,adult,medium,steady,big,friendly
8873,glide,light,direct,sustained,nasal,breathy,adult,medium,steady,big,deadpan
8874,glide,light,direct,sustained,nasal,breathy,adult,medium,steady,big,menacing
8875,glide,light,direct,sustained,nasal,breathy,adult,medium,rapid,hushed,friendly
8876,glide,light,direct,sustained,nasal,breathy,adult,medium,rapid,hushed,deadpan
8877,glide,light,direct,sustained,nasal,breathy,adult,medium,rapid,hushed,menacing
8878,glide,light,direct,sustained,nasal,breathy,adult,medium,rapid,medium,friendly
8879,glide,light,direct,sustained,nasal,breathy,adult,medium,rapid,medium,deadpan
8880,glide,light,direct,sustained,nasal,breathy,adult,medium,rapid,medium,menacing
8881,glide,light,direct,sustained,nasal,breathy,adult,medium,rapid,big,friendly
8882,glide,light,direct,sustained,nasal,breathy,adult,medium,rapid,big,deadpan
8883,glide,light,direct,sustained,nasal,breathy,adult,medium,rapid,big,menacing
8884,glide,light,direct,sustained,nasal,breathy,adult,huge,slow,hushed,friendly
8885,glide,light,direct,sustained,nasal,breathy,adult,huge,slow,hushed,deadpan
8886,glide,light,direct,sustained,nasal,breathy,adult,huge,slow,hushed,menacing
8887,glide,light,direct,sustained,nasal,breathy,adult,huge,slow,medium,friendly
8888,glide,light,direct,sustained,nasal,breathy,adult,huge,slow,medium,deadpan
8889,glide,light,direct,sustained,nasal,breathy,adult,huge,slow,medium,menacing
8890,glide,light,direct,sustained,nasal,breathy,adult,huge,slow,big,friendly
8891,glide,light,direct,sustained,nasal,breathy,adult,huge,slow,big,deadpan
8892,glide,light,direct,sustained,nasal,breathy,adult,huge,slow,big,menacing
8893,glide,light,direct,sustained,nasal,breathy,adult,huge,steady,hushed,friendly
8894,glide,light,direct,sustained,nasal,breathy,adult,huge,steady,hushed,deadpan
8895,glide,light,direct,sustained,nasal,breathy,adult,huge,steady,hushed,menacing
8896,glide,light,direct,sustained,nasal,breathy,adult,huge,steady,medium,friendly
8897,glide,light,direct,sustained,nasal,breathy,adult,huge,steady,medium,deadpan
8898,glide,light,direct,sustained,nasal,breathy,adult,huge,steady,medium,menacing
8899,glide,light,direct,sustained,nasal,breathy,adult,huge,steady,big,friendly
8900,glide,light,direct,sustained,nasal,breathy,adult,huge,steady,big,deadpan
8901,glide,light,direct,sustained,nasal,breathy,adult,huge,steady,big,menacing
8902,glide,light,direct,sustained,nasal,breathy,adult,huge,rapid,hushed,friendly
8903,glide,light,direct,sustained,nasal,breathy,adult,huge,rapid,hushed,deadpan
8904,glide,light,direct,sustained,nasal,breathy,adult,huge,rapid,hushed,menacing
8905,glide,light,direct,sustained,nasal,breathy,adult,huge,rapid,medium,friendly
8906,glide,light,direct,sustained,nasal,breathy,adult,huge,rapid,medium,deadpan
8907,glide,light,direct,sustained,nasal,breathy,adult,huge,rapid,medium,menacing
8908,glide,light,direct,sustained,nasal,breathy,adult,huge,rapid,big,friendly
8909,glide,light,direct,sustained,nasal,breathy,adult,huge,rapid,big,deadpan
8910,glide,light,direct,sustained,nasal,breathy,adult,huge,rapid,big,menacing
8911,glide,light,direct,sustained,nasal,breathy,elder,tiny,slow,hushed,friendly
8912,glide,light,direct,sustained,nasal,breathy,elder,tiny,slow,hushed,deadpan
8913,glide,light,direct,sustained,nasal,breathy,elder,tiny,slow,hushed,menacing
8914,glide,light,direct,sustained,nasal,breathy,elder,tiny,slow,medium,friendly
8915,glide,light,direct,sustained,nasal,breathy,elder,tiny,slow,medium,deadpan
8916,glide,light,direct,sustained,nasal,breathy,elder,tiny,slow,medium,menacing
8917,glide,light,direct,sustained,nasal,breathy,elder,tiny,slow,big,friendly
8918,glide,light,direct,sustained,nasal,breathy,elder,tiny,slow,big,deadpan
8919,glide,light,direct,sustained,nasal,breathy,elder,tiny,slow,big,menacing
8920,glide,light,direct,sustained,nasal,breathy,elder,tiny,steady,hushed,friendly
8921,glide,light,direct,sustained,nasal,breathy,elder,tiny,steady,hushed,deadpan
8922,glide,light,direct,sustained,nasal,breathy,elder,tiny,steady,hushed,menacing
8923,glide,light,direct,sustained,nasal,breathy,elder,tiny,steady,medium,friendly
8924,glide,light,direct,sustained,nasal,breathy,elder,tiny,steady,medium,deadpan
8925,glide,light,direct,sustained,nasal,breathy,elder,tiny,steady,medium,menacing
8926,glide,light,direct,sustained,nasal,breathy,elder,tiny,steady,big,friendly
8927,glide,light,direct,sustained,nasal,breathy,elder,tiny,steady,big,deadpan
8928,glide,light,direct,sustained,nasal,breathy,elder,tiny,steady,big,menacing
8929,glide,light,direct,sustained,nasal,breathy,elder,tiny,rapid,hushed,friendly
8930,glide,light,direct,sustained,nasal,breathy,elder,tiny,rapid,hushed,deadpan
8931,glide,light,direct,sustained,nasal,breathy,elder,tiny,rapid,hushed,menacing
8932,glide,light,direct,sustained,nasal,breathy,elder,tiny,rapid,medium,friendly
8933,glide,light,direct,sustained,nasal,breathy,elder,tiny,rapid,medium,deadpan
8934,glide,light,direct,sustained,nasal,breathy,elder,tiny,rapid,medium,menacing
8935,glide,light,direct,sustained,nasal,breathy,elder,tiny,rapid,big,friendly
8936,glide,light,direct,sustained,nasal,breathy,elder,tiny,rapid,big,deadpan
8937,glide,light,direct,sustained,nasal,breathy,elder,tiny,rapid,big,menacing
8938,glide,light,direct,sustained,nasal,breathy,elder,medium,slow,hushed,friendly
8939,glide,light,direct,sustained,nasal,breathy,elder,medium,slow,hushed,deadpan
8940,glide,light,direct,sustained,nasal,breathy,elder,medium,slow,hushed,menacing
8941,glide,light,direct,sustained,nasal,breathy,elder,medium,slow,medium,friendly
8942,glide,light,direct,sustained,nasal,breathy,elder,medium,slow,medium,deadpan
8943,glide,light,direct,sustained,nasal,breathy,elder,medium,slow,medium,menacing
8944,glide,light,direct,sustained,nasal,breathy,elder,medium,slow,big,friendly
8945,glide,light,direct,sustained,nasal,breathy,elder,medium,slow,big,deadpan
8946,glide,light,direct,sustained,nasal,breathy,elder,medium,slow,big,menacing
8947,glide,light,direct,sustained,nasal,breathy,elder,medium,steady,hushed,friendly
8948,glide,light,direct,sustained,nasal,breathy,elder,medium,steady,hushed,deadpan
8949,glide,light,direct,sustained,nasal,breathy,elder,medium,steady,hushed,menacing
8950,glide,light,direct,sustained,nasal,breathy,elder,medium,steady,medium,friendly
8951,glide,light,direct,sustained,nasal,breathy,elder,medium,steady,medium,deadpan
8952,glide,light,direct,sustained,nasal,breathy,elder,medium,steady,medium,menacing
8953,glide,light,direct,sustained,nasal,breathy,elder,medium,steady,big,friendly
8954,glide,light,direct,sustained,nasal,breathy,elder,medium,steady,big,deadpan
8955,glide,light,direct,sustained,nasal,breathy,elder,medium,steady,big,menacing
8956,glide,light,direct,sustained,nasal,breathy,elder,medium,rapid,hushed,friendly
8957,glide,light,direct,sustained,nasal,breathy,elder,medium,rapid,hushed,deadpan
8958,glide,light,direct,sustained,nasal,breathy,elder,medium,rapid,hushed,menacing
8959,glide,light,direct,sustained,nasal,breathy,elder,medium,rapid,medium,friendly
8960,glide,light,direct,sustained,nasal,breathy,elder,medium,rapid,medium,deadpan
8961,glide,light,direct,sustained,nasal,breathy,elder,medium,rapid,medium,menacing
8962,glide,light,direct,sustained,nasal,breathy,elder,medium,rapid,big,friendly
8963,glide,light,direct,sustained,nasal,breathy,elder,medium,rapid,big,deadpan
8964,glide,light,direct,sustained,nasal,breathy,elder,medium,rapid,big,menacing
8965,glide,light,direct,sustained,nasal,breathy,elder,huge,slow,hushed,friendly
8966,glide,light,direct,sustained,nasal,breathy,elder,huge,slow,hushed,deadpan
8967,glide,light,direct,sustained,nasal,breathy,elder,huge,slow,hushed,menacing
8968,glide,light,direct,sustained,nasal,breathy,elder,huge,slow,medium,friendly
8969,glide,light,direct,sustained,nasal,breathy,elder,huge,slow,medium,deadpan
8970,glide,light,direct,sustained,nasal,breathy,elder,huge,slow,medium,menacing
8971,glide,light,direct,sustained,nasal,breathy,elder,huge,slow,big,friendly
8972,glide,light,direct,sustained,nasal,breathy,elder,huge,slow,big,deadpan
8973,glide,light,direct,sustained,nasal,breathy,elder,huge,slow,big,menacing
8974,glide,light,direct,sustained,nasal,breathy,elder,huge,steady,hushed,friendly
8975,glide,light,direct,sustained,nasal,breathy,elder,huge,steady,hushed,deadpan
8976,glide,light,direct,sustained,nasal,breathy,elder,huge,steady,hushed,menacing
8977,glide,light,direct,sustained,nasal,breathy,elder,huge,steady,medium,friendly
8978,glide,light,direct,sustained,nasal,breathy,elder,huge,steady,medium,deadpan
8979,glide,light,direct,sustained,nasal,breathy,elder,huge,steady,medium,menacing
8980,glide,light,direct,sustained,nasal,breathy,elder,huge,steady,big,friendly
8981,glide,light,direct,sustained,nasal,breathy,elder,huge,steady,big,deadpan
8982,glide,light,direct,sustained,nasal,breathy,elder,huge,steady,big,menacing
8983,glide,light,direct,sustained,nasal,breathy,elder,huge,rapid,hushed,friendly
8984,glide,light,direct,sustained,nasal,breathy,elder,huge,rapid,hushed,deadpan
8985,glide,light,direct,sustained,nasal,breathy,elder,huge,rapid,hushed,menacing
8986,glide,light,direct,sustained,nasal,breathy,elder,huge,rapid,medium,friendly
8987,glide,light,direct,sustained,nasal,breathy,elder,huge,rapid,medium,deadpan
8988,glide,light,direct,sustained,nasal,breathy,elder,huge,rapid,medium,menacing
8989,glide,light,direct,sustained,nasal,breathy,elder,huge,rapid,big,friendly
8990,glide,light,direct,sustained,nasal,breathy,elder,huge,rapid,big,deadpan
8991,glide,light,direct,sustained,nasal,breathy,elder,huge,rapid,big,menacing
8992,glide,light,direct,sustained,nasal,dry,kid-ish,tiny,slow,hushed,friendly
8993,glide,light,direct,sustained,nasal,dry,kid-ish,tiny,slow,hushed,deadpan
8994,glide,light,direct,sustained,nasal,dry,kid-ish,tiny,slow,hushed,menacing
8995,glide,light,direct,sustained,nasal,dry,kid-ish,tiny,slow,medium,friendly
8996,glide,light,direct,sustained,nasal,dry,kid-ish,tiny,slow,medium,deadpan
8997,glide,light,direct,sustained,nasal,dry,kid-ish,tiny,slow,medium,menacing
8998,glide,light,direct,sustained,nasal,dry,kid-ish,tiny,slow,big,friendly
8999,glide,light,direct,sustained,nasal,dry,kid-ish,tiny,slow,big,deadpan
9000,glide,light,direct,sustained,nasal,dry,kid-ish,tiny,slow,big,menacing
9001,glide,light,direct,sustained,nasal,dry,kid-ish,tiny,steady,hushed,friendly
9002,glide,light,direct,sustained,nasal,dry,kid-ish,tiny,steady,hushed,deadpan
9003,glide,light,direct,sustained,nasal,dry,kid-ish,tiny,steady,hushed,menacing
9004,glide,light,direct,sustained,nasal,dry,kid-ish,tiny,steady,medium,friendly
9005,glide,light,direct,sustained,nasal,dry,kid-ish,tiny,steady,medium,deadpan
9006,glide,light,direct,sustained,nasal,dry,kid-ish,tiny,steady,medium,menacing
9007,glide,light,direct,sustained,nasal,dry,kid-ish,tiny,steady,big,friendly
9008,glide,light,direct,sustained,nasal,dry,kid-ish,tiny,steady,big,deadpan
9009,glide,light,direct,sustained,nasal,dry,kid-ish,tiny,steady,big,menacing
9010,glide,light,direct,sustained,nasal,dry,kid-ish,tiny,rapid,hushed,friendly
9011,glide,light,direct,sustained,nasal,dry,kid-ish,tiny,rapid,hushed,deadpan
9012,glide,light,direct,sustained,nasal,dry,kid-ish,tiny,rapid,hushed,menacing
9013,glide,light,direct,sustained,nasal,dry,kid-ish,tiny,rapid,medium,friendly
9014,glide,light,direct,sustained,nasal,dry,kid-ish,tiny,rapid,medium,deadpan
9015,glide,light,direct,sustained,nasal,dry,kid-ish,tiny,rapid,medium,menacing
9016,glide,light,direct,sustained,nasal,dry,kid-ish,tiny,rapid,big,friendly
9017,glide,light,direct,sustained,nasal,dry,kid-ish,tiny,rapid,big,deadpan
9018,glide,light,direct,sustained,nasal,dry,kid-ish,tiny,rapid,big,menacing
9019,glide,light,direct,sustained,nasal,dry,kid-ish,medium,slow,hushed,friendly
9020,glide,light,direct,sustained,nasal,dry,kid-ish,medium,slow,hushed,deadpan
9021,glide,light,direct,sustained,nasal,dry,kid-ish,medium,slow,hushed,menacing
9022,glide,light,direct,sustained,nasal,dry,kid-ish,medium,slow,medium,friendly
9023,glide,light,direct,sustained,nasal,dry,kid-ish,medium,slow,medium,deadpan
9024,glide,light,direct,sustained,nasal,dry,kid-ish,medium,slow,medium,menacing
9025,glide,light,direct,sustained,nasal,dry,kid-ish,medium,slow,big,friendly
9026,glide,light,direct,sustained,nasal,dry,kid-ish,medium,slow,big,deadpan
9027,glide,light,direct,sustained,nasal,dry,kid-ish,medium,slow,big,menacing
9028,glide,light,direct,sustained,nasal,dry,kid-ish,medium,steady,hushed,friendly
9029,glide,light,direct,sustained,nasal,dry,kid-ish,medium,steady,hushed,deadpan
9030,glide,light,direct,sustained,nasal,dry,kid-ish,medium,steady,hushed,menacing
9031,glide,light,direct,sustained,nasal,dry,kid-ish,medium,steady,medium,friendly
9032,glide,light,direct,sustained,nasal,dry,kid-ish,medium,steady,medium,deadpan
9033,glide,light,direct,sustained,nasal,dry,kid-ish,medium,steady,medium,menacing
9034,glide,light,direct,sustained,nasal,dry,kid-ish,medium,steady,big,friendly
9035,glide,light,direct,sustained,nasal,dry,kid-ish,medium,steady,big,deadpan
9036,glide,light,direct,sustained,nasal,dry,kid-ish,medium,steady,big,menacing
9037,glide,light,direct,sustained,nasal,dry,kid-ish,medium,rapid,hushed,friendly
9038,glide,light,direct,sustained,nasal,dry,kid-ish,medium,rapid,hushed,deadpan
9039,glide,light,direct,sustained,nasal,dry,kid-ish,medium,rapid,hushed,menacing
9040,glide,light,direct,sustained,nasal,dry,kid-ish,medium,rapid,medium,friendly
9041,glide,light,direct,sustained,nasal,dry,kid-ish,medium,rapid,medium,deadpan
9042,glide,light,direct,sustained,nasal,dry,kid-ish,medium,rapid,medium,menacing
9043,glide,light,direct,sustained,nasal,dry,kid-ish,medium,rapid,big,friendly
9044,glide,light,direct,sustained,nasal,dry,kid-ish,medium,rapid,big,deadpan
9045,glide,light,direct,sustained,nasal,dry,kid-ish,medium,rapid,big,menacing
9046,glide,light,direct,sustained,nasal,dry,kid-ish,huge,slow,hushed,friendly
9047,glide,light,direct,sustained,nasal,dry,kid-ish,huge,slow,hushed,deadpan
9048,glide,light,direct,sustained,nasal,dry,kid-ish,huge,slow,hushed,menacing
9049,glide,light,direct,sustained,nasal,dry,kid-ish,huge,slow,medium,friendly
9050,glide,light,direct,sustained,nasal,dry,kid-ish,huge,slow,medium,deadpan
9051,glide,light,direct,sustained,nasal,dry,kid-ish,huge,slow,medium,menacing
9052,glide,light,direct,sustained,nasal,dry,kid-ish,huge,slow,big,friendly
9053,glide,light,direct,sustained,nasal,dry,kid-ish,huge,slow,big,deadpan
9054,glide,light,direct,sustained,nasal,dry,kid-ish,huge,slow,big,menacing
9055,glide,light,direct,sustained,nasal,dry,kid-ish,huge,steady,hushed,friendly
9056,glide,light,direct,sustained,nasal,dry,kid-ish,huge,steady,hushed,deadpan
9057,glide,light,direct,sustained,nasal,dry,kid-ish,huge,steady,hushed,menacing
9058,glide,light,direct,sustained,nasal,dry,kid-ish,huge,steady,medium,friendly
9059,glide,light,direct,sustained,nasal,dry,kid-ish,huge,steady,medium,deadpan
9060,glide,light,direct,sustained,nasal,dry,kid-ish,huge,steady,medium,menacing
9061,glide,light,direct,sustained,nasal,dry,kid-ish,huge,steady,big,friendly
9062,glide,light,direct,sustained,nasal,dry,kid-ish,huge,steady,big,deadpan
9063,glide,light,direct,sustained,nasal,dry,kid-ish,huge,steady,big,menacing
9064,glide,light,direct,sustained,nasal,dry,kid-ish,huge,rapid,hushed,friendly
9065,glide,light,direct,sustained,nasal,dry,kid-ish,huge,rapid,hushed,deadpan
9066,glide,light,direct,sustained,nasal,dry,kid-ish,huge,rapid,hushed,menacing
9067,glide,light,direct,sustained,nasal,dry,kid-ish,huge,rapid,medium,friendly
9068,glide,light,direct,sustained,nasal,dry,kid-ish,huge,rapid,medium,deadpan
9069,glide,light,direct,sustained,nasal,dry,kid-ish,huge,rapid,medium,menacing
9070,glide,light,direct,sustained,nasal,dry,kid-ish,huge,rapid,big,friendly
9071,glide,light,direct,sustained,nasal,dry,kid-ish,huge,rapid,big,deadpan
9072,glide,light,direct,sustained,nasal,dry,kid-ish,huge,rapid,big,menacing
9073,glide,light,direct,sustained,nasal,dry,adult,tiny,slow,hushed,friendly
9074,glide,light,direct,sustained,nasal,dry,adult,tiny,slow,hushed,deadpan
9075,glide,light,direct,sustained,nasal,dry,adult,tiny,slow,hushed,menacing
9076,glide,light,direct,sustained,nasal,dry,adult,tiny,slow,medium,friendly
9077,glide,light,direct,sustained,nasal,dry,adult,tiny,slow,medium,deadpan
9078,glide,light,direct,sustained,nasal,dry,adult,tiny,slow,medium,menacing
9079,glide,light,direct,sustained,nasal,dry,adult,tiny,slow,big,friendly
9080,glide,light,direct,sustained,nasal,dry,adult,tiny,slow,big,deadpan
9081,glide,light,direct,sustained,nasal,dry,adult,tiny,slow,big,menacing
9082,glide,light,direct,sustained,nasal,dry,adult,tiny,steady,hushed,friendly
9083,glide,light,direct,sustained,nasal,dry,adult,tiny,steady,hushed,deadpan
9084,glide,light,direct,sustained,nasal,dry,adult,tiny,steady,hushed,menacing
9085,glide,light,direct,sustained,nasal,dry,adult,tiny,steady,medium,friendly
9086,glide,light,direct,sustained,nasal,dry,adult,tiny,steady,medium,deadpan
9087,glide,light,direct,sustained,nasal,dry,adult,tiny,steady,medium,menacing
9088,glide,light,direct,sustained,nasal,dry,adult,tiny,steady,big,friendly
9089,glide,light,direct,sustained,nasal,dry,adult,tiny,steady,big,deadpan
9090,glide,light,direct,sustained,nasal,dry,adult,tiny,steady,big,menacing
9091,glide,light,direct,sustained,nasal,dry,adult,tiny,rapid,hushed,friendly
9092,glide,light,direct,sustained,nasal,dry,adult,tiny,rapid,hushed,deadpan
9093,glide,light,direct,sustained,nasal,dry,adult,tiny,rapid,hushed,menacing
9094,glide,light,direct,sustained,nasal,dry,adult,tiny,rapid,medium,friendly
9095,glide,light,direct,sustained,nasal,dry,adult,tiny,rapid,medium,deadpan
9096,glide,light,direct,sustained,nasal,dry,adult,tiny,rapid,medium,menacing
9097,glide,light,direct,sustained,nasal,dry,adult,tiny,rapid,big,friendly
9098,glide,light,direct,sustained,nasal,dry,adult,tiny,rapid,big,deadpan
9099,glide,light,direct,sustained,nasal,dry,adult,tiny,rapid,big,menacing
9100,glide,light,direct,sustained,nasal,dry,adult,medium,slow,hushed,friendly
9101,glide,light,direct,sustained,nasal,dry,adult,medium,slow,hushed,deadpan
9102,glide,light,direct,sustained,nasal,dry,adult,medium,slow,hushed,menacing
9103,glide,light,direct,sustained,nasal,dry,adult,medium,slow,medium,friendly
9104,glide,light,direct,sustained,nasal,dry,adult,medium,slow,medium,deadpan
9105,glide,light,direct,sustained,nasal,dry,adult,medium,slow,medium,menacing
9106,glide,light,direct,sustained,nasal,dry,adult,medium,slow,big,friendly
9107,glide,light,direct,sustained,nasal,dry,adult,medium,slow,big,deadpan
9108,glide,light,direct,sustained,nasal,dry,adult,medium,slow,big,menacing
9109,glide,light,direct,sustained,nasal,dry,adult,medium,steady,hushed,friendly
9110,glide,light,direct,sustained,nasal,dry,adult,medium,steady,hushed,deadpan
9111,glide,light,direct,sustained,nasal,dry,adult,medium,steady,hushed,menacing
9112,glide,light,direct,sustained,nasal,dry,adult,medium,steady,medium,friendly
9113,glide,light,direct,sustained,nasal,dry,adult,medium,steady,medium,deadpan
9114,glide,light,direct,sustained,nasal,dry,adult,medium,steady,medium,menacing
9115,glide,light,direct,sustained,nasal,dry,adult,medium,steady,big,friendly
9116,glide,light,direct,sustained,nasal,dry,adult,medium,steady,big,deadpan
9117,glide,light,direct,sustained,nasal,dry,adult,medium,steady,big,menacing
9118,glide,light,direct,sustained,nasal,dry,adult,medium,rapid,hushed,friendly
9119,glide,light,direct,sustained,nasal,dry,adult,medium,rapid,hushed,deadpan
9120,glide,light,direct,sustained,nasal,dry,adult,medium,rapid,hushed,menacing
9121,glide,light,direct,sustained,nasal,dry,adult,medium,rapid,medium,friendly
9122,glide,light,direct,sustained,nasal,dry,adult,medium,rapid,medium,deadpan
9123,glide,light,direct,sustained,nasal,dry,adult,medium,rapid,medium,menacing
9124,glide,light,direct,sustained,nasal,dry,adult,medium,rapid,big,friendly
9125,glide,light,direct,sustained,nasal,dry,adult,medium,rapid,big,deadpan
9126,glide,light,direct,sustained,nasal,dry,adult,medium,rapid,big,menacing
9127,glide,light,direct,sustained,nasal,dry,adult,huge,slow,hushed,friendly
9128,glide,light,direct,sustained,nasal,dry,adult,huge,slow,hushed,deadpan
9129,glide,light,direct,sustained,nasal,dry,adult,huge,slow,hushed,menacing
9130,glide,light,direct,sustained,nasal,dry,adult,huge,slow,medium,friendly
9131,glide,light,direct,sustained,nasal,dry,adult,huge,slow,medium,deadpan
9132,glide,light,direct,sustained,nasal,dry,adult,huge,slow,medium,menacing
9133,glide,light,direct,sustained,nasal,dry,adult,huge,slow,big,friendly
9134,glide,light,direct,sustained,nasal,dry,adult,huge,slow,big,deadpan
9135,glide,light,direct,sustained,nasal,dry,adult,huge,slow,big,menacing
9136,glide,light,direct,sustained,nasal,dry,adult,huge,steady,hushed,friendly
9137,glide,light,direct,sustained,nasal,dry,adult,huge,steady,hushed,deadpan
9138,glide,light,direct,sustained,nasal,dry,adult,huge,steady,hushed,menacing
9139,glide,light,direct,sustained,nasal,dry,adult,huge,steady,medium,friendly
9140,glide,light,direct,sustained,nasal,dry,adult,huge,steady,medium,deadpan
9141,glide,light,direct,sustained,nasal,dry,adult,huge,steady,medium,menacing
9142,glide,light,direct,sustained,nasal,dry,adult,huge,steady,big,friendly
9143,glide,light,direct,sustained,nasal,dry,adult,huge,steady,big,deadpan
9144,glide,light,direct,sustained,nasal,dry,adult,huge,steady,big,menacing
9145,glide,light,direct,sustained,nasal,dry,adult,huge,rapid,hushed,friendly
9146,glide,light,direct,sustained,nasal,dry,adult,huge,rapid,hushed,deadpan
9147,glide,light,direct,sustained,nasal,dry,adult,huge,rapid,hushed,menacing
9148,glide,light,direct,sustained,nasal,dry,adult,huge,rapid,medium,friendly
9149,glide,light,direct,sustained,nasal,dry,adult,huge,rapid,medium,deadpan
9150,glide,light,direct,sustained,nasal,dry,adult,huge,rapid,medium,menacing
9151,glide,light,direct,sustained,nasal,dry,adult,huge,rapid,big,friendly
9152,glide,light,direct,sustained,nasal,dry,adult,huge,rapid,big,deadpan
9153,glide,light,direct,sustained,nasal,dry,adult,huge,rapid,big,menacing
9154,glide,light,direct,sustained,nasal,dry,elder,tiny,slow,hushed,friendly
9155,glide,light,direct,sustained,nasal,dry,elder,tiny,slow,hushed,deadpan
9156,glide,light,direct,sustained,nasal,dry,elder,tiny,slow,hushed,menacing
9157,glide,light,direct,sustained,nasal,dry,elder,tiny,slow,medium,friendly
9158,glide,light,direct,sustained,nasal,dry,elder,tiny,slow,medium,deadpan
9159,glide,light,direct,sustained,nasal,dry,elder,tiny,slow,medium,menacing
9160,glide,light,direct,sustained,nasal,dry,elder,tiny,slow,big,friendly
9161,glide,light,direct,sustained,nasal,dry,elder,tiny,slow,big,deadpan
9162,glide,light,direct,sustained,nasal,dry,elder,tiny,slow,big,menacing
9163,glide,light,direct,sustained,nasal,dry,elder,tiny,steady,hushed,friendly
9164,glide,light,direct,sustained,nasal,dry,elder,tiny,steady,hushed,deadpan
9165,glide,light,direct,sustained,nasal,dry,elder,tiny,steady,hushed,menacing
9166,glide,light,direct,sustained,nasal,dry,elder,tiny,steady,medium,friendly
9167,glide,light,direct,sustained,nasal,dry,elder,tiny,steady,medium,deadpan
9168,glide,light,direct,sustained,nasal,dry,elder,tiny,steady,medium,menacing
9169,glide,light,direct,sustained,nasal,dry,elder,tiny,steady,big,friendly
9170,glide,light,direct,sustained,nasal,dry,elder,tiny,steady,big,deadpan
9171,glide,light,direct,sustained,nasal,dry,elder,tiny,steady,big,menacing
9172,glide,light,direct,sustained,nasal,dry,elder,tiny,rapid,hushed,friendly
9173,glide,light,direct,sustained,nasal,dry,elder,tiny,rapid,hushed,deadpan
9174,glide,light,direct,sustained,nasal,dry,elder,tiny,rapid,hushed,menacing
9175,glide,light,direct,sustained,nasal,dry,elder,tiny,rapid,medium,friendly
9176,glide,light,direct,sustained,nasal,dry,elder,tiny,rapid,medium,deadpan
9177,glide,light,direct,sustained,nasal,dry,elder,tiny,rapid,medium,menacing
9178,glide,light,direct,sustained,nasal,dry,elder,tiny,rapid,big,friendly
9179,glide,light,direct,sustained,nasal,dry,elder,tiny,rapid,big,deadpan
9180,glide,light,direct,sustained,nasal,dry,elder,tiny,rapid,big,menacing
9181,glide,light,direct,sustained,nasal,dry,elder,medium,slow,hushed,friendly
9182,glide,light,direct,sustained,nasal,dry,elder,medium,slow,hushed,deadpan
9183,glide,light,direct,sustained,nasal,dry,elder,medium,slow,hushed,menacing
9184,glide,light,direct,sustained,nasal,dry,elder,medium,slow,medium,friendly
9185,glide,light,direct,sustained,nasal,dry,elder,medium,slow,medium,deadpan
9186,glide,light,direct,sustained,nasal,dry,elder,medium,slow,medium,menacing
9187,glide,light,direct,sustained,nasal,dry,elder,medium,slow,big,friendly
9188,glide,light,direct,sustained,nasal,dry,elder,medium,slow,big,deadpan
9189,glide,light,direct,sustained,nasal,dry,elder,medium,slow,big,menacing
9190,glide,light,direct,sustained,nasal,dry,elder,medium,steady,hushed,friendly
9191,glide,light,direct,sustained,nasal,dry,elder,medium,steady,hushed,deadpan
9192,glide,light,direct,sustained,nasal,dry,elder,medium,steady,hushed,menacing
9193,glide,light,direct,sustained,nasal,dry,elder,medium,steady,medium,friendly
9194,glide,light,direct,sustained,nasal,dry,elder,medium,steady,medium,deadpan
9195,glide,light,direct,sustained,nasal,dry,elder,medium,steady,medium,menacing
9196,glide,light,direct,sustained,nasal,dry,elder,medium,steady,big,friendly
9197,glide,light,direct,sustained,nasal,dry,elder,medium,steady,big,deadpan
9198,glide,light,direct,sustained,nasal,dry,elder,medium,steady,big,menacing
9199,glide,light,direct,sustained,nasal,dry,elder,medium,rapid,hushed,friendly
9200,glide,light,direct,sustained,nasal,dry,elder,medium,rapid,hushed,deadpan
9201,glide,light,direct,sustained,nasal,dry,elder,medium,rapid,hushed,menacing
9202,glide,light,direct,sustained,nasal,dry,elder,medium,rapid,medium,friendly
9203,glide,light,direct,sustained,nasal,dry,elder,medium,rapid,medium,deadpan
9204,glide,light,direct,sustained,nasal,dry,elder,medium,rapid,medium,menacing
9205,glide,light,direct,sustained,nasal,dry,elder,medium,rapid,big,friendly
9206,glide,light,direct,sustained,nasal,dry,elder,medium,rapid,big,deadpan
9207,glide,light,direct,sustained,nasal,dry,elder,medium,rapid,big,menacing
9208,glide,light,direct,sustained,nasal,dry,elder,huge,slow,hushed,friendly
9209,glide,light,direct,sustained,nasal,dry,elder,huge,slow,hushed,deadpan
9210,glide,light,direct,sustained,nasal,dry,elder,huge,slow,hushed,menacing
9211,glide,light,direct,sustained,nasal,dry,elder,huge,slow,medium,friendly
9212,glide,light,direct,sustained,nasal,dry,elder,huge,slow,medium,deadpan
9213,glide,light,direct,sustained,nasal,dry,elder,huge,slow,medium,menacing
9214,glide,light,direct,sustained,nasal,dry,elder,huge,slow,big,friendly
9215,glide,light,direct,sustained,nasal,dry,elder,huge,slow,big,deadpan
9216,glide,light,direct,sustained,nasal,dry,elder,huge,slow,big,menacing
9217,glide,light,direct,sustained,nasal,dry,elder,huge,steady,hushed,friendly
9218,glide,light,direct,sustained,nasal,dry,elder,huge,steady,hushed,deadpan
9219,glide,light,direct,sustained,nasal,dry,elder,huge,steady,hushed,menacing
9220,glide,light,direct,sustained,nasal,dry,elder,huge,steady,medium,friendly
9221,glide,light,direct,sustained,nasal,dry,elder,huge,steady,medium,deadpan
9222,glide,light,direct,sustained,nasal,dry,elder,huge,steady,medium,menacing
9223,glide,light,direct,sustained,nasal,dry,elder,huge,steady,big,friendly
9224,glide,light,direct,sustained,nasal,dry,elder,huge,steady,big,deadpan
9225,glide,light,direct,sustained,nasal,dry,elder,huge,steady,big,menacing
9226,glide,light,direct,sustained,nasal,dry,elder,huge,rapid,hushed,friendly
9227,glide,light,direct,sustained,nasal,dry,elder,huge,rapid,hushed,deadpan
9228,glide,light,direct,sustained,nasal,dry,elder,huge,rapid,hushed,menacing
9229,glide,light,direct,sustained,nasal,dry,elder,huge,rapid,medium,friendly
9230,glide,light,direct,sustained,nasal,dry,elder,huge,rapid,medium,deadpan
9231,glide,light,direct,sustained,nasal,dry,elder,huge,rapid,medium,menacing
9232,glide,light,direct,sustained,nasal,dry,elder,huge,rapid,big,friendly
9233,glide,light,direct,sustained,nasal,dry,elder,huge,rapid,big,deadpan
9234,glide,light,direct,sustained,nasal,dry,elder,huge,rapid,big,menacing
9235,glide,light,direct,sustained,throaty,breathy,kid-ish,tiny,slow,hushed,friendly
9236,glide,light,direct,sustained,throaty,breathy,kid-ish,tiny,slow,hushed,deadpan
9237,glide,light,direct,sustained,throaty,breathy,kid-ish,tiny,slow,hushed,menacing
9238,glide,light,direct,sustained,throaty,breathy,kid-ish,tiny,slow,medium,friendly
9239,glide,light,direct,sustained,throaty,breathy,kid-ish,tiny,slow,medium,deadpan
9240,glide,light,direct,sustained,throaty,breathy,kid-ish,tiny,slow,medium,menacing
9241,glide,light,direct,sustained,throaty,breathy,kid-ish,tiny,slow,big,friendly
9242,glide,light,direct,sustained,throaty,breathy,kid-ish,tiny,slow,big,deadpan
9243,glide,light,direct,sustained,throaty,breathy,kid-ish,tiny,slow,big,menacing
9244,glide,light,direct,sustained,throaty,breathy,kid-ish,tiny,steady,hushed,friendly
9245,glide,light,direct,sustained,throaty,breathy,kid-ish,tiny,steady,hushed,deadpan
9246,glide,light,direct,sustained,throaty,breathy,kid-ish,tiny,steady,hushed,menacing
9247,glide,light,direct,sustained,throaty,breathy,kid-ish,tiny,steady,medium,friendly
9248,glide,light,direct,sustained,throaty,breathy,kid-ish,tiny,steady,medium,deadpan
9249,glide,light,direct,sustained,throaty,breathy,kid-ish,tiny,steady,medium,menacing
9250,glide,light,direct,sustained,throaty,breathy,kid-ish,tiny,steady,big,friendly
9251,glide,light,direct,sustained,throaty,breathy,kid-ish,tiny,steady,big,deadpan
9252,glide,light,direct,sustained,throaty,breathy,kid-ish,tiny,steady,big,menacing
9253,glide,light,direct,sustained,throaty,breathy,kid-ish,tiny,rapid,hushed,friendly
9254,glide,light,direct,sustained,throaty,breathy,kid-ish,tiny,rapid,hushed,deadpan
9255,glide,light,direct,sustained,throaty,breathy,kid-ish,tiny,rapid,hushed,menacing
9256,glide,light,direct,sustained,throaty,breathy,kid-ish,tiny,rapid,medium,friendly
9257,glide,light,direct,sustained,throaty,breathy,kid-ish,tiny,rapid,medium,deadpan
9258,glide,light,direct,sustained,throaty,breathy,kid-ish,tiny,rapid,medium,menacing
9259,glide,light,direct,sustained,throaty,breathy,kid-ish,tiny,rapid,big,friendly
9260,glide,light,direct,sustained,throaty,breathy,kid-ish,tiny,rapid,big,deadpan
9261,glide,light,direct,sustained,throaty,breathy,kid-ish,tiny,rapid,big,menacing
9262,glide,light,direct,sustained,throaty,breathy,kid-ish,medium,slow,hushed,friendly
9263,glide,light,direct,sustained,throaty,breathy,kid-ish,medium,slow,hushed,deadpan
9264,glide,light,direct,sustained,throaty,breathy,kid-ish,medium,slow,hushed,menacing
9265,glide,light,direct,sustained,throaty,breathy,kid-ish,medium,slow,medium,friendly
9266,glide,light,direct,sustained,throaty,breathy,kid-ish,medium,slow,medium,deadpan
9267,glide,light,direct,sustained,throaty,breathy,kid-ish,medium,slow,medium,menacing
9268,glide,light,direct,sustained,throaty,breathy,kid-ish,medium,slow,big,friendly
9269,glide,light,direct,sustained,throaty,breathy,kid-ish,medium,slow,big,deadpan
9270,glide,light,direct,sustained,throaty,breathy,kid-ish,medium,slow,big,menacing
9271,glide,light,direct,sustained,throaty,breathy,kid-ish,medium,steady,hushed,friendly
9272,glide,light,direct,sustained,throaty,breathy,kid-ish,medium,steady,hushed,deadpan
9273,glide,light,direct,sustained,throaty,breathy,kid-ish,medium,steady,hushed,menacing
9274,glide,light,direct,sustained,throaty,breathy,kid-ish,medium,steady,medium,friendly
9275,glide,light,direct,sustained,throaty,breathy,kid-ish,medium,steady,medium,deadpan
9276,glide,light,direct,sustained,throaty,breathy,kid-ish,medium,steady,medium,menacing
9277,glide,light,direct,sustained,throaty,breathy,kid-ish,medium,steady,big,friendly
9278,glide,light,direct,sustained,throaty,breathy,kid-ish,medium,steady,big,deadpan
9279,glide,light,direct,sustained,throaty,breathy,kid-ish,medium,steady,big,menacing
9280,glide,light,direct,sustained,throaty,breathy,kid-ish,medium,rapid,hushed,friendly
9281,glide,light,direct,sustained,throaty,breathy,kid-ish,medium,rapid,hushed,deadpan
9282,glide,light,direct,sustained,throaty,breathy,kid-ish,medium,rapid,hushed,menacing
9283,glide,light,direct,sustained,throaty,breathy,kid-ish,medium,rapid,medium,friendly
9284,glide,light,direct,sustained,throaty,breathy,kid-ish,medium,rapid,medium,deadpan
9285,glide,light,direct,sustained,throaty,breathy,kid-ish,medium,rapid,medium,menacing
9286,glide,light,direct,sustained,throaty,breathy,kid-ish,medium,rapid,big,friendly
9287,glide,light,direct,sustained,throaty,breathy,kid-ish,medium,rapid,big,deadpan
9288,glide,light,direct,sustained,throaty,breathy,kid-ish,medium,rapid,big,menacing
9289,glide,light,direct,sustained,throaty,breathy,kid-ish,huge,slow,hushed,friendly
9290,glide,light,direct,sustained,throaty,breathy,kid-ish,huge,slow,hushed,deadpan
9291,glide,light,direct,sustained,throaty,breathy,kid-ish,huge,slow,hushed,menacing
9292,glide,light,direct,sustained,throaty,breathy,kid-ish,huge,slow,medium,friendly
9293,glide,light,direct,sustained,throaty,breathy,kid-ish,huge,slow,medium,deadpan
9294,glide,light,direct,sustained,throaty,breathy,kid-ish,huge,slow,medium,menacing
9295,glide,light,direct,sustained,throaty,breathy,kid-ish,huge,slow,big,friendly
9296,glide,light,direct,sustained,throaty,breathy,kid-ish,huge,slow,big,deadpan
9297,glide,light,direct,sustained,throaty,breathy,kid-ish,huge,slow,big,menacing
9298,glide,light,direct,sustained,throaty,breathy,kid-ish,huge,steady,hushed,friendly
9299,glide,light,direct,sustained,throaty,breathy,kid-ish,huge,steady,hushed,deadpan
9300,glide,light,direct,sustained,throaty,breathy,kid-ish,huge,steady,hushed,menacing
9301,glide,light,direct,sustained,throaty,breathy,kid-ish,huge,steady,medium,friendly
9302,glide,light,direct,sustained,throaty,breathy,kid-ish,huge,steady,medium,deadpan
9303,glide,light,direct,sustained,throaty,breathy,kid-ish,huge,steady,medium,menacing
9304,glide,light,direct,sustained,throaty,breathy,kid-ish,huge,steady,big,friendly
9305,glide,light,direct,sustained,throaty,breathy,kid-ish,huge,steady,big,deadpan
9306,glide,light,direct,sustained,throaty,breathy,kid-ish,huge,steady,big,menacing
9307,glide,light,direct,sustained,throaty,breathy,kid-ish,huge,rapid,hushed,friendly
9308,glide,light,direct,sustained,throaty,breathy,kid-ish,huge,rapid,hushed,deadpan
9309,glide,light,direct,sustained,throaty,breathy,kid-ish,huge,rapid,hushed,menacing
9310,glide,light,direct,sustained,throaty,breathy,kid-ish,huge,rapid,medium,friendly
9311,glide,light,direct,sustained,throaty,breathy,kid-ish,huge,rapid,medium,deadpan
9312,glide,light,direct,sustained,throaty,breathy,kid-ish,huge,rapid,medium,menacing
9313,glide,light,direct,sustained,throaty,breathy,kid-ish,huge,rapid,big,friendly
9314,glide,light,direct,sustained,throaty,breathy,kid-ish,huge,rapid,big,deadpan
9315,glide,light,direct,sustained,throaty,breathy,kid-ish,huge,rapid,big,menacing
9316,glide,light,direct,sustained,throaty,breathy,adult,tiny,slow,hushed,friendly
9317,glide,light,direct,sustained,throaty,breathy,adult,tiny,slow,hushed,deadpan
9318,glide,light,direct,sustained,throaty,breathy,adult,tiny,slow,hushed,menacing
9319,glide,light,direct,sustained,throaty,breathy,adult,tiny,slow,medium,friendly
9320,glide,light,direct,sustained,throaty,breathy,adult,tiny,slow,medium,deadpan
9321,glide,light,direct,sustained,throaty,breathy,adult,tiny,slow,medium,menacing
9322,glide,light,direct,sustained,throaty,breathy,adult,tiny,slow,big,friendly
9323,glide,light,direct,sustained,throaty,breathy,adult,tiny,slow,big,deadpan
9324,glide,light,direct,sustained,throaty,breathy,adult,tiny,slow,big,menacing
9325,glide,light,direct,sustained,throaty,breathy,adult,tiny,steady,hushed,friendly
9326,glide,light,direct,sustained,throaty,breathy,adult,tiny,steady,hushed,deadpan
9327,glide,light,direct,sustained,throaty,breathy,adult,tiny,steady,hushed,menacing
9328,glide,light,direct,sustained,throaty,breathy,adult,tiny,steady,medium,friendly
9329,glide,light,direct,sustained,throaty,breathy,adult,tiny,steady,medium,deadpan
9330,glide,light,direct,sustained,throaty,breathy,adult,tiny,steady,medium,menacing
9331,glide,light,direct,sustained,throaty,breathy,adult,tiny,steady,big,friendly
9332,glide,light,direct,sustained,throaty,breathy,adult,tiny,steady,big,deadpan
9333,glide,light,direct,sustained,throaty,breathy,adult,tiny,steady,big,menacing
9334,glide,light,direct,sustained,throaty,breathy,adult,tiny,rapid,hushed,friendly
9335,glide,light,direct,sustained,throaty,breathy,adult,tiny,rapid,hushed,deadpan
9336,glide,light,direct,sustained,throaty,breathy,adult,tiny,rapid,hushed,menacing
9337,glide,light,direct,sustained,throaty,breathy,adult,tiny,rapid,medium,friendly
9338,glide,light,direct,sustained,throaty,breathy,adult,tiny,rapid,medium,deadpan
9339,glide,light,direct,sustained,throaty,breathy,adult,tiny,rapid,medium,menacing
9340,glide,light,direct,sustained,throaty,breathy,adult,tiny,rapid,big,friendly
9341,glide,light,direct,sustained,throaty,breathy,adult,tiny,rapid,big,deadpan
9342,glide,light,direct,sustained,throaty,breathy,adult,tiny,rapid,big,menacing
9343,glide,light,direct,sustained,throaty,breathy,adult,medium,slow,hushed,friendly
9344,glide,light,direct,sustained,throaty,breathy,adult,medium,slow,hushed,deadpan
9345,glide,light,direct,sustained,throaty,breathy,adult,medium,slow,hushed,menacing
9346,glide,light,direct,sustained,throaty,breathy,adult,medium,slow,medium,friendly
9347,glide,light,direct,sustained,throaty,breathy,adult,medium,slow,medium,deadpan
9348,glide,light,direct,sustained,throaty,breathy,adult,medium,slow,medium,menacing
9349,glide,light,direct,sustained,throaty,breathy,adult,medium,slow,big,friendly
9350,glide,light,direct,sustained,throaty,breathy,adult,medium,slow,big,deadpan
9351,glide,light,direct,sustained,throaty,breathy,adult,medium,slow,big,menacing
9352,glide,light,direct,sustained,throaty,breathy,adult,medium,steady,hushed,friendly
9353,glide,light,direct,sustained,throaty,breathy,adult,medium,steady,hushed,deadpan
9354,glide,light,direct,sustained,throaty,breathy,adult,medium,steady,hushed,menacing
9355,glide,light,direct,sustained,throaty,breathy,adult,medium,steady,medium,friendly
9356,glide,light,direct,sustained,throaty,breathy,adult,medium,steady,medium,deadpan
9357,glide,light,direct,sustained,throaty,breathy,adult,medium,steady,medium,menacing
9358,glide,light,direct,sustained,throaty,breathy,adult,medium,steady,big,friendly
9359,glide,light,direct,sustained,throaty,breathy,adult,medium,steady,big,deadpan
9360,glide,light,direct,sustained,throaty,breathy,adult,medium,steady,big,menacing
9361,glide,light,direct,sustained,throaty,breathy,adult,medium,rapid,hushed,friendly
9362,glide,light,direct,sustained,throaty,breathy,adult,medium,rapid,hushed,deadpan
9363,glide,light,direct,sustained,throaty,breathy,adult,medium,rapid,hushed,menacing
9364,glide,light,direct,sustained,throaty,breathy,adult,medium,rapid,medium,friendly
9365,glide,light,direct,sustained,throaty,breathy,adult,medium,rapid,medium,deadpan
9366,glide,light,direct,sustained,throaty,breathy,adult,medium,rapid,medium,menacing
9367,glide,light,direct,sustained,throaty,breathy,adult,medium,rapid,big,friendly
9368,glide,light,direct,sustained,throaty,breathy,adult,medium,rapid,big,deadpan
9369,glide,light,direct,sustained,throaty,breathy,adult,medium,rapid,big,menacing
9370,glide,light,direct,sustained,throaty,breathy,adult,huge,slow,hushed,friendly
9371,glide,light,direct,sustained,throaty,breathy,adult,huge,slow,hushed,deadpan
9372,glide,light,direct,sustained,throaty,breathy,adult,huge,slow,hushed,menacing
9373,glide,light,direct,sustained,throaty,breathy,adult,huge,slow,medium,friendly
9374,glide,light,direct,sustained,throaty,breathy,adult,huge,slow,medium,deadpan
9375,glide,light,direct,sustained,throaty,breathy,adult,huge,slow,medium,menacing
9376,glide,light,direct,sustained,throaty,breathy,adult,huge,slow,big,friendly
9377,glide,light,direct,sustained,throaty,breathy,adult,huge,slow,big,deadpan
9378,glide,light,direct,sustained,throaty,breathy,adult,huge,slow,big,menacing
9379,glide,light,direct,sustained,throaty,breathy,adult,huge,steady,hushed,friendly
9380,glide,light,direct,sustained,throaty,breathy,adult,huge,steady,hushed,deadpan
9381,glide,light,direct,sustained,throaty,breathy,adult,huge,steady,hushed,menacing
9382,glide,light,direct,sustained,throaty,breathy,adult,huge,steady,medium,friendly
9383,glide,light,direct,sustained,throaty,breathy,adult,huge,steady,medium,deadpan
9384,glide,light,direct,sustained,throaty,breathy,adult,huge,steady,medium,menacing
9385,glide,light,direct,sustained,throaty,breathy,adult,huge,steady,big,friendly
9386,glide,light,direct,sustained,throaty,breathy,adult,huge,steady,big,deadpan
9387,glide,light,direct,sustained,throaty,breathy,adult,huge,steady,big,menacing
9388,glide,light,direct,sustained,throaty,breathy,adult,huge,rapid,hushed,friendly
9389,glide,light,direct,sustained,throaty,breathy,adult,huge,rapid,hushed,deadpan
9390,glide,light,direct,sustained,throaty,breathy,adult,huge,rapid,hushed,menacing
9391,glide,light,direct,sustained,throaty,breathy,adult,huge,rapid,medium,friendly
9392,glide,light,direct,sustained,throaty,breathy,adult,huge,rapid,medium,deadpan
9393,glide,light,direct,sustained,throaty,breathy,adult,huge,rapid,medium,menacing
9394,glide,light,direct,sustained,throaty,breathy,adult,huge,rapid,big,friendly
9395,glide,light,direct,sustained,throaty,breathy,adult,huge,rapid,big,deadpan
9396,glide,light,direct,sustained,throaty,breathy,adult,huge,rapid,big,menacing
9397,glide,light,direct,sustained,throaty,breathy,elder,tiny,slow,hushed,friendly
9398,glide,light,direct,sustained,throaty,breathy,elder,tiny,slow,hushed,deadpan
9399,glide,light,direct,sustained,throaty,breathy,elder,tiny,slow,hushed,menacing
9400,glide,light,direct,sustained,throaty,breathy,elder,tiny,slow,medium,friendly
9401,glide,light,direct,sustained,throaty,breathy,elder,tiny,slow,medium,deadpan
9402,glide,light,direct,sustained,throaty,breathy,elder,tiny,slow,medium,menacing
9403,glide,light,direct,sustained,throaty,breathy,elder,tiny,slow,big,friendly
9404,glide,light,direct,sustained,throaty,breathy,elder,tiny,slow,big,deadpan
9405,glide,light,direct,sustained,throaty,breathy,elder,tiny,slow,big,menacing
9406,glide,light,direct,sustained,throaty,breathy,elder,tiny,steady,hushed,friendly
9407,glide,light,direct,sustained,throaty,breathy,elder,tiny,steady,hushed,deadpan
9408,glide,light,direct,sustained,throaty,breathy,elder,tiny,steady,hushed,menacing
9409,glide,light,direct,sustained,throaty,breathy,elder,tiny,steady,medium,friendly
9410,glide,light,direct,sustained,throaty,breathy,elder,tiny,steady,medium,deadpan
9411,glide,light,direct,sustained,throaty,breathy,elder,tiny,steady,medium,menacing
9412,glide,light,direct,sustained,throaty,breathy,elder,tiny,steady,big,friendly
9413,glide,light,direct,sustained,throaty,breathy,elder,tiny,steady,big,deadpan
9414,glide,light,direct,sustained,throaty,breathy,elder,tiny,steady,big,menacing
9415,glide,light,direct,sustained,throaty,breathy,elder,tiny,rapid,hushed,friendly
9416,glide,light,direct,sustained,throaty,breathy,elder,tiny,rapid,hushed,deadpan
9417,glide,light,direct,sustained,throaty,breathy,elder,tiny,rapid,hushed,menacing
9418,glide,light,direct,sustained,throaty,breathy,elder,tiny,rapid,medium,friendly
9419,glide,light,direct,sustained,throaty,breathy,elder,tiny,rapid,medium,deadpan
9420,glide,light,direct,sustained,throaty,breathy,elder,tiny,rapid,medium,menacing
9421,glide,light,direct,sustained,throaty,breathy,elder,tiny,rapid,big,friendly
9422,glide,light,direct,sustained,throaty,breathy,elder,tiny,rapid,big,deadpan
9423,glide,light,direct,sustained,throaty,breathy,elder,tiny,rapid,big,menacing
9424,glide,light,direct,sustained,throaty,breathy,elder,medium,slow,hushed,friendly
9425,glide,light,direct,sustained,throaty,breathy,elder,medium,slow,hushed,deadpan
9426,glide,light,direct,sustained,throaty,breathy,elder,medium,slow,hushed,menacing
9427,glide,light,direct,sustained,throaty,breathy,elder,medium,slow,medium,friendly
9428,glide,light,direct,sustained,throaty,breathy,elder,medium,slow,medium,deadpan
9429,glide,light,direct,sustained,throaty,breathy,elder,medium,slow,medium,menacing
9430,glide,light,direct,sustained,throaty,breathy,elder,medium,slow,big,friendly
9431,glide,light,direct,sustained,throaty,breathy,elder,medium,slow,big,deadpan
9432,glide,light,direct,sustained,throaty,breathy,elder,medium,slow,big,menacing
9433,glide,light,direct,sustained,throaty,breathy,elder,medium,steady,hushed,friendly
9434,glide,light,direct,sustained,throaty,breathy,elder,medium,steady,hushed,deadpan
9435,glide,light,direct,sustained,throaty,breathy,elder,medium,steady,hushed,menacing
9436,glide,light,direct,sustained,throaty,breathy,elder,medium,steady,medium,friendly
9437,glide,light,direct,sustained,throaty,breathy,elder,medium,steady,medium,deadpan
9438,glide,light,direct,sustained,throaty,breathy,elder,medium,steady,medium,menacing
9439,glide,light,direct,sustained,throaty,breathy,elder,medium,steady,big,friendly
9440,glide,light,direct,sustained,throaty,breathy,elder,medium,steady,big,deadpan
9441,glide,light,direct,sustained,throaty,breathy,elder,medium,steady,big,menacing
9442,glide,light,direct,sustained,throaty,breathy,elder,medium,rapid,hushed,friendly
9443,glide,light,direct,sustained,throaty,breathy,elder,medium,rapid,hushed,deadpan
9444,glide,light,direct,sustained,throaty,breathy,elder,medium,rapid,hushed,menacing
9445,glide,light,direct,sustained,throaty,breathy,elder,medium,rapid,medium,friendly
9446,glide,light,direct,sustained,throaty,breathy,elder,medium,rapid,medium,deadpan
9447,glide,light,direct,sustained,throaty,breathy,elder,medium,rapid,medium,menacing
9448,glide,light,direct,sustained,throaty,breathy,elder,medium,rapid,big,friendly
9449,glide,light,direct,sustained,throaty,breathy,elder,medium,rapid,big,deadpan
9450,glide,light,direct,sustained,throaty,breathy,elder,medium,rapid,big,menacing
9451,glide,light,direct,sustained,throaty,breathy,elder,huge,slow,hushed,friendly
9452,glide,light,direct,sustained,throaty,breathy,elder,huge,slow,hushed,deadpan
9453,glide,light,direct,sustained,throaty,breathy,elder,huge,slow,hushed,menacing
9454,glide,light,direct,sustained,throaty,breathy,elder,huge,slow,medium,friendly
9455,glide,light,direct,sustained,throaty,breathy,elder,huge,slow,medium,deadpan
9456,glide,light,direct,sustained,throaty,breathy,elder,huge,slow,medium,menacing
9457,glide,light,direct,sustained,throaty,breathy,elder,huge,slow,big,friendly
9458,glide,light,direct,sustained,throaty,breathy,elder,huge,slow,big,deadpan
9459,glide,light,direct,sustained,throaty,breathy,elder,huge,slow,big,menacing
9460,glide,light,direct,sustained,throaty,breathy,elder,huge,steady,hushed,friendly
9461,glide,light,direct,sustained,throaty,breathy,elder,huge,steady,hushed,deadpan
9462,glide,light,direct,sustained,throaty,breathy,elder,huge,steady,hushed,menacing
9463,glide,light,direct,sustained,throaty,breathy,elder,huge,steady,medium,friendly
9464,glide,light,direct,sustained,throaty,breathy,elder,huge,steady,medium,deadpan
9465,glide,light,direct,sustained,throaty,breathy,elder,huge,steady,medium,menacing
9466,glide,light,direct,sustained,throaty,breathy,elder,huge,steady,big,friendly
9467,glide,light,direct,sustained,throaty,breathy,elder,huge,steady,big,deadpan
9468,glide,light,direct,sustained,throaty,breathy,elder,huge,steady,big,menacing
9469,glide,light,direct,sustained,throaty,breathy,elder,huge,rapid,hushed,friendly
9470,glide,light,direct,sustained,throaty,breathy,elder,huge,rapid,hushed,deadpan
9471,glide,light,direct,sustained,throaty,breathy,elder,huge,rapid,hushed,menacing
9472,glide,light,direct,sustained,throaty,breathy,elder,huge,rapid,medium,friendly
9473,glide,light,direct,sustained,throaty,breathy,elder,huge,rapid,medium,deadpan
9474,glide,light,direct,sustained,throaty,breathy,elder,huge,rapid,medium,menacing
9475,glide,light,direct,sustained,throaty,breathy,elder,huge,rapid,big,friendly
9476,glide,light,direct,sustained,throaty,breathy,elder,huge,rapid,big,deadpan
9477,glide,light,direct,sustained,throaty,breathy,elder,huge,rapid,big,menacing
9478,glide,light,direct,sustained,throaty,dry,kid-ish,tiny,slow,hushed,friendly
9479,glide,light,direct,sustained,throaty,dry,kid-ish,tiny,slow,hushed,deadpan
9480,glide,light,direct,sustained,throaty,dry,kid-ish,tiny,slow,hushed,menacing
9481,glide,light,direct,sustained,throaty,dry,kid-ish,tiny,slow,medium,friendly
9482,glide,light,direct,sustained,throaty,dry,kid-ish,tiny,slow,medium,deadpan
9483,glide,light,direct,sustained,throaty,dry,kid-ish,tiny,slow,medium,menacing
9484,glide,light,direct,sustained,throaty,dry,kid-ish,tiny,slow,big,friendly
9485,glide,light,direct,sustained,throaty,dry,kid-ish,tiny,slow,big,deadpan
9486,glide,light,direct,sustained,throaty,dry,kid-ish,tiny,slow,big,menacing
9487,glide,light,direct,sustained,throaty,dry,kid-ish,tiny,steady,hushed,friendly
9488,glide,light,direct,sustained,throaty,dry,kid-ish,tiny,steady,hushed,deadpan
9489,glide,light,direct,sustained,throaty,dry,kid-ish,tiny,steady,hushed,menacing
9490,glide,light,direct,sustained,throaty,dry,kid-ish,tiny,steady,medium,friendly
9491,glide,light,direct,sustained,throaty,dry,kid-ish,tiny,steady,medium,deadpan
9492,glide,light,direct,sustained,throaty,dry,kid-ish,tiny,steady,medium,menacing
9493,glide,light,direct,sustained,throaty,dry,kid-ish,tiny,steady,big,friendly
9494,glide,light,direct,sustained,throaty,dry,kid-ish,tiny,steady,big,deadpan
9495,glide,light,direct,sustained,throaty,dry,kid-ish,tiny,steady,big,menacing
9496,glide,light,direct,sustained,throaty,dry,kid-ish,tiny,rapid,hushed,friendly
9497,glide,light,direct,sustained,throaty,dry,kid-ish,tiny,rapid,hushed,deadpan
9498,glide,light,direct,sustained,throaty,dry,kid-ish,tiny,rapid,hushed,menacing
9499,glide,light,direct,sustained,throaty,dry,kid-ish,tiny,rapid,medium,friendly
9500,glide,light,direct,sustained,throaty,dry,kid-ish,tiny,rapid,medium,deadpan
9501,glide,light,direct,sustained,throaty,dry,kid-ish,tiny,rapid,medium,menacing
9502,glide,light,direct,sustained,throaty,dry,kid-ish,tiny,rapid,big,friendly
9503,glide,light,direct,sustained,throaty,dry,kid-ish,tiny,rapid,big,deadpan
9504,glide,light,direct,sustained,throaty,dry,kid-ish,tiny,rapid,big,menacing
9505,glide,light,direct,sustained,throaty,dry,kid-ish,medium,slow,hushed,friendly
9506,glide,light,direct,sustained,throaty,dry,kid-ish,medium,slow,hushed,deadpan
9507,glide,light,direct,sustained,throaty,dry,kid-ish,medium,slow,hushed,menacing
9508,glide,light,direct,sustained,throaty,dry,kid-ish,medium,slow,medium,friendly
9509,glide,light,direct,sustained,throaty,dry,kid-ish,medium,slow,medium,deadpan
9510,glide,light,direct,sustained,throaty,dry,kid-ish,medium,slow,medium,menacing
9511,glide,light,direct,sustained,throaty,dry,kid-ish,medium,slow,big,friendly
9512,glide,light,direct,sustained,throaty,dry,kid-ish,medium,slow,big,deadpan
9513,glide,light,direct,sustained,throaty,dry,kid-ish,medium,slow,big,menacing
9514,glide,light,direct,sustained,throaty,dry,kid-ish,medium,steady,hushed,friendly
9515,glide,light,direct,sustained,throaty,dry,kid-ish,medium,steady,hushed,deadpan
9516,glide,light,direct,sustained,throaty,dry,kid-ish,medium,steady,hushed,menacing
9517,glide,light,direct,sustained,throaty,dry,kid-ish,medium,steady,medium,friendly
9518,glide,light,direct,sustained,throaty,dry,kid-ish,medium,steady,medium,deadpan
9519,glide,light,direct,sustained,throaty,dry,kid-ish,medium,steady,medium,menacing
9520,glide,light,direct,sustained,throaty,dry,kid-ish,medium,steady,big,friendly
9521,glide,light,direct,sustained,throaty,dry,kid-ish,medium,steady,big,deadpan
9522,glide,light,direct,sustained,throaty,dry,kid-ish,medium,steady,big,menacing
9523,glide,light,direct,sustained,throaty,dry,kid-ish,medium,rapid,hushed,friendly
9524,glide,light,direct,sustained,throaty,dry,kid-ish,medium,rapid,hushed,deadpan
9525,glide,light,direct,sustained,throaty,dry,kid-ish,medium,rapid,hushed,menacing
9526,glide,light,direct,sustained,throaty,dry,kid-ish,medium,rapid,medium,friendly
9527,glide,light,direct,sustained,throaty,dry,kid-ish,medium,rapid,medium,deadpan
9528,glide,light,direct,sustained,throaty,dry,kid-ish,medium,rapid,medium,menacing
9529,glide,light,direct,sustained,throaty,dry,kid-ish,medium,rapid,big,friendly
9530,glide,light,direct,sustained,throaty,dry,kid-ish,medium,rapid,big,deadpan
9531,glide,light,direct,sustained,throaty,dry,kid-ish,medium,rapid,big,menacing
9532,glide,light,direct,sustained,throaty,dry,kid-ish,huge,slow,hushed,friendly
9533,glide,light,direct,sustained,throaty,dry,kid-ish,huge,slow,hushed,deadpan
9534,glide,light,direct,sustained,throaty,dry,kid-ish,huge,slow,hushed,menacing
9535,glide,light,direct,sustained,throaty,dry,kid-ish,huge,slow,medium,friendly
9536,glide,light,direct,sustained,throaty,dry,kid-ish,huge,slow,medium,deadpan
9537,glide,light,direct,sustained,throaty,dry,kid-ish,huge,slow,medium,menacing
9538,glide,light,direct,sustained,throaty,dry,kid-ish,huge,slow,big,friendly
9539,glide,light,direct,sustained,throaty,dry,kid-ish,huge,slow,big,deadpan
9540,glide,light,direct,sustained,throaty,dry,kid-ish,huge,slow,big,menacing
9541,glide,light,direct,sustained,throaty,dry,kid-ish,huge,steady,hushed,friendly
9542,glide,light,direct,sustained,throaty,dry,kid-ish,huge,steady,hushed,deadpan
9543,glide,light,direct,sustained,throaty,dry,kid-ish,huge,steady,hushed,menacing
9544,glide,light,direct,sustained,throaty,dry,kid-ish,huge,steady,medium,friendly
9545,glide,light,direct,sustained,throaty,dry,kid-ish,huge,steady,medium,deadpan
9546,glide,light,direct,sustained,throaty,dry,kid-ish,huge,steady,medium,menacing
9547,glide,light,direct,sustained,throaty,dry,kid-ish,huge,steady,big,friendly
9548,glide,light,direct,sustained,throaty,dry,kid-ish,huge,steady,big,deadpan
9549,glide,light,direct,sustained,throaty,dry,kid-ish,huge,steady,big,menacing
9550,glide,light,direct,sustained,throaty,dry,kid-ish,huge,rapid,hushed,friendly
9551,glide,light,direct,sustained,throaty,dry,kid-ish,huge,rapid,hushed,deadpan
9552,glide,light,direct,sustained,throaty,dry,kid-ish,huge,rapid,hushed,menacing
9553,glide,light,direct,sustained,throaty,dry,kid-ish,huge,rapid,medium,friendly
9554,glide,light,direct,sustained,throaty,dry,kid-ish,huge,rapid,medium,deadpan
9555,glide,light,direct,sustained,throaty,dry,kid-ish,huge,rapid,medium,menacing
9556,glide,light,direct,sustained,throaty,dry,kid-ish,huge,rapid,big,friendly
9557,glide,light,direct,sustained,throaty,dry,kid-ish,huge,rapid,big,deadpan
9558,glide,light,direct,sustained,throaty,dry,kid-ish,huge,rapid,big,menacing
9559,glide,light,direct,sustained,throaty,dry,adult,tiny,slow,hushed,friendly
9560,glide,light,direct,sustained,throaty,dry,adult,tiny,slow,hushed,deadpan
9561,glide,light,direct,sustained,throaty,dry,adult,tiny,slow,hushed,menacing
9562,glide,light,direct,sustained,throaty,dry,adult,tiny,slow,medium,friendly
9563,glide,light,direct,sustained,throaty,dry,adult,tiny,slow,medium,deadpan
9564,glide,light,direct,sustained,throaty,dry,adult,tiny,slow,medium,menacing
9565,glide,light,direct,sustained,throaty,dry,adult,tiny,slow,big,friendly
9566,glide,light,direct,sustained,throaty,dry,adult,tiny,slow,big,deadpan
9567,glide,light,direct,sustained,throaty,dry,adult,tiny,slow,big,menacing
9568,glide,light,direct,sustained,throaty,dry,adult,tiny,steady,hushed,friendly
9569,glide,light,direct,sustained,throaty,dry,adult,tiny,steady,hushed,deadpan
9570,glide,light,direct,sustained,throaty,dry,adult,tiny,steady,hushed,menacing
9571,glide,light,direct,sustained,throaty,dry,adult,tiny,steady,medium,friendly
9572,glide,light,direct,sustained,throaty,dry,adult,tiny,steady,medium,deadpan
9573,glide,light,direct,sustained,throaty,dry,adult,tiny,steady,medium,menacing
9574,glide,light,direct,sustained,throaty,dry,adult,tiny,steady,big,friendly
9575,glide,light,direct,sustained,throaty,dry,adult,tiny,steady,big,deadpan
9576,glide,light,direct,sustained,throaty,dry,adult,tiny,steady,big,menacing
9577,glide,light,direct,sustained,throaty,dry,adult,tiny,rapid,hushed,friendly
9578,glide,light,direct,sustained,throaty,dry,adult,tiny,rapid,hushed,deadpan
9579,glide,light,direct,sustained,throaty,dry,adult,tiny,rapid,hushed,menacing
9580,glide,light,direct,sustained,throaty,dry,adult,tiny,rapid,medium,friendly
9581,glide,light,direct,sustained,throaty,dry,adult,tiny,rapid,medium,deadpan
9582,glide,light,direct,sustained,throaty,dry,adult,tiny,rapid,medium,menacing
9583,glide,light,direct,sustained,throaty,dry,adult,tiny,rapid,big,friendly
9584,glide,light,direct,sustained,throaty,dry,adult,tiny,rapid,big,deadpan
9585,glide,light,direct,sustained,throaty,dry,adult,tiny,rapid,big,menacing
9586,glide,light,direct,sustained,throaty,dry,adult,medium,slow,hushed,friendly
9587,glide,light,direct,sustained,throaty,dry,adult,medium,slow,hushed,deadpan
9588,glide,light,direct,sustained,throaty,dry,adult,medium,slow,hushed,menacing
9589,glide,light,direct,sustained,throaty,dry,adult,medium,slow,medium,friendly
9590,glide,light,direct,sustained,throaty,dry,adult,medium,slow,medium,deadpan
9591,glide,light,direct,sustained,throaty,dry,adult,medium,slow,medium,menacing
9592,glide,light,direct,sustained,throaty,dry,adult,medium,slow,big,friendly
9593,glide,light,direct,sustained,throaty,dry,adult,medium,slow,big,deadpan
9594,glide,light,direct,sustained,throaty,dry,adult,medium,slow,big,menacing
9595,glide,light,direct,sustained,throaty,dry,adult,medium,steady,hushed,friendly
9596,glide,light,direct,sustained,throaty,dry,adult,medium,steady,hushed,deadpan
9597,glide,light,direct,sustained,throaty,dry,adult,medium,steady,hushed,menacing
9598,glide,light,direct,sustained,throaty,dry,adult,medium,steady,medium,friendly
9599,glide,light,direct,sustained,throaty,dry,adult,medium,steady,medium,deadpan
9600,glide,light,direct,sustained,throaty,dry,adult,medium,steady,medium,menacing
9601,glide,light,direct,sustained,throaty,dry,adult,medium,steady,big,friendly
9602,glide,light,direct,sustained,throaty,dry,adult,medium,steady,big,deadpan
9603,glide,light,direct,sustained,throaty,dry,adult,medium,steady,big,menacing
9604,glide,light,direct,sustained,throaty,dry,adult,medium,rapid,hushed,friendly
9605,glide,light,direct,sustained,throaty,dry,adult,medium,rapid,hushed,deadpan
9606,glide,light,direct,sustained,throaty,dry,adult,medium,rapid,hushed,menacing
9607,glide,light,direct,sustained,throaty,dry,adult,medium,rapid,medium,friendly
9608,glide,light,direct,sustained,throaty,dry,adult,medium,rapid,medium,deadpan
9609,glide,light,direct,sustained,throaty,dry,adult,medium,rapid,medium,menacing
9610,glide,light,direct,sustained,throaty,dry,adult,medium,rapid,big,friendly
9611,glide,light,direct,sustained,throaty,dry,adult,medium,rapid,big,deadpan
9612,glide,light,direct,sustained,throaty,dry,adult,medium,rapid,big,menacing
9613,glide,light,direct,sustained,throaty,dry,adult,huge,slow,hushed,friendly
9614,glide,light,direct,sustained,throaty,dry,adult,huge,slow,hushed,deadpan
9615,glide,light,direct,sustained,throaty,dry,adult,huge,slow,hushed,menacing
9616,glide,light,direct,sustained,throaty,dry,adult,huge,slow,medium,friendly
9617,glide,light,direct,sustained,throaty,dry,adult,huge,slow,medium,deadpan
9618,glide,light,direct,sustained,throaty,dry,adult,huge,slow,medium,menacing
9619,glide,light,direct,sustained,throaty,dry,adult,huge,slow,big,friendly
9620,glide,light,direct,sustained,throaty,dry,adult,huge,slow,big,deadpan
9621,glide,light,direct,sustained,throaty,dry,adult,huge,slow,big,menacing
9622,glide,light,direct,sustained,throaty,dry,adult,huge,steady,hushed,friendly
9623,glide,light,direct,sustained,throaty,dry,adult,huge,steady,hushed,deadpan
9624,glide,light,direct,sustained,throaty,dry,adult,huge,steady,hushed,menacing
9625,glide,light,direct,sustained,throaty,dry,adult,huge,steady,medium,friendly
9626,glide,light,direct,sustained,throaty,dry,adult,huge,steady,medium,deadpan
9627,glide,light,direct,sustained,throaty,dry,adult,huge,steady,medium,menacing
9628,glide,light,direct,sustained,throaty,dry,adult,huge,steady,big,friendly
9629,glide,light,direct,sustained,throaty,dry,adult,huge,steady,big,deadpan
9630,glide,light,direct,sustained,throaty,dry,adult,huge,steady,big,menacing
9631,glide,light,direct,sustained,throaty,dry,adult,huge,rapid,hushed,friendly
9632,glide,light,direct,sustained,throaty,dry,adult,huge,rapid,hushed,deadpan
9633,glide,light,direct,sustained,throaty,dry,adult,huge,rapid,hushed,menacing
9634,glide,light,direct,sustained,throaty,dry,adult,huge,rapid,medium,friendly
9635,glide,light,direct,sustained,throaty,dry,adult,huge,rapid,medium,deadpan
9636,glide,light,direct,sustained,throaty,dry,adult,huge,rapid,medium,menacing
9637,glide,light,direct,sustained,throaty,dry,adult,huge,rapid,big,friendly
9638,glide,light,direct,sustained,throaty,dry,adult,huge,rapid,big,deadpan
9639,glide,light,direct,sustained,throaty,dry,adult,huge,rapid,big,menacing
9640,glide,light,direct,sustained,throaty,dry,elder,tiny,slow,hushed,friendly
9641,glide,light,direct,sustained,throaty,dry,elder,tiny,slow,hushed,deadpan
9642,glide,light,direct,sustained,throaty,dry,elder,tiny,slow,hushed,menacing
9643,glide,light,direct,sustained,throaty,dry,elder,tiny,slow,medium,friendly
9644,glide,light,direct,sustained,throaty,dry,elder,tiny,slow,medium,deadpan
9645,glide,light,direct,sustained,throaty,dry,elder,tiny,slow,medium,menacing
9646,glide,light,direct,sustained,throaty,dry,elder,tiny,slow,big,friendly
9647,glide,light,direct,sustained,throaty,dry,elder,tiny,slow,big,deadpan
9648,glide,light,direct,sustained,throaty,dry,elder,tiny,slow,big,menacing
9649,glide,light,direct,sustained,throaty,dry,elder,tiny,steady,hushed,friendly
9650,glide,light,direct,sustained,throaty,dry,elder,tiny,steady,hushed,deadpan
9651,glide,light,direct,sustained,throaty,dry,elder,tiny,steady,hushed,menacing
9652,glide,light,direct,sustained,throaty,dry,elder,tiny,steady,medium,friendly
9653,glide,light,direct,sustained,throaty,dry,elder,tiny,steady,medium,deadpan
9654,glide,light,direct,sustained,throaty,dry,elder,tiny,steady,medium,menacing
9655,glide,light,direct,sustained,throaty,dry,elder,tiny,steady,big,friendly
9656,glide,light,direct,sustained,throaty,dry,elder,tiny,steady,big,deadpan
9657,glide,light,direct,sustained,throaty,dry,elder,tiny,steady,big,menacing
9658,glide,light,direct,sustained,throaty,dry,elder,tiny,rapid,hushed,friendly
9659,glide,light,direct,sustained,throaty,dry,elder,tiny,rapid,hushed,deadpan
9660,glide,light,direct,sustained,throaty,dry,elder,tiny,rapid,hushed,menacing
9661,glide,light,direct,sustained,throaty,dry,elder,tiny,rapid,medium,friendly
9662,glide,light,direct,sustained,throaty,dry,elder,tiny,rapid,medium,deadpan
9663,glide,light,direct,sustained,throaty,dry,elder,tiny,rapid,medium,menacing
9664,glide,light,direct,sustained,throaty,dry,elder,tiny,rapid,big,friendly
9665,glide,light,direct,sustained,throaty,dry,elder,tiny,rapid,big,deadpan
9666,glide,light,direct,sustained,throaty,dry,elder,tiny,rapid,big,menacing
9667,glide,light,direct,sustained,throaty,dry,elder,medium,slow,hushed,friendly
9668,glide,light,direct,sustained,throaty,dry,elder,medium,slow,hushed,deadpan
9669,glide,light,direct,sustained,throaty,dry,elder,medium,slow,hushed,menacing
9670,glide,light,direct,sustained,throaty,dry,elder,medium,slow,medium,friendly
9671,glide,light,direct,sustained,throaty,dry,elder,medium,slow,medium,deadpan
9672,glide,light,direct,sustained,throaty,dry,elder,medium,slow,medium,menacing
9673,glide,light,direct,sustained,throaty,dry,elder,medium,slow,big,friendly
9674,glide,light,direct,sustained,throaty,dry,elder,medium,slow,big,deadpan
9675,glide,light,direct,sustained,throaty,dry,elder,medium,slow,big,menacing
9676,glide,light,direct,sustained,throaty,dry,elder,medium,steady,hushed,friendly
9677,glide,light,direct,sustained,throaty,dry,elder,medium,steady,hushed,deadpan
9678,glide,light,direct,sustained,throaty,dry,elder,medium,steady,hushed,menacing
9679,glide,light,direct,sustained,throaty,dry,elder,medium,steady,medium,friendly
9680,glide,light,direct,sustained,throaty,dry,elder,medium,steady,medium,deadpan
9681,glide,light,direct,sustained,throaty,dry,elder,medium,steady,medium,menacing
9682,glide,light,direct,sustained,throaty,dry,elder,medium,steady,big,friendly
9683,glide,light,direct,sustained,throaty,dry,elder,medium,steady,big,deadpan
9684,glide,light,direct,sustained,throaty,dry,elder,medium,steady,big,menacing
9685,glide,light,direct,sustained,throaty,dry,elder,medium,rapid,hushed,friendly
9686,glide,light,direct,sustained,throaty,dry,elder,medium,rapid,hushed,deadpan
9687,glide,light,direct,sustained,throaty,dry,elder,medium,rapid,hushed,menacing
9688,glide,light,direct,sustained,throaty,dry,elder,medium,rapid,medium,friendly
9689,glide,light,direct,sustained,throaty,dry,elder,medium,rapid,medium,deadpan
9690,glide,light,direct,sustained,throaty,dry,elder,medium,rapid,medium,menacing
9691,glide,light,direct,sustained,throaty,dry,elder,medium,rapid,big,friendly
9692,glide,light,direct,sustained,throaty,dry,elder,medium,rapid,big,deadpan
9693,glide,light,direct,sustained,throaty,dry,elder,medium,rapid,big,menacing
9694,glide,light,direct,sustained,throaty,dry,elder,huge,slow,hushed,friendly
9695,glide,light,direct,sustained,throaty,dry,elder,huge,slow,hushed,deadpan
9696,glide,light,direct,sustained,throaty,dry,elder,huge,slow,hushed,menacing
9697,glide,light,direct,sustained,throaty,dry,elder,huge,slow,medium,friendly
9698,glide,light,direct,sustained,throaty,dry,elder,huge,slow,medium,deadpan
9699,glide,light,direct,sustained,throaty,dry,elder,huge,slow,medium,menacing
9700,glide,light,direct,sustained,throaty,dry,elder,huge,slow,big,friendly
9701,glide,light,direct,sustained,throaty,dry,elder,huge,slow,big,deadpan
9702,glide,light,direct,sustained,throaty,dry,elder,huge,slow,big,menacing
9703,glide,light,direct,sustained,throaty,dry,elder,huge,steady,hushed,friendly
9704,glide,light,direct,sustained,throaty,dry,elder,huge,steady,hushed,deadpan
9705,glide,light,direct,sustained,throaty,dry,elder,huge,steady,hushed,menacing
9706,glide,light,direct,sustained,throaty,dry,elder,huge,steady,medium,friendly
9707,glide,light,direct,sustained,throaty,dry,elder,huge,steady,medium,deadpan
9708,glide,light,direct,sustained,throaty,dry,elder,huge,steady,medium,menacing
9709,glide,light,direct,sustained,throaty,dry,elder,huge,steady,big,friendly
9710,glide,light,direct,sustained,throaty,dry,elder,huge,steady,big,deadpan
9711,glide,light,direct,sustained,throaty,dry,elder,huge,steady,big,menacing
9712,glide,light,direct,sustained,throaty,dry,elder,huge,rapid,hushed,friendly
9713,glide,light,direct,sustained,throaty,dry,elder,huge,rapid,hushed,deadpan
9714,glide,light,direct,sustained,throaty,dry,elder,huge,rapid,hushed,menacing
9715,glide,light,direct,sustained,throaty,dry,elder,huge,rapid,medium,friendly
9716,glide,light,direct,sustained,throaty,dry,elder,huge,rapid,medium,deadpan
9717,glide,light,direct,sustained,throaty,dry,elder,huge,rapid,medium,menacing
9718,glide,light,direct,sustained,throaty,dry,elder,huge,rapid,big,friendly
9719,glide,light,direct,sustained,throaty,dry,elder,huge,rapid,big,deadpan
9720,glide,light,direct,sustained,throaty,dry,elder,huge,rapid,big,menacing
9721,glide,light,direct,sustained,balanced,breathy,kid-ish,tiny,slow,hushed,friendly
9722,glide,light,direct,sustained,balanced,breathy,kid-ish,tiny,slow,hushed,deadpan
9723,glide,light,direct,sustained,balanced,breathy,kid-ish,tiny,slow,hushed,menacing
9724,glide,light,direct,sustained,balanced,breathy,kid-ish,tiny,slow,medium,friendly
9725,glide,light,direct,sustained,balanced,breathy,kid-ish,tiny,slow,medium,deadpan
9726,glide,light,direct,sustained,balanced,breathy,kid-ish,tiny,slow,medium,menacing
9727,glide,light,direct,sustained,balanced,breathy,kid-ish,tiny,slow,big,friendly
9728,glide,light,direct,sustained,balanced,breathy,kid-ish,tiny,slow,big,deadpan
9729,glide,light,direct,sustained,balanced,breathy,kid-ish,tiny,slow,big,menacing
9730,glide,light,direct,sustained,balanced,breathy,kid-ish,tiny,steady,hushed,friendly
9731,glide,light,direct,sustained,balanced,breathy,kid-ish,tiny,steady,hushed,deadpan
9732,glide,light,direct,sustained,balanced,breathy,kid-ish,tiny,steady,hushed,menacing
9733,glide,light,direct,sustained,balanced,breathy,kid-ish,tiny,steady,medium,friendly
9734,glide,light,direct,sustained,balanced,breathy,kid-ish,tiny,steady,medium,deadpan
9735,glide,light,direct,sustained,balanced,breathy,kid-ish,tiny,steady,medium,menacing
9736,glide,light,direct,sustained,balanced,breathy,kid-ish,tiny,steady,big,friendly
9737,glide,light,direct,sustained,balanced,breathy,kid-ish,tiny,steady,big,deadpan
9738,glide,light,direct,sustained,balanced,breathy,kid-ish,tiny,steady,big,menacing
9739,glide,light,direct,sustained,balanced,breathy,kid-ish,tiny,rapid,hushed,friendly
9740,glide,light,direct,sustained,balanced,breathy,kid-ish,tiny,rapid,hushed,deadpan
9741,glide,light,direct,sustained,balanced,breathy,kid-ish,tiny,rapid,hushed,menacing
9742,glide,light,direct,sustained,balanced,breathy,kid-ish,tiny,rapid,medium,friendly
9743,glide,light,direct,sustained,balanced,breathy,kid-ish,tiny,rapid,medium,deadpan
9744,glide,light,direct,sustained,balanced,breathy,kid-ish,tiny,rapid,medium,menacing
9745,glide,light,direct,sustained,balanced,breathy,kid-ish,tiny,rapid,big,friendly
9746,glide,light,direct,sustained,balanced,breathy,kid-ish,tiny,rapid,big,deadpan
9747,glide,light,direct,sustained,balanced,breathy,kid-ish,tiny,rapid,big,menacing
9748,glide,light,direct,sustained,balanced,breathy,kid-ish,medium,slow,hushed,friendly
9749,glide,light,direct,sustained,balanced,breathy,kid-ish,medium,slow,hushed,deadpan
9750,glide,light,direct,sustained,balanced,breathy,kid-ish,medium,slow,hushed,menacing
9751,glide,light,direct,sustained,balanced,breathy,kid-ish,medium,slow,medium,friendly
9752,glide,light,direct,sustained,balanced,breathy,kid-ish,medium,slow,medium,deadpan
9753,glide,light,direct,sustained,balanced,breathy,kid-ish,medium,slow,medium,menacing
9754,glide,light,direct,sustained,balanced,breathy,kid-ish,medium,slow,big,friendly
9755,glide,light,direct,sustained,balanced,breathy,kid-ish,medium,slow,big,deadpan
9756,glide,light,direct,sustained,balanced,breathy,kid-ish,medium,slow,big,menacing
9757,glide,light,direct,sustained,balanced,breathy,kid-ish,medium,steady,hushed,friendly
9758,glide,light,direct,sustained,balanced,breathy,kid-ish,medium,steady,hushed,deadpan
9759,glide,light,direct,sustained,balanced,breathy,kid-ish,medium,steady,hushed,menacing
9760,glide,light,direct,sustained,balanced,breathy,kid-ish,medium,steady,medium,friendly
9761,glide,light,direct,sustained,balanced,breathy,kid-ish,medium,steady,medium,deadpan
9762,glide,light,direct,sustained,balanced,breathy,kid-ish,medium,steady,medium,menacing
9763,glide,light,direct,sustained,balanced,breathy,kid-ish,medium,steady,big,friendly
9764,glide,light,direct,sustained,balanced,breathy,kid-ish,medium,steady,big,deadpan
9765,glide,light,direct,sustained,balanced,breathy,kid-ish,medium,steady,big,menacing
9766,glide,light,direct,sustained,balanced,breathy,kid-ish,medium,rapid,hushed,friendly
9767,glide,light,direct,sustained,balanced,breathy,kid-ish,medium,rapid,hushed,deadpan
9768,glide,light,direct,sustained,balanced,breathy,kid-ish,medium,rapid,hushed,menacing
9769,glide,light,direct,sustained,balanced,breathy,kid-ish,medium,rapid,medium,friendly
9770,glide,light,direct,sustained,balanced,breathy,kid-ish,medium,rapid,medium,deadpan
9771,glide,light,direct,sustained,balanced,breathy,kid-ish,medium,rapid,medium,menacing
9772,glide,light,direct,sustained,balanced,breathy,kid-ish,medium,rapid,big,friendly
9773,glide,light,direct,sustained,balanced,breathy,kid-ish,medium,rapid,big,deadpan
9774,glide,light,direct,sustained,balanced,breathy,kid-ish,medium,rapid,big,menacing
9775,glide,light,direct,sustained,balanced,breathy,kid-ish,huge,slow,hushed,friendly
9776,glide,light,direct,sustained,balanced,breathy,kid-ish,huge,slow,hushed,deadpan
9777,glide,light,direct,sustained,balanced,breathy,kid-ish,huge,slow,hushed,menacing
9778,glide,light,direct,sustained,balanced,breathy,kid-ish,huge,slow,medium,friendly
9779,glide,light,direct,sustained,balanced,breathy,kid-ish,huge,slow,medium,deadpan
9780,glide,light,direct,sustained,balanced,breathy,kid-ish,huge,slow,medium,menacing
9781,glide,light,direct,sustained,balanced,breathy,kid-ish,huge,slow,big,friendly
9782,glide,light,direct,sustained,balanced,breathy,kid-ish,huge,slow,big,deadpan
9783,glide,light,direct,sustained,balanced,breathy,kid-ish,huge,slow,big,menacing
9784,glide,light,direct,sustained,balanced,breathy,kid-ish,huge,steady,hushed,friendly
9785,glide,light,direct,sustained,balanced,breathy,kid-ish,huge,steady,hushed,deadpan
9786,glide,light,direct,sustained,balanced,breathy,kid-ish,huge,steady,hushed,menacing
9787,glide,light,direct,sustained,balanced,breathy,kid-ish,huge,steady,medium,friendly
9788,glide,light,direct,sustained,balanced,breathy,kid-ish,huge,steady,medium,deadpan
9789,glide,light,direct,sustained,balanced,breathy,kid-ish,huge,steady,medium,menacing
9790,glide,light,direct,sustained,balanced,breathy,kid-ish,huge,steady,big,friendly
9791,glide,light,direct,sustained,balanced,breathy,kid-ish,huge,steady,big,deadpan
9792,glide,light,direct,sustained,balanced,breathy,kid-ish,huge,steady,big,menacing
9793,glide,light,direct,sustained,balanced,breathy,kid-ish,huge,rapid,hushed,friendly
9794,glide,light,direct,sustained,balanced,breathy,kid-ish,huge,rapid,hushed,deadpan
9795,glide,light,direct,sustained,balanced,breathy,kid-ish,huge,rapid,hushed,menacing
9796,glide,light,direct,sustained,balanced,breathy,kid-ish,huge,rapid,medium,friendly
9797,glide,light,direct,sustained,balanced,breathy,kid-ish,huge,rapid,medium,deadpan
9798,glide,light,direct,sustained,balanced,breathy,kid-ish,huge,rapid,medium,menacing
9799,glide,light,direct,sustained,balanced,breathy,kid-ish,huge,rapid,big,friendly
9800,glide,light,direct,sustained,balanced,breathy,kid-ish,huge,rapid,big,deadpan
9801,glide,light,direct,sustained,balanced,breathy,kid-ish,huge,rapid,big,menacing
9802,glide,light,direct,sustained,balanced,breathy,adult,tiny,slow,hushed,friendly
9803,glide,light,direct,sustained,balanced,breathy,adult,tiny,slow,hushed,deadpan
9804,glide,light,direct,sustained,balanced,breathy,adult,tiny,slow,hushed,menacing
9805,glide,light,direct,sustained,balanced,breathy,adult,tiny,slow,medium,friendly
9806,glide,light,direct,sustained,balanced,breathy,adult,tiny,slow,medium,deadpan
9807,glide,light,direct,sustained,balanced,breathy,adult,tiny,slow,medium,menacing
9808,glide,light,direct,sustained,balanced,breathy,adult,tiny,slow,big,friendly
9809,glide,light,direct,sustained,balanced,breathy,adult,tiny,slow,big,deadpan
9810,glide,light,direct,sustained,balanced,breathy,adult,tiny,slow,big,menacing
9811,glide,light,direct,sustained,balanced,breathy,adult,tiny,steady,hushed,friendly
9812,glide,light,direct,sustained,balanced,breathy,adult,tiny,steady,hushed,deadpan
9813,glide,light,direct,sustained,balanced,breathy,adult,tiny,steady,hushed,menacing
9814,glide,light,direct,sustained,balanced,breathy,adult,tiny,steady,medium,friendly
9815,glide,light,direct,sustained,balanced,breathy,adult,tiny,steady,medium,deadpan
9816,glide,light,direct,sustained,balanced,breathy,adult,tiny,steady,medium,menacing
9817,glide,light,direct,sustained,balanced,breathy,adult,tiny,steady,big,friendly
9818,glide,light,direct,sustained,balanced,breathy,adult,tiny,steady,big,deadpan
9819,glide,light,direct,sustained,balanced,breathy,adult,tiny,steady,big,menacing
9820,glide,light,direct,sustained,balanced,breathy,adult,tiny,rapid,hushed,friendly
9821,glide,light,direct,sustained,balanced,breathy,adult,tiny,rapid,hushed,deadpan
9822,glide,light,direct,sustained,balanced,breathy,adult,tiny,rapid,hushed,menacing
9823,glide,light,direct,sustained,balanced,breathy,adult,tiny,rapid,medium,friendly
9824,glide,light,direct,sustained,balanced,breathy,adult,tiny,rapid,medium,deadpan
9825,glide,light,direct,sustained,balanced,breathy,adult,tiny,rapid,medium,menacing
9826,glide,light,direct,sustained,balanced,breathy,adult,tiny,rapid,big,friendly
9827,glide,light,direct,sustained,balanced,breathy,adult,tiny,rapid,big,deadpan
9828,glide,light,direct,sustained,balanced,breathy,adult,tiny,rapid,big,menacing
9829,glide,light,direct,sustained,balanced,breathy,adult,medium,slow,hushed,friendly
9830,glide,light,direct,sustained,balanced,breathy,adult,medium,slow,hushed,deadpan
9831,glide,light,direct,sustained,balanced,breathy,adult,medium,slow,hushed,menacing
9832,glide,light,direct,sustained,balanced,breathy,adult,medium,slow,medium,friendly
9833,glide,light,direct,sustained,balanced,breathy,adult,medium,slow,medium,deadpan
9834,glide,light,direct,sustained,balanced,breathy,adult,medium,slow,medium,menacing
9835,glide,light,direct,sustained,balanced,breathy,adult,medium,slow,big,friendly
9836,glide,light,direct,sustained,balanced,breathy,adult,medium,slow,big,deadpan
9837,glide,light,direct,sustained,balanced,breathy,adult,medium,slow,big,menacing
9838,glide,light,direct,sustained,balanced,breathy,adult,medium,steady,hushed,friendly
9839,glide,light,direct,sustained,balanced,breathy,adult,medium,steady,hushed,deadpan
9840,glide,light,direct,sustained,balanced,breathy,adult,medium,steady,hushed,menacing
9841,glide,light,direct,sustained,balanced,breathy,adult,medium,steady,medium,friendly
9842,glide,light,direct,sustained,balanced,breathy,adult,medium,steady,medium,deadpan
9843,glide,light,direct,sustained,balanced,breathy,adult,medium,steady,medium,menacing
9844,glide,light,direct,sustained,balanced,breathy,adult,medium,steady,big,friendly
9845,glide,light,direct,sustained,balanced,breathy,adult,medium,steady,big,deadpan
9846,glide,light,direct,sustained,balanced,breathy,adult,medium,steady,big,menacing
9847,glide,light,direct,sustained,balanced,breathy,adult,medium,rapid,hushed,friendly
9848,glide,light,direct,sustained,balanced,breathy,adult,medium,rapid,hushed,deadpan
9849,glide,light,direct,sustained,balanced,breathy,adult,medium,rapid,hushed,menacing
9850,glide,light,direct,sustained,balanced,breathy,adult,medium,rapid,medium,friendly
9851,glide,light,direct,sustained,balanced,breathy,adult,medium,rapid,medium,deadpan
9852,glide,light,direct,sustained,balanced,breathy,adult,medium,rapid,medium,menacing
9853,glide,light,direct,sustained,balanced,breathy,adult,medium,rapid,big,friendly
9854,glide,light,direct,sustained,balanced,breathy,adult,medium,rapid,big,deadpan
9855,glide,light,direct,sustained,balanced,breathy,adult,medium,rapid,big,menacing
9856,glide,light,direct,sustained,balanced,breathy,adult,huge,slow,hushed,friendly
9857,glide,light,direct,sustained,balanced,breathy,adult,huge,slow,hushed,deadpan
9858,glide,light,direct,sustained,balanced,breathy,adult,huge,slow,hushed,menacing
9859,glide,light,direct,sustained,balanced,breathy,adult,huge,slow,medium,friendly
9860,glide,light,direct,sustained,balanced,breathy,adult,huge,slow,medium,deadpan
9861,glide,light,direct,sustained,balanced,breathy,adult,huge,slow,medium,menacing
9862,glide,light,direct,sustained,balanced,breathy,adult,huge,slow,big,friendly
9863,glide,light,direct,sustained,balanced,breathy,adult,huge,slow,big,deadpan
9864,glide,light,direct,sustained,balanced,breathy,adult,huge,slow,big,menacing
9865,glide,light,direct,sustained,balanced,breathy,adult,huge,steady,hushed,friendly
9866,glide,light,direct,sustained,balanced,breathy,adult,huge,steady,hushed,deadpan
9867,glide,light,direct,sustained,balanced,breathy,adult,huge,steady,hushed,menacing
9868,glide,light,direct,sustained,balanced,breathy,adult,huge,steady,medium,friendly
9869,glide,light,direct,sustained,balanced,breathy,adult,huge,steady,medium,deadpan
9870,glide,light,direct,sustained,balanced,breathy,adult,huge,steady,medium,menacing
9871,glide,light,direct,sustained,balanced,breathy,adult,huge,steady,big,friendly
9872,glide,light,direct,sustained,balanced,breathy,adult,huge,steady,big,deadpan
9873,glide,light,direct,sustained,balanced,breathy,adult,huge,steady,big,menacing
9874,glide,light,direct,sustained,balanced,breathy,adult,huge,rapid,hushed,friendly
9875,glide,light,direct,sustained,balanced,breathy,adult,huge,rapid,hushed,deadpan
9876,glide,light,direct,sustained,balanced,breathy,adult,huge,rapid,hushed,menacing
9877,glide,light,direct,sustained,balanced,breathy,adult,huge,rapid,medium,friendly
9878,glide,light,direct,sustained,balanced,breathy,adult,huge,rapid,medium,deadpan
9879,glide,light,direct,sustained,balanced,breathy,adult,huge,rapid,medium,menacing
9880,glide,light,direct,sustained,balanced,breathy,adult,huge,rapid,big,friendly
9881,glide,light,direct,sustained,balanced,breathy,adult,huge,rapid,big,deadpan
9882,glide,light,direct,sustained,balanced,breathy,adult,huge,rapid,big,menacing
9883,glide,light,direct,sustained,balanced,breathy,elder,tiny,slow,hushed,friendly
9884,glide,light,direct,sustained,balanced,breathy,elder,tiny,slow,hushed,deadpan
9885,glide,light,direct,sustained,balanced,breathy,elder,tiny,slow,hushed,menacing
9886,glide,light,direct,sustained,balanced,breathy,elder,tiny,slow,medium,friendly
9887,glide,light,direct,sustained,balanced,breathy,elder,tiny,slow,medium,deadpan
9888,glide,light,direct,sustained,balanced,breathy,elder,tiny,slow,medium,menacing
9889,glide,light,direct,sustained,balanced,breathy,elder,tiny,slow,big,friendly
9890,glide,light,direct,sustained,balanced,breathy,elder,tiny,slow,big,deadpan
9891,glide,light,direct,sustained,balanced,breathy,elder,tiny,slow,big,menacing
9892,glide,light,direct,sustained,balanced,breathy,elder,tiny,steady,hushed,friendly
9893,glide,light,direct,sustained,balanced,breathy,elder,tiny,steady,hushed,deadpan
9894,glide,light,direct,sustained,balanced,breathy,elder,tiny,steady,hushed,menacing
9895,glide,light,direct,sustained,balanced,breathy,elder,tiny,steady,medium,friendly
9896,glide,light,direct,sustained,balanced,breathy,elder,tiny,steady,medium,deadpan
9897,glide,light,direct,sustained,balanced,breathy,elder,tiny,steady,medium,menacing
9898,glide,light,direct,sustained,balanced,breathy,elder,tiny,steady,big,friendly
9899,glide,light,direct,sustained,balanced,breathy,elder,tiny,steady,big,deadpan
9900,glide,light,direct,sustained,balanced,breathy,elder,tiny,steady,big,menacing
9901,glide,light,direct,sustained,balanced,breathy,elder,tiny,rapid,hushed,friendly
9902,glide,light,direct,sustained,balanced,breathy,elder,tiny,rapid,hushed,deadpan
9903,glide,light,direct,sustained,balanced,breathy,elder,tiny,rapid,hushed,menacing
9904,glide,light,direct,sustained,balanced,breathy,elder,tiny,rapid,medium,friendly
9905,glide,light,direct,sustained,balanced,breathy,elder,tiny,rapid,medium,deadpan
9906,glide,light,direct,sustained,balanced,breathy,elder,tiny,rapid,medium,menacing
9907,glide,light,direct,sustained,balanced,breathy,elder,tiny,rapid,big,friendly
9908,glide,light,direct,sustained,balanced,breathy,elder,tiny,rapid,big,deadpan
9909,glide,light,direct,sustained,balanced,breathy,elder,tiny,rapid,big,menacing
9910,glide,light,direct,sustained,balanced,breathy,elder,medium,slow,hushed,friendly
9911,glide,light,direct,sustained,balanced,breathy,elder,medium,slow,hushed,deadpan
9912,glide,light,direct,sustained,balanced,breathy,elder,medium,slow,hushed,menacing
9913,glide,light,direct,sustained,balanced,breathy,elder,medium,slow,medium,friendly
9914,glide,light,direct,sustained,balanced,breathy,elder,medium,slow,medium,deadpan
9915,glide,light,direct,sustained,balanced,breathy,elder,medium,slow,medium,menacing
9916,glide,light,direct,sustained,balanced,breathy,elder,medium,slow,big,friendly
9917,glide,light,direct,sustained,balanced,breathy,elder,medium,slow,big,deadpan
9918,glide,light,direct,sustained,balanced,breathy,elder,medium,slow,big,menacing
9919,glide,light,direct,sustained,balanced,breathy,elder,medium,steady,hushed,friendly
9920,glide,light,direct,sustained,balanced,breathy,elder,medium,steady,hushed,deadpan
9921,glide,light,direct,sustained,balanced,breathy,elder,medium,steady,hushed,menacing
9922,glide,light,direct,sustained,balanced,breathy,elder,medium,steady,medium,friendly
9923,glide,light,direct,sustained,balanced,breathy,elder,medium,steady,medium,deadpan
9924,glide,light,direct,sustained,balanced,breathy,elder,medium,steady,medium,menacing
9925,glide,light,direct,sustained,balanced,breathy,elder,medium,steady,big,friendly
9926,glide,light,direct,sustained,balanced,breathy,elder,medium,steady,big,deadpan
9927,glide,light,direct,sustained,balanced,breathy,elder,medium,steady,big,menacing
9928,glide,light,direct,sustained,balanced,breathy,elder,medium,rapid,hushed,friendly
9929,glide,light,direct,sustained,balanced,breathy,elder,medium,rapid,hushed,deadpan
9930,glide,light,direct,sustained,balanced,breathy,elder,medium,rapid,hushed,menacing
9931,glide,light,direct,sustained,balanced,breathy,elder,medium,rapid,medium,friendly
9932,glide,light,direct,sustained,balanced,breathy,elder,medium,rapid,medium,deadpan
9933,glide,light,direct,sustained,balanced,breathy,elder,medium,rapid,medium,menacing
9934,glide,light,direct,sustained,balanced,breathy,elder,medium,rapid,big,friendly
9935,glide,light,direct,sustained,balanced,breathy,elder,medium,rapid,big,deadpan
9936,glide,light,direct,sustained,balanced,breathy,elder,medium,rapid,big,menacing
9937,glide,light,direct,sustained,balanced,breathy,elder,huge,slow,hushed,friendly
9938,glide,light,direct,sustained,balanced,breathy,elder,huge,slow,hushed,deadpan
9939,glide,light,direct,sustained,balanced,breathy,elder,huge,slow,hushed,menacing
9940,glide,light,direct,sustained,balanced,breathy,elder,huge,slow,medium,friendly
9941,glide,light,direct,sustained,balanced,breathy,elder,huge,slow,medium,deadpan
9942,glide,light,direct,sustained,balanced,breathy,elder,huge,slow,medium,menacing
9943,glide,light,direct,sustained,balanced,breathy,elder,huge,slow,big,friendly
9944,glide,light,direct,sustained,balanced,breathy,elder,huge,slow,big,deadpan
9945,glide,light,direct,sustained,balanced,breathy,elder,huge,slow,big,menacing
9946,glide,light,direct,sustained,balanced,breathy,elder,huge,steady,hushed,friendly
9947,glide,light,direct,sustained,balanced,breathy,elder,huge,steady,hushed,deadpan
9948,glide,light,direct,sustained,balanced,breathy,elder,huge,steady,hushed,menacing
9949,glide,light,direct,sustained,balanced,breathy,elder,huge,steady,medium,friendly
9950,glide,light,direct,sustained,balanced,breathy,elder,huge,steady,medium,deadpan
9951,glide,light,direct,sustained,balanced,breathy,elder,huge,steady,medium,menacing
9952,glide,light,direct,sustained,balanced,breathy,elder,huge,steady,big,friendly
9953,glide,light,direct,sustained,balanced,breathy,elder,huge,steady,big,deadpan
9954,glide,light,direct,sustained,balanced,breathy,elder,huge,steady,big,menacing
9955,glide,light,direct,sustained,balanced,breathy,elder,huge,rapid,hushed,friendly
9956,glide,light,direct,sustained,balanced,breathy,elder,huge,rapid,hushed,deadpan
9957,glide,light,direct,sustained,balanced,breathy,elder,huge,rapid,hushed,menacing
9958,glide,light,direct,sustained,balanced,breathy,elder,huge,rapid,medium,friendly
9959,glide,light,direct,sustained,balanced,breathy,elder,huge,rapid,medium,deadpan
9960,glide,light,direct,sustained,balanced,breathy,elder,huge,rapid,medium,menacing
9961,glide,light,direct,sustained,balanced,breathy,elder,huge,rapid,big,friendly
9962,glide,light,direct,sustained,balanced,breathy,elder,huge,rapid,big,deadpan
9963,glide,light,direct,sustained,balanced,breathy,elder,huge,rapid,big,menacing
9964,glide,light,direct,sustained,balanced,dry,kid-ish,tiny,slow,hushed,friendly
9965,glide,light,direct,sustained,balanced,dry,kid-ish,tiny,slow,hushed,deadpan
9966,glide,light,direct,sustained,balanced,dry,kid-ish,tiny,slow,hushed,menacing
9967,glide,light,direct,sustained,balanced,dry,kid-ish,tiny,slow,medium,friendly
9968,glide,light,direct,sustained,balanced,dry,kid-ish,tiny,slow,medium,deadpan
9969,glide,light,direct,sustained,balanced,dry,kid-ish,tiny,slow,medium,menacing
9970,glide,light,direct,sustained,balanced,dry,kid-ish,tiny,slow,big,friendly
9971,glide,light,direct,sustained,balanced,dry,kid-ish,tiny,slow,big,deadpan
9972,glide,light,direct,sustained,balanced,dry,kid-ish,tiny,slow,big,menacing
9973,glide,light,direct,sustained,balanced,dry,kid-ish,tiny,steady,hushed,friendly
9974,glide,light,direct,sustained,balanced,dry,kid-ish,tiny,steady,hushed,deadpan
9975,glide,light,direct,sustained,balanced,dry,kid-ish,tiny,steady,hushed,menacing
9976,glide,light,direct,sustained,balanced,dry,kid-ish,tiny,steady,medium,friendly
9977,glide,light,direct,sustained,balanced,dry,kid-ish,tiny,steady,medium,deadpan
9978,glide,light,direct,sustained,balanced,dry,kid-ish,tiny,steady,medium,menacing
9979,glide,light,direct,sustained,balanced,dry,kid-ish,tiny,steady,big,friendly
9980,glide,light,direct,sustained,balanced,dry,kid-ish,tiny,steady,big,deadpan
9981,glide,light,direct,sustained,balanced,dry,kid-ish,tiny,steady,big,menacing
9982,glide,light,direct,sustained,balanced,dry,kid-ish,tiny,rapid,hushed,friendly
9983,glide,light,direct,sustained,balanced,dry,kid-ish,tiny,rapid,hushed,deadpan
9984,glide,light,direct,sustained,balanced,dry,kid-ish,tiny,rapid,hushed,menacing
9985,glide,light,direct,sustained,balanced,dry,kid-ish,tiny,rapid,medium,friendly
9986,glide,light,direct,sustained,balanced,dry,kid-ish,tiny,rapid,medium,deadpan
9987,glide,light,direct,sustained,balanced,dry,kid-ish,tiny,rapid,medium,menacing
9988,glide,light,direct,sustained,balanced,dry,kid-ish,tiny,rapid,big,friendly
9989,glide,light,direct,sustained,balanced,dry,kid-ish,tiny,rapid,big,deadpan
9990,glide,light,direct,sustained,balanced,dry,kid-ish,tiny,rapid,big,menacing
9991,glide,light,direct,sustained,balanced,dry,kid-ish,medium,slow,hushed,friendly
9992,glide,light,direct,sustained,balanced,dry,kid-ish,medium,slow,hushed,deadpan
9993,glide,light,direct,sustained,balanced,dry,kid-ish,medium,slow,hushed,menacing
9994,glide,light,direct,sustained,balanced,dry,kid-ish,medium,slow,medium,friendly
9995,glide,light,direct,sustained,balanced,dry,kid-ish,medium,slow,medium,deadpan
9996,glide,light,direct,sustained,balanced,dry,kid-ish,medium,slow,medium,menacing
9997,glide,light,direct,sustained,balanced,dry,kid-ish,medium,slow,big,friendly
9998,glide,light,direct,sustained,balanced,dry,kid-ish,medium,slow,big,deadpan
9999,glide,light,direct,sustained,balanced,dry,kid-ish,medium,slow,big,menacing
10000,glide,light,direct,sustained,balanced,dry,kid-ish,medium,steady,hushed,friendly
10001,glide,light,direct,sustained,balanced,dry,kid-ish,medium,steady,hushed,deadpan
10002,glide,light,direct,sustained,balanced,dry,kid-ish,medium,steady,hushed,menacing
10003,glide,light,direct,sustained,balanced,dry,kid-ish,medium,steady,medium,friendly
10004,glide,light,direct,sustained,balanced,dry,kid-ish,medium,steady,medium,deadpan
10005,glide,light,direct,sustained,balanced,dry,kid-ish,medium,steady,medium,menacing
10006,glide,light,direct,sustained,balanced,dry,kid-ish,medium,steady,big,friendly
10007,glide,light,direct,sustained,balanced,dry,kid-ish,medium,steady,big,deadpan
10008,glide,light,direct,sustained,balanced,dry,kid-ish,medium,steady,big,menacing
10009,glide,light,direct,sustained,balanced,dry,kid-ish,medium,rapid,hushed,friendly
10010,glide,light,direct,sustained,balanced,dry,kid-ish,medium,rapid,hushed,deadpan
10011,glide,light,direct,sustained,balanced,dry,kid-ish,medium,rapid,hushed,menacing
10012,glide,light,direct,sustained,balanced,dry,kid-ish,medium,rapid,medium,friendly
10013,glide,light,direct,sustained,balanced,dry,kid-ish,medium,rapid,medium,deadpan
10014,glide,light,direct,sustained,balanced,dry,kid-ish,medium,rapid,medium,menacing
10015,glide,light,direct,sustained,balanced,dry,kid-ish,medium,rapid,big,friendly
10016,glide,light,direct,sustained,balanced,dry,kid-ish,medium,rapid,big,deadpan
10017,glide,light,direct,sustained,balanced,dry,kid-ish,medium,rapid,big,menacing
10018,glide,light,direct,sustained,balanced,dry,kid-ish,huge,slow,hushed,friendly
10019,glide,light,direct,sustained,balanced,dry,kid-ish,huge,slow,hushed,deadpan
10020,glide,light,direct,sustained,balanced,dry,kid-ish,huge,slow,hushed,menacing
10021,glide,light,direct,sustained,balanced,dry,kid-ish,huge,slow,medium,friendly
10022,glide,light,direct,sustained,balanced,dry,kid-ish,huge,slow,medium,deadpan
10023,glide,light,direct,sustained,balanced,dry,kid-ish,huge,slow,medium,menacing
10024,glide,light,direct,sustained,balanced,dry,kid-ish,huge,slow,big,friendly
10025,glide,light,direct,sustained,balanced,dry,kid-ish,huge,slow,big,deadpan
10026,glide,light,direct,sustained,balanced,dry,kid-ish,huge,slow,big,menacing
10027,glide,light,direct,sustained,balanced,dry,kid-ish,huge,steady,hushed,friendly
10028,glide,light,direct,sustained,balanced,dry,kid-ish,huge,steady,hushed,deadpan
10029,glide,light,direct,sustained,balanced,dry,kid-ish,huge,steady,hushed,menacing
10030,glide,light,direct,sustained,balanced,dry,kid-ish,huge,steady,medium,friendly
10031,glide,light,direct,sustained,balanced,dry,kid-ish,huge,steady,medium,deadpan
10032,glide,light,direct,sustained,balanced,dry,kid-ish,huge,steady,medium,menacing
10033,glide,light,direct,sustained,balanced,dry,kid-ish,huge,steady,big,friendly
10034,glide,light,direct,sustained,balanced,dry,kid-ish,huge,steady,big,deadpan
10035,glide,light,direct,sustained,balanced,dry,kid-ish,huge,steady,big,menacing
10036,glide,light,direct,sustained,balanced,dry,kid-ish,huge,rapid,hushed,friendly
10037,glide,light,direct,sustained,balanced,dry,kid-ish,huge,rapid,hushed,deadpan
10038,glide,light,direct,sustained,balanced,dry,kid-ish,huge,rapid,hushed,menacing
10039,glide,light,direct,sustained,balanced,dry,kid-ish,huge,rapid,medium,friendly
10040,glide,light,direct,sustained,balanced,dry,kid-ish,huge,rapid,medium,deadpan
10041,glide,light,direct,sustained,balanced,dry,kid-ish,huge,rapid,medium,menacing
10042,glide,light,direct,sustained,balanced,dry,kid-ish,huge,rapid,big,friendly
10043,glide,light,direct,sustained,balanced,dry,kid-ish,huge,rapid,big,deadpan
10044,glide,light,direct,sustained,balanced,dry,kid-ish,huge,rapid,big,menacing
10045,glide,light,direct,sustained,balanced,dry,adult,tiny,slow,hushed,friendly
10046,glide,light,direct,sustained,balanced,dry,adult,tiny,slow,hushed,deadpan
10047,glide,light,direct,sustained,balanced,dry,adult,tiny,slow,hushed,menacing
10048,glide,light,direct,sustained,balanced,dry,adult,tiny,slow,medium,friendly
10049,glide,light,direct,sustained,balanced,dry,adult,tiny,slow,medium,deadpan
10050,glide,light,direct,sustained,balanced,dry,adult,tiny,slow,medium,menacing
10051,glide,light,direct,sustained,balanced,dry,adult,tiny,slow,big,friendly
10052,glide,light,direct,sustained,balanced,dry,adult,tiny,slow,big,deadpan
10053,glide,light,direct,sustained,balanced,dry,adult,tiny,slow,big,menacing
10054,glide,light,direct,sustained,balanced,dry,adult,tiny,steady,hushed,friendly
10055,glide,light,direct,sustained,balanced,dry,adult,tiny,steady,hushed,deadpan
10056,glide,light,direct,sustained,balanced,dry,adult,tiny,steady,hushed,menacing
10057,glide,light,direct,sustained,balanced,dry,adult,tiny,steady,medium,friendly
10058,glide,light,direct,sustained,balanced,dry,adult,tiny,steady,medium,deadpan
10059,glide,light,direct,sustained,balanced,dry,adult,tiny,steady,medium,menacing
10060,glide,light,direct,sustained,balanced,dry,adult,tiny,steady,big,friendly
10061,glide,light,direct,sustained,balanced,dry,adult,tiny,steady,big,deadpan
10062,glide,light,direct,sustained,balanced,dry,adult,tiny,steady,big,menacing
10063,glide,light,direct,sustained,balanced,dry,adult,tiny,rapid,hushed,friendly
10064,glide,light,direct,sustained,balanced,dry,adult,tiny,rapid,hushed,deadpan
10065,glide,light,direct,sustained,balanced,dry,adult,tiny,rapid,hushed,menacing
10066,glide,light,direct,sustained,balanced,dry,adult,tiny,rapid,medium,friendly
10067,glide,light,direct,sustained,balanced,dry,adult,tiny,rapid,medium,deadpan
10068,glide,light,direct,sustained,balanced,dry,adult,tiny,rapid,medium,menacing
10069,glide,light,direct,sustained,balanced,dry,adult,tiny,rapid,big,friendly
10070,glide,light,direct,sustained,balanced,dry,adult,tiny,rapid,big,deadpan
10071,glide,light,direct,sustained,balanced,dry,adult,tiny,rapid,big,menacing
10072,glide,light,direct,sustained,balanced,dry,adult,medium,slow,hushed,friendly
10073,glide,light,direct,sustained,balanced,dry,adult,medium,slow,hushed,deadpan
10074,glide,light,direct,sustained,balanced,dry,adult,medium,slow,hushed,menacing
10075,glide,light,direct,sustained,balanced,dry,adult,medium,slow,medium,friendly
10076,glide,light,direct,sustained,balanced,dry,adult,medium,slow,medium,deadpan
10077,glide,light,direct,sustained,balanced,dry,adult,medium,slow,medium,menacing
10078,glide,light,direct,sustained,balanced,dry,adult,medium,slow,big,friendly
10079,glide,light,direct,sustained,balanced,dry,adult,medium,slow,big,deadpan
10080,glide,light,direct,sustained,balanced,dry,adult,medium,slow,big,menacing
10081,glide,light,direct,sustained,balanced,dry,adult,medium,steady,hushed,friendly
10082,glide,light,direct,sustained,balanced,dry,adult,medium,steady,hushed,deadpan
10083,glide,light,direct,sustained,balanced,dry,adult,medium,steady,hushed,menacing
10084,glide,light,direct,sustained,balanced,dry,adult,medium,steady,medium,friendly
10085,glide,light,direct,sustained,balanced,dry,adult,medium,steady,medium,deadpan
10086,glide,light,direct,sustained,balanced,dry,adult,medium,steady,medium,menacing
10087,glide,light,direct,sustained,balanced,dry,adult,medium,steady,big,friendly
10088,glide,light,direct,sustained,balanced,dry,adult,medium,steady,big,deadpan
10089,glide,light,direct,sustained,balanced,dry,adult,medium,steady,big,menacing
10090,glide,light,direct,sustained,balanced,dry,adult,medium,rapid,hushed,friendly
10091,glide,light,direct,sustained,balanced,dry,adult,medium,rapid,hushed,deadpan
10092,glide,light,direct,sustained,balanced,dry,adult,medium,rapid,hushed,menacing
10093,glide,light,direct,sustained,balanced,dry,adult,medium,rapid,medium,friendly
10094,glide,light,direct,sustained,balanced,dry,adult,medium,rapid,medium,deadpan
10095,glide,light,direct,sustained,balanced,dry,adult,medium,rapid,medium,menacing
10096,glide,light,direct,sustained,balanced,dry,adult,medium,rapid,big,friendly
10097,glide,light,direct,sustained,balanced,dry,adult,medium,rapid,big,deadpan
10098,glide,light,direct,sustained,balanced,dry,adult,medium,rapid,big,menacing
10099,glide,light,direct,sustained,balanced,dry,adult,huge,slow,hushed,friendly
10100,glide,light,direct,sustained,balanced,dry,adult,huge,slow,hushed,deadpan
10101,glide,light,direct,sustained,balanced,dry,adult,huge,slow,hushed,menacing
10102,glide,light,direct,sustained,balanced,dry,adult,huge,slow,medium,friendly
10103,glide,light,direct,sustained,balanced,dry,adult,huge,slow,medium,deadpan
10104,glide,light,direct,sustained,balanced,dry,adult,huge,slow,medium,menacing
10105,glide,light,direct,sustained,balanced,dry,adult,huge,slow,big,friendly
10106,glide,light,direct,sustained,balanced,dry,adult,huge,slow,big,deadpan
10107,glide,light,direct,sustained,balanced,dry,adult,huge,slow,big,menacing
10108,glide,light,direct,sustained,balanced,dry,adult,huge,steady,hushed,friendly
10109,glide,light,direct,sustained,balanced,dry,adult,huge,steady,hushed,deadpan
10110,glide,light,direct,sustained,balanced,dry,adult,huge,steady,hushed,menacing
10111,glide,light,direct,sustained,balanced,dry,adult,huge,steady,medium,friendly
10112,glide,light,direct,sustained,balanced,dry,adult,huge,steady,medium,deadpan
10113,glide,light,direct,sustained,balanced,dry,adult,huge,steady,medium,menacing
10114,glide,light,direct,sustained,balanced,dry,adult,huge,steady,big,friendly
10115,glide,light,direct,sustained,balanced,dry,adult,huge,steady,big,deadpan
10116,glide,light,direct,sustained,balanced,dry,adult,huge,steady,big,menacing
10117,glide,light,direct,sustained,balanced,dry,adult,huge,rapid,hushed,friendly
10118,glide,light,direct,sustained,balanced,dry,adult,huge,rapid,hushed,deadpan
10119,glide,light,direct,sustained,balanced,dry,adult,huge,rapid,hushed,menacing
10120,glide,light,direct,sustained,balanced,dry,adult,huge,rapid,medium,friendly
10121,glide,light,direct,sustained,balanced,dry,adult,huge,rapid,medium,deadpan
10122,glide,light,direct,sustained,balanced,dry,adult,huge,rapid,medium,menacing
10123,glide,light,direct,sustained,balanced,dry,adult,huge,rapid,big,friendly
10124,glide,light,direct,sustained,balanced,dry,adult,huge,rapid,big,deadpan
10125,glide,light,direct,sustained,balanced,dry,adult,huge,rapid,big,menacing
10126,glide,light,direct,sustained,balanced,dry,elder,tiny,slow,hushed,friendly
10127,glide,light,direct,sustained,balanced,dry,elder,tiny,slow,hushed,deadpan
10128,glide,light,direct,sustained,balanced,dry,elder,tiny,slow,hushed,menacing
10129,glide,light,direct,sustained,balanced,dry,elder,tiny,slow,medium,friendly
10130,glide,light,direct,sustained,balanced,dry,elder,tiny,slow,medium,deadpan
10131,glide,light,direct,sustained,balanced,dry,elder,tiny,slow,medium,menacing
10132,glide,light,direct,sustained,balanced,dry,elder,tiny,slow,big,friendly
10133,glide,light,direct,sustained,balanced,dry,elder,tiny,slow,big,deadpan
10134,glide,light,direct,sustained,balanced,dry,elder,tiny,slow,big,menacing
10135,glide,light,direct,sustained,balanced,dry,elder,tiny,steady,hushed,friendly
10136,glide,light,direct,sustained,balanced,dry,elder,tiny,steady,hushed,deadpan
10137,glide,light,direct,sustained,balanced,dry,elder,tiny,steady,hushed,menacing
10138,glide,light,direct,sustained,balanced,dry,elder,tiny,steady,medium,friendly
10139,glide,light,direct,sustained,balanced,dry,elder,tiny,steady,medium,deadpan
10140,glide,light,direct,sustained,balanced,dry,elder,tiny,steady,medium,menacing
10141,glide,light,direct,sustained,balanced,dry,elder,tiny,steady,big,friendly
10142,glide,light,direct,sustained,balanced,dry,elder,tiny,steady,big,deadpan
10143,glide,light,direct,sustained,balanced,dry,elder,tiny,steady,big,menacing
10144,glide,light,direct,sustained,balanced,dry,elder,tiny,rapid,hushed,friendly
10145,glide,light,direct,sustained,balanced,dry,elder,tiny,rapid,hushed,deadpan
10146,glide,light,direct,sustained,balanced,dry,elder,tiny,rapid,hushed,menacing
10147,glide,light,direct,sustained,balanced,dry,elder,tiny,rapid,medium,friendly
10148,glide,light,direct,sustained,balanced,dry,elder,tiny,rapid,medium,deadpan
10149,glide,light,direct,sustained,balanced,dry,elder,tiny,rapid,medium,menacing
10150,glide,light,direct,sustained,balanced,dry,elder,tiny,rapid,big,friendly
10151,glide,light,direct,sustained,balanced,dry,elder,tiny,rapid,big,deadpan
10152,glide,light,direct,sustained,balanced,dry,elder,tiny,rapid,big,menacing
10153,glide,light,direct,sustained,balanced,dry,elder,medium,slow,hushed,friendly
10154,glide,light,direct,sustained,balanced,dry,elder,medium,slow,hushed,deadpan
10155,glide,light,direct,sustained,balanced,dry,elder,medium,slow,hushed,menacing
10156,glide,light,direct,sustained,balanced,dry,elder,medium,slow,medium,friendly
10157,glide,light,direct,sustained,balanced,dry,elder,medium,slow,medium,deadpan
10158,glide,light,direct,sustained,balanced,dry,elder,medium,slow,medium,menacing
10159,glide,light,direct,sustained,balanced,dry,elder,medium,slow,big,friendly
10160,glide,light,direct,sustained,balanced,dry,elder,medium,slow,big,deadpan
10161,glide,light,direct,sustained,balanced,dry,elder,medium,slow,big,menacing
10162,glide,light,direct,sustained,balanced,dry,elder,medium,steady,hushed,friendly
10163,glide,light,direct,sustained,balanced,dry,elder,medium,steady,hushed,deadpan
10164,glide,light,direct,sustained,balanced,dry,elder,medium,steady,hushed,menacing
10165,glide,light,direct,sustained,balanced,dry,elder,medium,steady,medium,friendly
10166,glide,light,direct,sustained,balanced,dry,elder,medium,steady,medium,deadpan
10167,glide,light,direct,sustained,balanced,dry,elder,medium,steady,medium,menacing
10168,glide,light,direct,sustained,balanced,dry,elder,medium,steady,big,friendly
10169,glide,light,direct,sustained,balanced,dry,elder,medium,steady,big,deadpan
10170,glide,light,direct,sustained,balanced,dry,elder,medium,steady,big,menacing
10171,glide,light,direct,sustained,balanced,dry,elder,medium,rapid,hushed,friendly
10172,glide,light,direct,sustained,balanced,dry,elder,medium,rapid,hushed,deadpan
10173,glide,light,direct,sustained,balanced,dry,elder,medium,rapid,hushed,menacing
10174,glide,light,direct,sustained,balanced,dry,elder,medium,rapid,medium,friendly
10175,glide,light,direct,sustained,balanced,dry,elder,medium,rapid,medium,deadpan
10176,glide,light,direct,sustained,balanced,dry,elder,medium,rapid,medium,menacing
10177,glide,light,direct,sustained,balanced,dry,elder,medium,rapid,big,friendly
10178,glide,light,direct,sustained,balanced,dry,elder,medium,rapid,big,deadpan
10179,glide,light,direct,sustained,balanced,dry,elder,medium,rapid,big,menacing
10180,glide,light,direct,sustained,balanced,dry,elder,huge,slow,hushed,friendly
10181,glide,light,direct,sustained,balanced,dry,elder,huge,slow,hushed,deadpan
10182,glide,light,direct,sustained,balanced,dry,elder,huge,slow,hushed,menacing
10183,glide,light,direct,sustained,balanced,dry,elder,huge,slow,medium,friendly
10184,glide,light,direct,sustained,balanced,dry,elder,huge,slow,medium,deadpan
10185,glide,light,direct,sustained,balanced,dry,elder,huge,slow,medium,menacing
10186,glide,light,direct,sustained,balanced,dry,elder,huge,slow,big,friendly
10187,glide,light,direct,sustained,balanced,dry,elder,huge,slow,big,deadpan
10188,glide,light,direct,sustained,balanced,dry,elder,huge,slow,big,menacing
10189,glide,light,direct,sustained,balanced,dry,elder,huge,steady,hushed,friendly
10190,glide,light,direct,sustained,balanced,dry,elder,huge,steady,hushed,deadpan
10191,glide,light,direct,sustained,balanced,dry,elder,huge,steady,hushed,menacing
10192,glide,light,direct,sustained,balanced,dry,elder,huge,steady,medium,friendly
10193,glide,light,direct,sustained,balanced,dry,elder,huge,steady,medium,deadpan
10194,glide,light,direct,sustained,balanced,dry,elder,huge,steady,medium,menacing
10195,glide,light,direct,sustained,balanced,dry,elder,huge,steady,big,friendly
10196,glide,light,direct,sustained,balanced,dry,elder,huge,steady,big,deadpan
10197,glide,light,direct,sustained,balanced,dry,elder,huge,steady,big,menacing
10198,glide,light,direct,sustained,balanced,dry,elder,huge,rapid,hushed,friendly
10199,glide,light,direct,sustained,balanced,dry,elder,huge,rapid,hushed,deadpan
10200,glide,light,direct,sustained,balanced,dry,elder,huge,rapid,hushed,menacing
10201,glide,light,direct,sustained,balanced,dry,elder,huge,rapid,medium,friendly
10202,glide,light,direct,sustained,balanced,dry,elder,huge,rapid,medium,deadpan
10203,glide,light,direct,sustained,balanced,dry,elder,huge,rapid,medium,menacing
10204,glide,light,direct,sustained,balanced,dry,elder,huge,rapid,big,friendly
10205,glide,light,direct,sustained,balanced,dry,elder,huge,rapid,big,deadpan
10206,glide,light,direct,sustained,balanced,dry,elder,huge,rapid,big,menacing
10207,float,light,indirect,sustained,nasal,breathy,kid-ish,tiny,slow,hushed,friendly
10208,float,light,indirect,sustained,nasal,breathy,kid-ish,tiny,slow,hushed,deadpan
10209,float,light,indirect,sustained,nasal,breathy,kid-ish,tiny,slow,hushed,menacing
10210,float,light,indirect,sustained,nasal,breathy,kid-ish,tiny,slow,medium,friendly
10211,float,light,indirect,sustained,nasal,breathy,kid-ish,tiny,slow,medium,deadpan
10212,float,light,indirect,sustained,nasal,breathy,kid-ish,tiny,slow,medium,menacing
10213,float,light,indirect,sustained,nasal,breathy,kid-ish,tiny,slow,big,friendly
10214,float,light,indirect,sustained,nasal,breathy,kid-ish,tiny,slow,big,deadpan
10215,float,light,indirect,sustained,nasal,breathy,kid-ish,tiny,slow,big,menacing
10216,float,light,indirect,sustained,nasal,breathy,kid-ish,tiny,steady,hushed,friendly
10217,float,light,indirect,sustained,nasal,breathy,kid-ish,tiny,steady,hushed,deadpan
10218,float,light,indirect,sustained,nasal,breathy,kid-ish,tiny,steady,hushed,menacing
10219,float,light,indirect,sustained,nasal,breathy,kid-ish,tiny,steady,medium,friendly
10220,float,light,indirect,sustained,nasal,breathy,kid-ish,tiny,steady,medium,deadpan
10221,float,light,indirect,sustained,nasal,breathy,kid-ish,tiny,steady,medium,menacing
10222,float,light,indirect,sustained,nasal,breathy,kid-ish,tiny,steady,big,friendly
10223,float,light,indirect,sustained,nasal,breathy,kid-ish,tiny,steady,big,deadpan
10224,float,light,indirect,sustained,nasal,breathy,kid-ish,tiny,steady,big,menacing
10225,float,light,indirect,sustained,nasal,breathy,kid-ish,tiny,rapid,hushed,friendly
10226,float,light,indirect,sustained,nasal,breathy,kid-ish,tiny,rapid,hushed,deadpan
10227,float,light,indirect,sustained,nasal,breathy,kid-ish,tiny,rapid,hushed,menacing
10228,float,light,indirect,sustained,nasal,breathy,kid-ish,tiny,rapid,medium,friendly
10229,float,light,indirect,sustained,nasal,breathy,kid-ish,tiny,rapid,medium,deadpan
10230,float,light,indirect,sustained,nasal,breathy,kid-ish,tiny,rapid,medium,menacing
10231,float,light,indirect,sustained,nasal,breathy,kid-ish,tiny,rapid,big,friendly
10232,float,light,indirect,sustained,nasal,breathy,kid-ish,tiny,rapid,big,deadpan
10233,float,light,indirect,sustained,nasal,breathy,kid-ish,tiny,rapid,big,menacing
10234,float,light,indirect,sustained,nasal,breathy,kid-ish,medium,slow,hushed,friendly
10235,float,light,indirect,sustained,nasal,breathy,kid-ish,medium,slow,hushed,deadpan
10236,float,light,indirect,sustained,nasal,breathy,kid-ish,medium,slow,hushed,menacing
10237,float,light,indirect,sustained,nasal,breathy,kid-ish,medium,slow,medium,friendly
10238,float,light,indirect,sustained,nasal,breathy,kid-ish,medium,slow,medium,deadpan
10239,float,light,indirect,sustained,nasal,breathy,kid-ish,medium,slow,medium,menacing
10240,float,light,indirect,sustained,nasal,breathy,kid-ish,medium,slow,big,friendly
10241,float,light,indirect,sustained,nasal,breathy,kid-ish,medium,slow,big,deadpan
10242,float,light,indirect,sustained,nasal,breathy,kid-ish,medium,slow,big,menacing
10243,float,light,indirect,sustained,nasal,breathy,kid-ish,medium,steady,hushed,friendly
10244,float,light,indirect,sustained,nasal,breathy,kid-ish,medium,steady,hushed,deadpan
10245,float,light,indirect,sustained,nasal,breathy,kid-ish,medium,steady,hushed,menacing
10246,float,light,indirect,sustained,nasal,breathy,kid-ish,medium,steady,medium,friendly
10247,float,light,indirect,sustained,nasal,breathy,kid-ish,medium,steady,medium,deadpan
10248,float,light,indirect,sustained,nasal,breathy,kid-ish,medium,steady,medium,menacing
10249,float,light,indirect,sustained,nasal,breathy,kid-ish,medium,steady,big,friendly
10250,float,light,indirect,sustained,nasal,breathy,kid-ish,medium,steady,big,deadpan
10251,float,light,indirect,sustained,nasal,breathy,kid-ish,medium,steady,big,menacing
10252,float,light,indirect,sustained,nasal,breathy,kid-ish,medium,rapid,hushed,friendly
10253,float,light,indirect,sustained,nasal,breathy,kid-ish,medium,rapid,hushed,deadpan
10254,float,light,indirect,sustained,nasal,breathy,kid-ish,medium,rapid,hushed,menacing
10255,float,light,indirect,sustained,nasal,breathy,kid-ish,medium,rapid,medium,friendly
10256,float,light,indirect,sustained,nasal,breathy,kid-ish,medium,rapid,medium,deadpan
10257,float,light,indirect,sustained,nasal,breathy,kid-ish,medium,rapid,medium,menacing
10258,float,light,indirect,sustained,nasal,breathy,kid-ish,medium,rapid,big,friendly
10259,float,light,indirect,sustained,nasal,breathy,kid-ish,medium,rapid,big,deadpan
10260,float,light,indirect,sustained,nasal,breathy,kid-ish,medium,rapid,big,menacing
10261,float,light,indirect,sustained,nasal,breathy,kid-ish,huge,slow,hushed,friendly
10262,float,light,indirect,sustained,nasal,breathy,kid-ish,huge,slow,hushed,deadpan
10263,float,light,indirect,sustained,nasal,breathy,kid-ish,huge,slow,hushed,menacing
10264,float,light,indirect,sustained,nasal,breathy,kid-ish,huge,slow,medium,friendly
10265,float,light,indirect,sustained,nasal,breathy,kid-ish,huge,slow,medium,deadpan
10266,float,light,indirect,sustained,nasal,breathy,kid-ish,huge,slow,medium,menacing
10267,float,light,indirect,sustained,nasal,breathy,kid-ish,huge,slow,big,friendly
10268,float,light,indirect,sustained,nasal,breathy,kid-ish,huge,slow,big,deadpan
10269,float,light,indirect,sustained,nasal,breathy,kid-ish,huge,slow,big,menacing
10270,float,light,indirect,sustained,nasal,breathy,kid-ish,huge,steady,hushed,friendly
10271,float,light,indirect,sustained,nasal,breathy,kid-ish,huge,steady,hushed,deadpan
10272,float,light,indirect,sustained,nasal,breathy,kid-ish,huge,steady,hushed,menacing
10273,float,light,indirect,sustained,nasal,breathy,kid-ish,huge,steady,medium,friendly
10274,float,light,indirect,sustained,nasal,breathy,kid-ish,huge,steady,medium,deadpan
10275,float,light,indirect,sustained,nasal,breathy,kid-ish,huge,steady,medium,menacing
10276,float,light,indirect,sustained,nasal,breathy,kid-ish,huge,steady,big,friendly
10277,float,light,indirect,sustained,nasal,breathy,kid-ish,huge,steady,big,deadpan
10278,float,light,indirect,sustained,nasal,breathy,kid-ish,huge,steady,big,menacing
10279,float,light,indirect,sustained,nasal,breathy,kid-ish,huge,rapid,hushed,friendly
10280,float,light,indirect,sustained,nasal,breathy,kid-ish,huge,rapid,hushed,deadpan
10281,float,light,indirect,sustained,nasal,breathy,kid-ish,huge,rapid,hushed,menacing
10282,float,light,indirect,sustained,nasal,breathy,kid-ish,huge,rapid,medium,friendly
10283,float,light,indirect,sustained,nasal,breathy,kid-ish,huge,rapid,medium,deadpan
10284,float,light,indirect,sustained,nasal,breathy,kid-ish,huge,rapid,medium,menacing
10285,float,light,indirect,sustained,nasal,breathy,kid-ish,huge,rapid,big,friendly
10286,float,light,indirect,sustained,nasal,breathy,kid-ish,huge,rapid,big,deadpan
10287,float,light,indirect,sustained,nasal,breathy,kid-ish,huge,rapid,big,menacing
10288,float,light,indirect,sustained,nasal,breathy,adult,tiny,slow,hushed,friendly
10289,float,light,indirect,sustained,nasal,breathy,adult,tiny,slow,hushed,deadpan
10290,float,light,indirect,sustained,nasal,breathy,adult,tiny,slow,hushed,menacing
10291,float,light,indirect,sustained,nasal,breathy,adult,tiny,slow,medium,friendly
10292,float,light,indirect,sustained,nasal,breathy,adult,tiny,slow,medium,deadpan
10293,float,light,indirect,sustained,nasal,breathy,adult,tiny,slow,medium,menacing
10294,float,light,indirect,sustained,nasal,breathy,adult,tiny,slow,big,friendly
10295,float,light,indirect,sustained,nasal,breathy,adult,tiny,slow,big,deadpan
10296,float,light,indirect,sustained,nasal,breathy,adult,tiny,slow,big,menacing
10297,float,light,indirect,sustained,nasal,breathy,adult,tiny,steady,hushed,friendly
10298,float,light,indirect,sustained,nasal,breathy,adult,tiny,steady,hushed,deadpan
10299,float,light,indirect,sustained,nasal,breathy,adult,tiny,steady,hushed,menacing
10300,float,light,indirect,sustained,nasal,breathy,adult,tiny,steady,medium,friendly
10301,float,light,indirect,sustained,nasal,breathy,adult,tiny,steady,medium,deadpan
10302,float,light,indirect,sustained,nasal,breathy,adult,tiny,steady,medium,menacing
10303,float,light,indirect,sustained,nasal,breathy,adult,tiny,steady,big,friendly
10304,float,light,indirect,sustained,nasal,breathy,adult,tiny,steady,big,deadpan
10305,float,light,indirect,sustained,nasal,breathy,adult,tiny,steady,big,menacing
10306,float,light,indirect,sustained,nasal,breathy,adult,tiny,rapid,hushed,friendly
10307,float,light,indirect,sustained,nasal,breathy,adult,tiny,rapid,hushed,deadpan
10308,float,light,indirect,sustained,nasal,breathy,adult,tiny,rapid,hushed,menacing
10309,float,light,indirect,sustained,nasal,breathy,adult,tiny,rapid,medium,friendly
10310,float,light,indirect,sustained,nasal,breathy,adult,tiny,rapid,medium,deadpan
10311,float,light,indirect,sustained,nasal,breathy,adult,tiny,rapid,medium,menacing
10312,float,light,indirect,sustained,nasal,breathy,adult,tiny,rapid,big,friendly
10313,float,light,indirect,sustained,nasal,breathy,adult,tiny,rapid,big,deadpan
10314,float,light,indirect,sustained,nasal,breathy,adult,tiny,rapid,big,menacing
10315,float,light,indirect,sustained,nasal,breathy,adult,medium,slow,hushed,friendly
10316,float,light,indirect,sustained,nasal,breathy,adult,medium,slow,hushed,deadpan
10317,float,light,indirect,sustained,nasal,breathy,adult,medium,slow,hushed,menacing
10318,float,light,indirect,sustained,nasal,breathy,adult,medium,slow,medium,friendly
10319,float,light,indirect,sustained,nasal,breathy,adult,medium,slow,medium,deadpan
10320,float,light,indirect,sustained,nasal,breathy,adult,medium,slow,medium,menacing
10321,float,light,indirect,sustained,nasal,breathy,adult,medium,slow,big,friendly
10322,float,light,indirect,sustained,nasal,breathy,adult,medium,slow,big,deadpan
10323,float,light,indirect,sustained,nasal,breathy,adult,medium,slow,big,menacing
10324,float,light,indirect,sustained,nasal,breathy,adult,medium,steady,hushed,friendly
10325,float,light,indirect,sustained,nasal,breathy,adult,medium,steady,hushed,deadpan
10326,float,light,indirect,sustained,nasal,breathy,adult,medium,steady,hushed,menacing
10327,float,light,indirect,sustained,nasal,breathy,adult,medium,steady,medium,friendly
10328,float,light,indirect,sustained,nasal,breathy,adult,medium,steady,medium,deadpan
10329,float,light,indirect,sustained,nasal,breathy,adult,medium,steady,medium,menacing
10330,float,light,indirect,sustained,nasal,breathy,adult,medium,steady,big,friendly
10331,float,light,indirect,sustained,nasal,breathy,adult,medium,steady,big,deadpan
10332,float,light,indirect,sustained,nasal,breathy,adult,medium,steady,big,menacing
10333,float,light,indirect,sustained,nasal,breathy,adult,medium,rapid,hushed,friendly
10334,float,light,indirect,sustained,nasal,breathy,adult,medium,rapid,hushed,deadpan
10335,float,light,indirect,sustained,nasal,breathy,adult,medium,rapid,hushed,menacing
10336,float,light,indirect,sustained,nasal,breathy,adult,medium,rapid,medium,friendly
10337,float,light,indirect,sustained,nasal,breathy,adult,medium,rapid,medium,deadpan
10338,float,light,indirect,sustained,nasal,breathy,adult,medium,rapid,medium,menacing
10339,float,light,indirect,sustained,nasal,breathy,adult,medium,rapid,big,friendly
10340,float,light,indirect,sustained,nasal,breathy,adult,medium,rapid,big,deadpan
10341,float,light,indirect,sustained,nasal,breathy,adult,medium,rapid,big,menacing
10342,float,light,indirect,sustained,nasal,breathy,adult,huge,slow,hushed,friendly
10343,float,light,indirect,sustained,nasal,breathy,adult,huge,slow,hushed,deadpan
10344,float,light,indirect,sustained,nasal,breathy,adult,huge,slow,hushed,menacing
10345,float,light,indirect,sustained,nasal,breathy,adult,huge,slow,medium,friendly
10346,float,light,indirect,sustained,nasal,breathy,adult,huge,slow,medium,deadpan
10347,float,light,indirect,sustained,nasal,breathy,adult,huge,slow,medium,menacing
10348,float,light,indirect,sustained,nasal,breathy,adult,huge,slow,big,friendly
10349,float,light,indirect,sustained,nasal,breathy,adult,huge,slow,big,deadpan
10350,float,light,indirect,sustained,nasal,breathy,adult,huge,slow,big,menacing
10351,float,light,indirect,sustained,nasal,breathy,adult,huge,steady,hushed,friendly
10352,float,light,indirect,sustained,nasal,breathy,adult,huge,steady,hushed,deadpan
10353,float,light,indirect,sustained,nasal,breathy,adult,huge,steady,hushed,menacing
10354,float,light,indirect,sustained,nasal,breathy,adult,huge,steady,medium,friendly
10355,float,light,indirect,sustained,nasal,breathy,adult,huge,steady,medium,deadpan
10356,float,light,indirect,sustained,nasal,breathy,adult,huge,steady,medium,menacing
10357,float,light,indirect,sustained,nasal,breathy,adult,huge,steady,big,friendly
10358,float,light,indirect,sustained,nasal,breathy,adult,huge,steady,big,deadpan
10359,float,light,indirect,sustained,nasal,breathy,adult,huge,steady,big,menacing
10360,float,light,indirect,sustained,nasal,breathy,adult,huge,rapid,hushed,friendly
10361,float,light,indirect,sustained,nasal,breathy,adult,huge,rapid,hushed,deadpan
10362,float,light,indirect,sustained,nasal,breathy,adult,huge,rapid,hushed,menacing
10363,float,light,indirect,sustained,nasal,breathy,adult,huge,rapid,medium,friendly
10364,float,light,indirect,sustained,nasal,breathy,adult,huge,rapid,medium,deadpan
10365,float,light,indirect,sustained,nasal,breathy,adult,huge,rapid,medium,menacing
10366,float,light,indirect,sustained,nasal,breathy,adult,huge,rapid,big,friendly
10367,float,light,indirect,sustained,nasal,breathy,adult,huge,rapid,big,deadpan
10368,float,light,indirect,sustained,nasal,breathy,adult,huge,rapid,big,menacing
10369,float,light,indirect,sustained,nasal,breathy,elder,tiny,slow,hushed,friendly
10370,float,light,indirect,sustained,nasal,breathy,elder,tiny,slow,hushed,deadpan
10371,float,light,indirect,sustained,nasal,breathy,elder,tiny,slow,hushed,menacing
10372,float,light,indirect,sustained,nasal,breathy,elder,tiny,slow,medium,friendly
10373,float,light,indirect,sustained,nasal,breathy,elder,tiny,slow,medium,deadpan
10374,float,light,indirect,sustained,nasal,breathy,elder,tiny,slow,medium,menacing
10375,float,light,indirect,sustained,nasal,breathy,elder,tiny,slow,big,friendly
10376,float,light,indirect,sustained,nasal,breathy,elder,tiny,slow,big,deadpan
10377,float,light,indirect,sustained,nasal,breathy,elder,tiny,slow,big,menacing
10378,float,light,indirect,sustained,nasal,breathy,elder,tiny,steady,hushed,friendly
10379,float,light,indirect,sustained,nasal,breathy,elder,tiny,steady,hushed,deadpan
10380,float,light,indirect,sustained,nasal,breathy,elder,tiny,steady,hushed,menacing
10381,float,light,indirect,sustained,nasal,breathy,elder,tiny,steady,medium,friendly
10382,float,light,indirect,sustained,nasal,breathy,elder,tiny,steady,medium,deadpan
10383,float,light,indirect,sustained,nasal,breathy,elder,tiny,steady,medium,menacing
10384,float,light,indirect,sustained,nasal,breathy,elder,tiny,steady,big,friendly
10385,float,light,indirect,sustained,nasal,breathy,elder,tiny,steady,big,deadpan
10386,float,light,indirect,sustained,nasal,breathy,elder,tiny,steady,big,menacing
10387,float,light,indirect,sustained,nasal,breathy,elder,tiny,rapid,hushed,friendly
10388,float,light,indirect,sustained,nasal,breathy,elder,tiny,rapid,hushed,deadpan
10389,float,light,indirect,sustained,nasal,breathy,elder,tiny,rapid,hushed,menacing
10390,float,light,indirect,sustained,nasal,breathy,elder,tiny,rapid,medium,friendly
10391,float,light,indirect,sustained,nasal,breathy,elder,tiny,rapid,medium,deadpan
10392,float,light,indirect,sustained,nasal,breathy,elder,tiny,rapid,medium,menacing
10393,float,light,indirect,sustained,nasal,breathy,elder,tiny,rapid,big,friendly
10394,float,light,indirect,sustained,nasal,breathy,elder,tiny,rapid,big,deadpan
10395,float,light,indirect,sustained,nasal,breathy,elder,tiny,rapid,big,menacing
10396,float,light,indirect,sustained,nasal,breathy,elder,medium,slow,hushed,friendly
10397,float,light,indirect,sustained,nasal,breathy,elder,medium,slow,hushed,deadpan
10398,float,light,indirect,sustained,nasal,breathy,elder,medium,slow,hushed,menacing
10399,float,light,indirect,sustained,nasal,breathy,elder,medium,slow,medium,friendly
10400,float,light,indirect,sustained,nasal,breathy,elder,medium,slow,medium,deadpan
10401,float,light,indirect,sustained,nasal,breathy,elder,medium,slow,medium,menacing
10402,float,light,indirect,sustained,nasal,breathy,elder,medium,slow,big,friendly
10403,float,light,indirect,sustained,nasal,breathy,elder,medium,slow,big,deadpan
10404,float,light,indirect,sustained,nasal,breathy,elder,medium,slow,big,menacing
10405,float,light,indirect,sustained,nasal,breathy,elder,medium,steady,hushed,friendly
10406,float,light,indirect,sustained,nasal,breathy,elder,medium,steady,hushed,deadpan
10407,float,light,indirect,sustained,nasal,breathy,elder,medium,steady,hushed,menacing
10408,float,light,indirect,sustained,nasal,breathy,elder,medium,steady,medium,friendly
10409,float,light,indirect,sustained,nasal,breathy,elder,medium,steady,medium,deadpan
10410,float,light,indirect,sustained,nasal,breathy,elder,medium,steady,medium,menacing
10411,float,light,indirect,sustained,nasal,breathy,elder,medium,steady,big,friendly
10412,float,light,indirect,sustained,nasal,breathy,elder,medium,steady,big,deadpan
10413,float,light,indirect,sustained,nasal,breathy,elder,medium,steady,big,menacing
10414,float,light,indirect,sustained,nasal,breathy,elder,medium,rapid,hushed,friendly
10415,float,light,indirect,sustained,nasal,breathy,elder,medium,rapid,hushed,deadpan
10416,float,light,indirect,sustained,nasal,breathy,elder,medium,rapid,hushed,menacing
10417,float,light,indirect,sustained,nasal,breathy,elder,medium,rapid,medium,friendly
10418,float,light,indirect,sustained,nasal,breathy,elder,medium,rapid,medium,deadpan
10419,float,light,indirect,sustained,nasal,breathy,elder,medium,rapid,medium,menacing
10420,float,light,indirect,sustained,nasal,breathy,elder,medium,rapid,big,friendly
10421,float,light,indirect,sustained,nasal,breathy,elder,medium,rapid,big,deadpan
10422,float,light,indirect,sustained,nasal,breathy,elder,medium,rapid,big,menacing
10423,float,light,indirect,sustained,nasal,breathy,elder,huge,slow,hushed,friendly
10424,float,light,indirect,sustained,nasal,breathy,elder,huge,slow,hushed,deadpan
10425,float,light,indirect,sustained,nasal,breathy,elder,huge,slow,hushed,menacing
10426,float,light,indirect,sustained,nasal,breathy,elder,huge,slow,medium,friendly
10427,float,light,indirect,sustained,nasal,breathy,elder,huge,slow,medium,deadpan
10428,float,light,indirect,sustained,nasal,breathy,elder,huge,slow,medium,menacing
10429,float,light,indirect,sustained,nasal,breathy,elder,huge,slow,big,friendly
10430,float,light,indirect,sustained,nasal,breathy,elder,huge,slow,big,deadpan
10431,float,light,indirect,sustained,nasal,breathy,elder,huge,slow,big,menacing
10432,float,light,indirect,sustained,nasal,breathy,elder,huge,steady,hushed,friendly
10433,float,light,indirect,sustained,nasal,breathy,elder,huge,steady,hushed,deadpan
10434,float,light,indirect,sustained,nasal,breathy,elder,huge,steady,hushed,menacing
10435,float,light,indirect,sustained,nasal,breathy,elder,huge,steady,medium,friendly
10436,float,light,indirect,sustained,nasal,breathy,elder,huge,steady,medium,deadpan
10437,float,light,indirect,sustained,nasal,breathy,elder,huge,steady,medium,menacing
10438,float,light,indirect,sustained,nasal,breathy,elder,huge,steady,big,friendly
10439,float,light,indirect,sustained,nasal,breathy,elder,huge,steady,big,deadpan
10440,float,light,indirect,sustained,nasal,breathy,elder,huge,steady,big,menacing
10441,float,light,indirect,sustained,nasal,breathy,elder,huge,rapid,hushed,friendly
10442,float,light,indirect,sustained,nasal,breathy,elder,huge,rapid,hushed,deadpan
10443,float,light,indirect,sustained,nasal,breathy,elder,huge,rapid,hushed,menacing
10444,float,light,indirect,sustained,nasal,breathy,elder,huge,rapid,medium,friendly
10445,float,light,indirect,sustained,nasal,breathy,elder,huge,rapid,medium,deadpan
10446,float,light,indirect,sustained,nasal,breathy,elder,huge,rapid,medium,menacing
10447,float,light,indirect,sustained,nasal,breathy,elder,huge,rapid,big,friendly
10448,float,light,indirect,sustained,nasal,breathy,elder,huge,rapid,big,deadpan
10449,float,light,indirect,sustained,nasal,breathy,elder,huge,rapid,big,menacing
10450,float,light,indirect,sustained,nasal,dry,kid-ish,tiny,slow,hushed,friendly
10451,float,light,indirect,sustained,nasal,dry,kid-ish,tiny,slow,hushed,deadpan
10452,float,light,indirect,sustained,nasal,dry,kid-ish,tiny,slow,hushed,menacing
10453,float,light,indirect,sustained,nasal,dry,kid-ish,tiny,slow,medium,friendly
10454,float,light,indirect,sustained,nasal,dry,kid-ish,tiny,slow,medium,deadpan
10455,float,light,indirect,sustained,nasal,dry,kid-ish,tiny,slow,medium,menacing
10456,float,light,indirect,sustained,nasal,dry,kid-ish,tiny,slow,big,friendly
10457,float,light,indirect,sustained,nasal,dry,kid-ish,tiny,slow,big,deadpan
10458,float,light,indirect,sustained,nasal,dry,kid-ish,tiny,slow,big,menacing
10459,float,light,indirect,sustained,nasal,dry,kid-ish,tiny,steady,hushed,friendly
10460,float,light,indirect,sustained,nasal,dry,kid-ish,tiny,steady,hushed,deadpan
10461,float,light,indirect,sustained,nasal,dry,kid-ish,tiny,steady,hushed,menacing
10462,float,light,indirect,sustained,nasal,dry,kid-ish,tiny,steady,medium,friendly
10463,float,light,indirect,sustained,nasal,dry,kid-ish,tiny,steady,medium,deadpan
10464,float,light,indirect,sustained,nasal,dry,kid-ish,tiny,steady,medium,menacing
10465,float,light,indirect,sustained,nasal,dry,kid-ish,tiny,steady,big,friendly
10466,float,light,indirect,sustained,nasal,dry,kid-ish,tiny,steady,big,deadpan
10467,float,light,indirect,sustained,nasal,dry,kid-ish,tiny,steady,big,menacing
10468,float,light,indirect,sustained,nasal,dry,kid-ish,tiny,rapid,hushed,friendly
10469,float,light,indirect,sustained,nasal,dry,kid-ish,tiny,rapid,hushed,deadpan
10470,float,light,indirect,sustained,nasal,dry,kid-ish,tiny,rapid,hushed,menacing
10471,float,light,indirect,sustained,nasal,dry,kid-ish,tiny,rapid,medium,friendly
10472,float,light,indirect,sustained,nasal,dry,kid-ish,tiny,rapid,medium,deadpan
10473,float,light,indirect,sustained,nasal,dry,kid-ish,tiny,rapid,medium,menacing
10474,float,light,indirect,sustained,nasal,dry,kid-ish,tiny,rapid,big,friendly
10475,float,light,indirect,sustained,nasal,dry,kid-ish,tiny,rapid,big,deadpan
10476,float,light,indirect,sustained,nasal,dry,kid-ish,tiny,rapid,big,menacing
10477,float,light,indirect,sustained,nasal,dry,kid-ish,medium,slow,hushed,friendly
10478,float,light,indirect,sustained,nasal,dry,kid-ish,medium,slow,hushed,deadpan
10479,float,light,indirect,sustained,nasal,dry,kid-ish,medium,slow,hushed,menacing
10480,float,light,indirect,sustained,nasal,dry,kid-ish,medium,slow,medium,friendly
10481,float,light,indirect,sustained,nasal,dry,kid-ish,medium,slow,medium,deadpan
10482,float,light,indirect,sustained,nasal,dry,kid-ish,medium,slow,medium,menacing
10483,float,light,indirect,sustained,nasal,dry,kid-ish,medium,slow,big,friendly
10484,float,light,indirect,sustained,nasal,dry,kid-ish,medium,slow,big,deadpan
10485,float,light,indirect,sustained,nasal,dry,kid-ish,medium,slow,big,menacing
10486,float,light,indirect,sustained,nasal,dry,kid-ish,medium,steady,hushed,friendly
10487,float,light,indirect,sustained,nasal,dry,kid-ish,medium,steady,hushed,deadpan
10488,float,light,indirect,sustained,nasal,dry,kid-ish,medium,steady,hushed,menacing
10489,float,light,indirect,sustained,nasal,dry,kid-ish,medium,steady,medium,friendly
10490,float,light,indirect,sustained,nasal,dry,kid-ish,medium,steady,medium,deadpan
10491,float,light,indirect,sustained,nasal,dry,kid-ish,medium,steady,medium,menacing
10492,float,light,indirect,sustained,nasal,dry,kid-ish,medium,steady,big,friendly
10493,float,light,indirect,sustained,nasal,dry,kid-ish,medium,steady,big,deadpan
10494,float,light,indirect,sustained,nasal,dry,kid-ish,medium,steady,big,menacing
10495,float,light,indirect,sustained,nasal,dry,kid-ish,medium,rapid,hushed,friendly
10496,float,light,indirect,sustained,nasal,dry,kid-ish,medium,rapid,hushed,deadpan
10497,float,light,indirect,sustained,nasal,dry,kid-ish,medium,rapid,hushed,menacing
10498,float,light,indirect,sustained,nasal,dry,kid-ish,medium,rapid,medium,friendly
10499,float,light,indirect,sustained,nasal,dry,kid-ish,medium,rapid,medium,deadpan
10500,float,light,indirect,sustained,nasal,dry,kid-ish,medium,rapid,medium,menacing
10501,float,light,indirect,sustained,nasal,dry,kid-ish,medium,rapid,big,friendly
10502,float,light,indirect,sustained,nasal,dry,kid-ish,medium,rapid,big,deadpan
10503,float,light,indirect,sustained,nasal,dry,kid-ish,medium,rapid,big,menacing
10504,float,light,indirect,sustained,nasal,dry,kid-ish,huge,slow,hushed,friendly
10505,float,light,indirect,sustained,nasal,dry,kid-ish,huge,slow,hushed,deadpan
10506,float,light,indirect,sustained,nasal,dry,kid-ish,huge,slow,hushed,menacing
10507,float,light,indirect,sustained,nasal,dry,kid-ish,huge,slow,medium,friendly
10508,float,light,indirect,sustained,nasal,dry,kid-ish,huge,slow,medium,deadpan
10509,float,light,indirect,sustained,nasal,dry,kid-ish,huge,slow,medium,menacing
10510,float,light,indirect,sustained,nasal,dry,kid-ish,huge,slow,big,friendly
10511,float,light,indirect,sustained,nasal,dry,kid-ish,huge,slow,big,deadpan
10512,float,light,indirect,sustained,nasal,dry,kid-ish,huge,slow,big,menacing
10513,float,light,indirect,sustained,nasal,dry,kid-ish,huge,steady,hushed,friendly
10514,float,light,indirect,sustained,nasal,dry,kid-ish,huge,steady,hushed,deadpan
10515,float,light,indirect,sustained,nasal,dry,kid-ish,huge,steady,hushed,menacing
10516,float,light,indirect,sustained,nasal,dry,kid-ish,huge,steady,medium,friendly
10517,float,light,indirect,sustained,nasal,dry,kid-ish,huge,steady,medium,deadpan
10518,float,light,indirect,sustained,nasal,dry,kid-ish,huge,steady,medium,menacing
10519,float,light,indirect,sustained,nasal,dry,kid-ish,huge,steady,big,friendly
10520,float,light,indirect,sustained,nasal,dry,kid-ish,huge,steady,big,deadpan
10521,float,light,indirect,sustained,nasal,dry,kid-ish,huge,steady,big,menacing
10522,float,light,indirect,sustained,nasal,dry,kid-ish,huge,rapid,hushed,friendly
10523,float,light,indirect,sustained,nasal,dry,kid-ish,huge,rapid,hushed,deadpan
10524,float,light,indirect,sustained,nasal,dry,kid-ish,huge,rapid,hushed,menacing
10525,float,light,indirect,sustained,nasal,dry,kid-ish,huge,rapid,medium,friendly
10526,float,light,indirect,sustained,nasal,dry,kid-ish,huge,rapid,medium,deadpan
10527,float,light,indirect,sustained,nasal,dry,kid-ish,huge,rapid,medium,menacing
10528,float,light,indirect,sustained,nasal,dry,kid-ish,huge,rapid,big,friendly
10529,float,light,indirect,sustained,nasal,dry,kid-ish,huge,rapid,big,deadpan
10530,float,light,indirect,sustained,nasal,dry,kid-ish,huge,rapid,big,menacing
10531,float,light,indirect,sustained,nasal,dry,adult,tiny,slow,hushed,friendly
10532,float,light,indirect,sustained,nasal,dry,adult,tiny,slow,hushed,deadpan
10533,float,light,indirect,sustained,nasal,dry,adult,tiny,slow,hushed,menacing
10534,float,light,indirect,sustained,nasal,dry,adult,tiny,slow,medium,friendly
10535,float,light,indirect,sustained,nasal,dry,adult,tiny,slow,medium,deadpan
10536,float,light,indirect,sustained,nasal,dry,adult,tiny,slow,medium,menacing
10537,float,light,indirect,sustained,nasal,dry,adult,tiny,slow,big,friendly
10538,float,light,indirect,sustained,nasal,dry,adult,tiny,slow,big,deadpan
10539,float,light,indirect,sustained,nasal,dry,adult,tiny,slow,big,menacing
10540,float,light,indirect,sustained,nasal,dry,adult,tiny,steady,hushed,friendly
10541,float,light,indirect,sustained,nasal,dry,adult,tiny,steady,hushed,deadpan
10542,float,light,indirect,sustained,nasal,dry,adult,tiny,steady,hushed,menacing
10543,float,light,indirect,sustained,nasal,dry,adult,tiny,steady,medium,friendly
10544,float,light,indirect,sustained,nasal,dry,adult,tiny,steady,medium,deadpan
10545,float,light,indirect,sustained,nasal,dry,adult,tiny,steady,medium,menacing
10546,float,light,indirect,sustained,nasal,dry,adult,tiny,steady,big,friendly
10547,float,light,indirect,sustained,nasal,dry,adult,tiny,steady,big,deadpan
10548,float,light,indirect,sustained,nasal,dry,adult,tiny,steady,big,menacing
10549,float,light,indirect,sustained,nasal,dry,adult,tiny,rapid,hushed,friendly
10550,float,light,indirect,sustained,nasal,dry,adult,tiny,rapid,hushed,deadpan
10551,float,light,indirect,sustained,nasal,dry,adult,tiny,rapid,hushed,menacing
10552,float,light,indirect,sustained,nasal,dry,adult,tiny,rapid,medium,friendly
10553,float,light,indirect,sustained,nasal,dry,adult,tiny,rapid,medium,deadpan
10554,float,light,indirect,sustained,nasal,dry,adult,tiny,rapid,medium,menacing
10555,float,light,indirect,sustained,nasal,dry,adult,tiny,rapid,big,friendly
10556,float,light,indirect,sustained,nasal,dry,adult,tiny,rapid,big,deadpan
10557,float,light,indirect,sustained,nasal,dry,adult,tiny,rapid,big,menacing
10558,float,light,indirect,sustained,nasal,dry,adult,medium,slow,hushed,friendly
10559,float,light,indirect,sustained,nasal,dry,adult,medium,slow,hushed,deadpan
10560,float,light,indirect,sustained,nasal,dry,adult,medium,slow,hushed,menacing
10561,float,light,indirect,sustained,nasal,dry,adult,medium,slow,medium,friendly
10562,float,light,indirect,sustained,nasal,dry,adult,medium,slow,medium,deadpan
10563,float,light,indirect,sustained,nasal,dry,adult,medium,slow,medium,menacing
10564,float,light,indirect,sustained,nasal,dry,adult,medium,slow,big,friendly
10565,float,light,indirect,sustained,nasal,dry,adult,medium,slow,big,deadpan
10566,float,light,indirect,sustained,nasal,dry,adult,medium,slow,big,menacing
10567,float,light,indirect,sustained,nasal,dry,adult,medium,steady,hushed,friendly
10568,float,light,indirect,sustained,nasal,dry,adult,medium,steady,hushed,deadpan
10569,float,light,indirect,sustained,nasal,dry,adult,medium,steady,hushed,menacing
10570,float,light,indirect,sustained,nasal,dry,adult,medium,steady,medium,friendly
10571,float,light,indirect,sustained,nasal,dry,adult,medium,steady,medium,deadpan
10572,float,light,indirect,sustained,nasal,dry,adult,medium,steady,medium,menacing
10573,float,light,indirect,sustained,nasal,dry,adult,medium,steady,big,friendly
10574,float,light,indirect,sustained,nasal,dry,adult,medium,steady,big,deadpan
10575,float,light,indirect,sustained,nasal,dry,adult,medium,steady,big,menacing
10576,float,light,indirect,sustained,nasal,dry,adult,medium,rapid,hushed,friendly
10577,float,light,indirect,sustained,nasal,dry,adult,medium,rapid,hushed,deadpan
10578,float,light,indirect,sustained,nasal,dry,adult,medium,rapid,hushed,menacing
10579,float,light,indirect,sustained,nasal,dry,adult,medium,rapid,medium,friendly
10580,float,light,indirect,sustained,nasal,dry,adult,medium,rapid,medium,deadpan
10581,float,light,indirect,sustained,nasal,dry,adult,medium,rapid,medium,menacing
10582,float,light,indirect,sustained,nasal,dry,adult,medium,rapid,big,friendly
10583,float,light,indirect,sustained,nasal,dry,adult,medium,rapid,big,deadpan
10584,float,light,indirect,sustained,nasal,dry,adult,medium,rapid,big,menacing
10585,float,light,indirect,sustained,nasal,dry,adult,huge,slow,hushed,friendly
10586,float,light,indirect,sustained,nasal,dry,adult,huge,slow,hushed,deadpan
10587,float,light,indirect,sustained,nasal,dry,adult,huge,slow,hushed,menacing
10588,float,light,indirect,sustained,nasal,dry,adult,huge,slow,medium,friendly
10589,float,light,indirect,sustained,nasal,dry,adult,huge,slow,medium,deadpan
10590,float,light,indirect,sustained,nasal,dry,adult,huge,slow,medium,menacing
10591,float,light,indirect,sustained,nasal,dry,adult,huge,slow,big,friendly
10592,float,light,indirect,sustained,nasal,dry,adult,huge,slow,big,deadpan
10593,float,light,indirect,sustained,nasal,dry,adult,huge,slow,big,menacing
10594,float,light,indirect,sustained,nasal,dry,adult,huge,steady,hushed,friendly
10595,float,light,indirect,sustained,nasal,dry,adult,huge,steady,hushed,deadpan
10596,float,light,indirect,sustained,nasal,dry,adult,huge,steady,hushed,menacing
10597,float,light,indirect,sustained,nasal,dry,adult,huge,steady,medium,friendly
10598,float,light,indirect,sustained,nasal,dry,adult,huge,steady,medium,deadpan
10599,float,light,indirect,sustained,nasal,dry,adult,huge,steady,medium,menacing
10600,float,light,indirect,sustained,nasal,dry,adult,huge,steady,big,friendly
10601,float,light,indirect,sustained,nasal,dry,adult,huge,steady,big,deadpan
10602,float,light,indirect,sustained,nasal,dry,adult,huge,steady,big,menacing
10603,float,light,indirect,sustained,nasal,dry,adult,huge,rapid,hushed,friendly
10604,float,light,indirect,sustained,nasal,dry,adult,huge,rapid,hushed,deadpan
10605,float,light,indirect,sustained,nasal,dry,adult,huge,rapid,hushed,menacing
10606,float,light,indirect,sustained,nasal,dry,adult,huge,rapid,medium,friendly
10607,float,light,indirect,sustained,nasal,dry,adult,huge,rapid,medium,deadpan
10608,float,light,indirect,sustained,nasal,dry,adult,huge,rapid,medium,menacing
10609,float,light,indirect,sustained,nasal,dry,adult,huge,rapid,big,friendly
10610,float,light,indirect,sustained,nasal,dry,adult,huge,rapid,big,deadpan
10611,float,light,indirect,sustained,nasal,dry,adult,huge,rapid,big,menacing
10612,float,light,indirect,sustained,nasal,dry,elder,tiny,slow,hushed,friendly
10613,float,light,indirect,sustained,nasal,dry,elder,tiny,slow,hushed,deadpan
10614,float,light,indirect,sustained,nasal,dry,elder,tiny,slow,hushed,menacing
10615,float,light,indirect,sustained,nasal,dry,elder,tiny,slow,medium,friendly
10616,float,light,indirect,sustained,nasal,dry,elder,tiny,slow,medium,deadpan
10617,float,light,indirect,sustained,nasal,dry,elder,tiny,slow,medium,menacing
10618,float,light,indirect,sustained,nasal,dry,elder,tiny,slow,big,friendly
10619,float,light,indirect,sustained,nasal,dry,elder,tiny,slow,big,deadpan
10620,float,light,indirect,sustained,nasal,dry,elder,tiny,slow,big,menacing
10621,float,light,indirect,sustained,nasal,dry,elder,tiny,steady,hushed,friendly
10622,float,light,indirect,sustained,nasal,dry,elder,tiny,steady,hushed,deadpan
10623,float,light,indirect,sustained,nasal,dry,elder,tiny,steady,hushed,menacing
10624,float,light,indirect,sustained,nasal,dry,elder,tiny,steady,medium,friendly
10625,float,light,indirect,sustained,nasal,dry,elder,tiny,steady,medium,deadpan
10626,float,light,indirect,sustained,nasal,dry,elder,tiny,steady,medium,menacing
10627,float,light,indirect,sustained,nasal,dry,elder,tiny,steady,big,friendly
10628,float,light,indirect,sustained,nasal,dry,elder,tiny,steady,big,deadpan
10629,float,light,indirect,sustained,nasal,dry,elder,tiny,steady,big,menacing
10630,float,light,indirect,sustained,nasal,dry,elder,tiny,rapid,hushed,friendly
10631,float,light,indirect,sustained,nasal,dry,elder,tiny,rapid,hushed,deadpan
10632,float,light,indirect,sustained,nasal,dry,elder,tiny,rapid,hushed,menacing
10633,float,light,indirect,sustained,nasal,dry,elder,tiny,rapid,medium,friendly
10634,float,light,indirect,sustained,nasal,dry,elder,tiny,rapid,medium,deadpan
10635,float,light,indirect,sustained,nasal,dry,elder,tiny,rapid,medium,menacing
10636,float,light,indirect,sustained,nasal,dry,elder,tiny,rapid,big,friendly
10637,float,light,indirect,sustained,nasal,dry,elder,tiny,rapid,big,deadpan
10638,float,light,indirect,sustained,nasal,dry,elder,tiny,rapid,big,menacing
10639,float,light,indirect,sustained,nasal,dry,elder,medium,slow,hushed,friendly
10640,float,light,indirect,sustained,nasal,dry,elder,medium,slow,hushed,deadpan
10641,float,light,indirect,sustained,nasal,dry,elder,medium,slow,hushed,menacing
10642,float,light,indirect,sustained,nasal,dry,elder,medium,slow,medium,friendly
10643,float,light,indirect,sustained,nasal,dry,elder,medium,slow,medium,deadpan
10644,float,light,indirect,sustained,nasal,dry,elder,medium,slow,medium,menacing
10645,float,light,indirect,sustained,nasal,dry,elder,medium,slow,big,friendly
10646,float,light,indirect,sustained,nasal,dry,elder,medium,slow,big,deadpan
10647,float,light,indirect,sustained,nasal,dry,elder,medium,slow,big,menacing
10648,float,light,indirect,sustained,nasal,dry,elder,medium,steady,hushed,friendly
10649,float,light,indirect,sustained,nasal,dry,elder,medium,steady,hushed,deadpan
10650,float,light,indirect,sustained,nasal,dry,elder,medium,steady,hushed,menacing
10651,float,light,indirect,sustained,nasal,dry,elder,medium,steady,medium,friendly
10652,float,light,indirect,sustained,nasal,dry,elder,medium,steady,medium,deadpan
10653,float,light,indirect,sustained,nasal,dry,elder,medium,steady,medium,menacing
10654,float,light,indirect,sustained,nasal,dry,elder,medium,steady,big,friendly
10655,float,light,indirect,sustained,nasal,dry,elder,medium,steady,big,deadpan
10656,float,light,indirect,sustained,nasal,dry,elder,medium,steady,big,menacing
10657,float,light,indirect,sustained,nasal,dry,elder,medium,rapid,hushed,friendly
10658,float,light,indirect,sustained,nasal,dry,elder,medium,rapid,hushed,deadpan
10659,float,light,indirect,sustained,nasal,dry,elder,medium,rapid,hushed,menacing
10660,float,light,indirect,sustained,nasal,dry,elder,medium,rapid,medium,friendly
10661,float,light,indirect,sustained,nasal,dry,elder,medium,rapid,medium,deadpan
10662,float,light,indirect,sustained,nasal,dry,elder,medium,rapid,medium,menacing
10663,float,light,indirect,sustained,nasal,dry,elder,medium,rapid,big,friendly
10664,float,light,indirect,sustained,nasal,dry,elder,medium,rapid,big,deadpan
10665,float,light,indirect,sustained,nasal,dry,elder,medium,rapid,big,menacing
10666,float,light,indirect,sustained,nasal,dry,elder,huge,slow,hushed,friendly
10667,float,light,indirect,sustained,nasal,dry,elder,huge,slow,hushed,deadpan
10668,float,light,indirect,sustained,nasal,dry,elder,huge,slow,hushed,menacing
10669,float,light,indirect,sustained,nasal,dry,elder,huge,slow,medium,friendly
10670,float,light,indirect,sustained,nasal,dry,elder,huge,slow,medium,deadpan
10671,float,light,indirect,sustained,nasal,dry,elder,huge,slow,medium,menacing
10672,float,light,indirect,sustained,nasal,dry,elder,huge,slow,big,friendly
10673,float,light,indirect,sustained,nasal,dry,elder,huge,slow,big,deadpan
10674,float,light,indirect,sustained,nasal,dry,elder,huge,slow,big,menacing
10675,float,light,indirect,sustained,nasal,dry,elder,huge,steady,hushed,friendly
10676,float,light,indirect,sustained,nasal,dry,elder,huge,steady,hushed,deadpan
10677,float,light,indirect,sustained,nasal,dry,elder,huge,steady,hushed,menacing
10678,float,light,indirect,sustained,nasal,dry,elder,huge,steady,medium,friendly
10679,float,light,indirect,sustained,nasal,dry,elder,huge,steady,medium,deadpan
10680,float,light,indirect,sustained,nasal,dry,elder,huge,steady,medium,menacing
10681,float,light,indirect,sustained,nasal,dry,elder,huge,steady,big,friendly
10682,float,light,indirect,sustained,nasal,dry,elder,huge,steady,big,deadpan
10683,float,light,indirect,sustained,nasal,dry,elder,huge,steady,big,menacing
10684,float,light,indirect,sustained,nasal,dry,elder,huge,rapid,hushed,friendly
10685,float,light,indirect,sustained,nasal,dry,elder,huge,rapid,hushed,deadpan
10686,float,light,indirect,sustained,nasal,dry,elder,huge,rapid,hushed,menacing
10687,float,light,indirect,sustained,nasal,dry,elder,huge,rapid,medium,friendly
10688,float,light,indirect,sustained,nasal,dry,elder,huge,rapid,medium,deadpan
10689,float,light,indirect,sustained,nasal,dry,elder,huge,rapid,medium,menacing
10690,float,light,indirect,sustained,nasal,dry,elder,huge,rapid,big,friendly
10691,float,light,indirect,sustained,nasal,dry,elder,huge,rapid,big,deadpan
10692,float,light,indirect,sustained,nasal,dry,elder,huge,rapid,big,menacing
10693,float,light,indirect,sustained,throaty,breathy,kid-ish,tiny,slow,hushed,friendly
10694,float,light,indirect,sustained,throaty,breathy,kid-ish,tiny,slow,hushed,deadpan
10695,float,light,indirect,sustained,throaty,breathy,kid-ish,tiny,slow,hushed,menacing
10696,float,light,indirect,sustained,throaty,breathy,kid-ish,tiny,slow,medium,friendly
10697,float,light,indirect,sustained,throaty,breathy,kid-ish,tiny,slow,medium,deadpan
10698,float,light,indirect,sustained,throaty,breathy,kid-ish,tiny,slow,medium,menacing
10699,float,light,indirect,sustained,throaty,breathy,kid-ish,tiny,slow,big,friendly
10700,float,light,indirect,sustained,throaty,breathy,kid-ish,tiny,slow,big,deadpan
10701,float,light,indirect,sustained,throaty,breathy,kid-ish,tiny,slow,big,menacing
10702,float,light,indirect,sustained,throaty,breathy,kid-ish,tiny,steady,hushed,friendly
10703,float,light,indirect,sustained,throaty,breathy,kid-ish,tiny,steady,hushed,deadpan
10704,float,light,indirect,sustained,throaty,breathy,kid-ish,tiny,steady,hushed,menacing
10705,float,light,indirect,sustained,throaty,breathy,kid-ish,tiny,steady,medium,friendly
10706,float,light,indirect,sustained,throaty,breathy,kid-ish,tiny,steady,medium,deadpan
10707,float,light,indirect,sustained,throaty,breathy,kid-ish,tiny,steady,medium,menacing
10708,float,light,indirect,sustained,throaty,breathy,kid-ish,tiny,steady,big,friendly
10709,float,light,indirect,sustained,throaty,breathy,kid-ish,tiny,steady,big,deadpan
10710,float,light,indirect,sustained,throaty,breathy,kid-ish,tiny,steady,big,menacing
10711,float,light,indirect,sustained,throaty,breathy,kid-ish,tiny,rapid,hushed,friendly
10712,float,light,indirect,sustained,throaty,breathy,kid-ish,tiny,rapid,hushed,deadpan
10713,float,light,indirect,sustained,throaty,breathy,kid-ish,tiny,rapid,hushed,menacing
10714,float,light,indirect,sustained,throaty,breathy,kid-ish,tiny,rapid,medium,friendly
10715,float,light,indirect,sustained,throaty,breathy,kid-ish,tiny,rapid,medium,deadpan
10716,float,light,indirect,sustained,throaty,breathy,kid-ish,tiny,rapid,medium,menacing
10717,float,light,indirect,sustained,throaty,breathy,kid-ish,tiny,rapid,big,friendly
10718,float,light,indirect,sustained,throaty,breathy,kid-ish,tiny,rapid,big,deadpan
10719,float,light,indirect,sustained,throaty,breathy,kid-ish,tiny,rapid,big,menacing
10720,float,light,indirect,sustained,throaty,breathy,kid-ish,medium,slow,hushed,friendly
10721,float,light,indirect,sustained,throaty,breathy,kid-ish,medium,slow,hushed,deadpan
10722,float,light,indirect,sustained,throaty,breathy,kid-ish,medium,slow,hushed,menacing
10723,float,light,indirect,sustained,throaty,breathy,kid-ish,medium,slow,medium,friendly
10724,float,light,indirect,sustained,throaty,breathy,kid-ish,medium,slow,medium,deadpan
10725,float,light,indirect,sustained,throaty,breathy,kid-ish,medium,slow,medium,menacing
10726,float,light,indirect,sustained,throaty,breathy,kid-ish,medium,slow,big,friendly
10727,float,light,indirect,sustained,throaty,breathy,kid-ish,medium,slow,big,deadpan
10728,float,light,indirect,sustained,throaty,breathy,kid-ish,medium,slow,big,menacing
10729,float,light,indirect,sustained,throaty,breathy,kid-ish,medium,steady,hushed,friendly
10730,float,light,indirect,sustained,throaty,breathy,kid-ish,medium,steady,hushed,deadpan
10731,float,light,indirect,sustained,throaty,breathy,kid-ish,medium,steady,hushed,menacing
10732,float,light,indirect,sustained,throaty,breathy,kid-ish,medium,steady,medium,friendly
10733,float,light,indirect,sustained,throaty,breathy,kid-ish,medium,steady,medium,deadpan
10734,float,light,indirect,sustained,throaty,breathy,kid-ish,medium,steady,medium,menacing
10735,float,light,indirect,sustained,throaty,breathy,kid-ish,medium,steady,big,friendly
10736,float,light,indirect,sustained,throaty,breathy,kid-ish,medium,steady,big,deadpan
10737,float,light,indirect,sustained,throaty,breathy,kid-ish,medium,steady,big,menacing
10738,float,light,indirect,sustained,throaty,breathy,kid-ish,medium,rapid,hushed,friendly
10739,float,light,indirect,sustained,throaty,breathy,kid-ish,medium,rapid,hushed,deadpan
10740,float,light,indirect,sustained,throaty,breathy,kid-ish,medium,rapid,hushed,menacing
10741,float,light,indirect,sustained,throaty,breathy,kid-ish,medium,rapid,medium,friendly
10742,float,light,indirect,sustained,throaty,breathy,kid-ish,medium,rapid,medium,deadpan
10743,float,light,indirect,sustained,throaty,breathy,kid-ish,medium,rapid,medium,menacing
10744,float,light,indirect,sustained,throaty,breathy,kid-ish,medium,rapid,big,friendly
10745,float,light,indirect,sustained,throaty,breathy,kid-ish,medium,rapid,big,deadpan
10746,float,light,indirect,sustained,throaty,breathy,kid-ish,medium,rapid,big,menacing
10747,float,light,indirect,sustained,throaty,breathy,kid-ish,huge,slow,hushed,friendly
10748,float,light,indirect,sustained,throaty,breathy,kid-ish,huge,slow,hushed,deadpan
10749,float,light,indirect,sustained,throaty,breathy,kid-ish,huge,slow,hushed,menacing
10750,float,light,indirect,sustained,throaty,breathy,kid-ish,huge,slow,medium,friendly
10751,float,light,indirect,sustained,throaty,breathy,kid-ish,huge,slow,medium,deadpan
10752,float,light,indirect,sustained,throaty,breathy,kid-ish,huge,slow,medium,menacing
10753,float,light,indirect,sustained,throaty,breathy,kid-ish,huge,slow,big,friendly
10754,float,light,indirect,sustained,throaty,breathy,kid-ish,huge,slow,big,deadpan
10755,float,light,indirect,sustained,throaty,breathy,kid-ish,huge,slow,big,menacing
10756,float,light,indirect,sustained,throaty,breathy,kid-ish,huge,steady,hushed,friendly
10757,float,light,indirect,sustained,throaty,breathy,kid-ish,huge,steady,hushed,deadpan
10758,float,light,indirect,sustained,throaty,breathy,kid-ish,huge,steady,hushed,menacing
10759,float,light,indirect,sustained,throaty,breathy,kid-ish,huge,steady,medium,friendly
10760,float,light,indirect,sustained,throaty,breathy,kid-ish,huge,steady,medium,deadpan
10761,float,light,indirect,sustained,throaty,breathy,kid-ish,huge,steady,medium,menacing
10762,float,light,indirect,sustained,throaty,breathy,kid-ish,huge,steady,big,friendly
10763,float,light,indirect,sustained,throaty,breathy,kid-ish,huge,steady,big,deadpan
10764,float,light,indirect,sustained,throaty,breathy,kid-ish,huge,steady,big,menacing
10765,float,light,indirect,sustained,throaty,breathy,kid-ish,huge,rapid,hushed,friendly
10766,float,light,indirect,sustained,throaty,breathy,kid-ish,huge,rapid,hushed,deadpan
10767,float,light,indirect,sustained,throaty,breathy,kid-ish,huge,rapid,hushed,menacing
10768,float,light,indirect,sustained,throaty,breathy,kid-ish,huge,rapid,medium,friendly
10769,float,light,indirect,sustained,throaty,breathy,kid-ish,huge,rapid,medium,deadpan
10770,float,light,indirect,sustained,throaty,breathy,kid-ish,huge,rapid,medium,menacing
10771,float,light,indirect,sustained,throaty,breathy,kid-ish,huge,rapid,big,friendly
10772,float,light,indirect,sustained,throaty,breathy,kid-ish,huge,rapid,big,deadpan
10773,float,light,indirect,sustained,throaty,breathy,kid-ish,huge,rapid,big,menacing
10774,float,light,indirect,sustained,throaty,breathy,adult,tiny,slow,hushed,friendly
10775,float,light,indirect,sustained,throaty,breathy,adult,tiny,slow,hushed,deadpan
10776,float,light,indirect,sustained,throaty,breathy,adult,tiny,slow,hushed,menacing
10777,float,light,indirect,sustained,throaty,breathy,adult,tiny,slow,medium,friendly
10778,float,light,indirect,sustained,throaty,breathy,adult,tiny,slow,medium,deadpan
10779,float,light,indirect,sustained,throaty,breathy,adult,tiny,slow,medium,menacing
10780,float,light,indirect,sustained,throaty,breathy,adult,tiny,slow,big,friendly
10781,float,light,indirect,sustained,throaty,breathy,adult,tiny,slow,big,deadpan
10782,float,light,indirect,sustained,throaty,breathy,adult,tiny,slow,big,menacing
10783,float,light,indirect,sustained,throaty,breathy,adult,tiny,steady,hushed,friendly
10784,float,light,indirect,sustained,throaty,breathy,adult,tiny,steady,hushed,deadpan
10785,float,light,indirect,sustained,throaty,breathy,adult,tiny,steady,hushed,menacing
10786,float,light,indirect,sustained,throaty,breathy,adult,tiny,steady,medium,friendly
10787,float,light,indirect,sustained,throaty,breathy,adult,tiny,steady,medium,deadpan
10788,float,light,indirect,sustained,throaty,breathy,adult,tiny,steady,medium,menacing
10789,float,light,indirect,sustained,throaty,breathy,adult,tiny,steady,big,friendly
10790,float,light,indirect,sustained,throaty,breathy,adult,tiny,steady,big,deadpan
10791,float,light,indirect,sustained,throaty,breathy,adult,tiny,steady,big,menacing
10792,float,light,indirect,sustained,throaty,breathy,adult,tiny,rapid,hushed,friendly
10793,float,light,indirect,sustained,throaty,breathy,adult,tiny,rapid,hushed,deadpan
10794,float,light,indirect,sustained,throaty,breathy,adult,tiny,rapid,hushed,menacing
10795,float,light,indirect,sustained,throaty,breathy,adult,tiny,rapid,medium,friendly
10796,float,light,indirect,sustained,throaty,breathy,adult,tiny,rapid,medium,deadpan
10797,float,light,indirect,sustained,throaty,breathy,adult,tiny,rapid,medium,menacing
10798,float,light,indirect,sustained,throaty,breathy,adult,tiny,rapid,big,friendly
10799,float,light,indirect,sustained,throaty,breathy,adult,tiny,rapid,big,deadpan
10800,float,light,indirect,sustained,throaty,breathy,adult,tiny,rapid,big,menacing
10801,float,light,indirect,sustained,throaty,breathy,adult,medium,slow,hushed,friendly
10802,float,light,indirect,sustained,throaty,breathy,adult,medium,slow,hushed,deadpan
10803,float,light,indirect,sustained,throaty,breathy,adult,medium,slow,hushed,menacing
10804,float,light,indirect,sustained,throaty,breathy,adult,medium,slow,medium,friendly
10805,float,light,indirect,sustained,throaty,breathy,adult,medium,slow,medium,deadpan
10806,float,light,indirect,sustained,throaty,breathy,adult,medium,slow,medium,menacing
10807,float,light,indirect,sustained,throaty,breathy,adult,medium,slow,big,friendly
10808,float,light,indirect,sustained,throaty,breathy,adult,medium,slow,big,deadpan
10809,float,light,indirect,sustained,throaty,breathy,adult,medium,slow,big,menacing
10810,float,light,indirect,sustained,throaty,breathy,adult,medium,steady,hushed,friendly
10811,float,light,indirect,sustained,throaty,breathy,adult,medium,steady,hushed,deadpan
10812,float,light,indirect,sustained,throaty,breathy,adult,medium,steady,hushed,menacing
10813,float,light,indirect,sustained,throaty,breathy,adult,medium,steady,medium,friendly
10814,float,light,indirect,sustained,throaty,breathy,adult,medium,steady,medium,deadpan
10815,float,light,indirect,sustained,throaty,breathy,adult,medium,steady,medium,menacing
10816,float,light,indirect,sustained,throaty,breathy,adult,medium,steady,big,friendly
10817,float,light,indirect,sustained,throaty,breathy,adult,medium,steady,big,deadpan
10818,float,light,indirect,sustained,throaty,breathy,adult,medium,steady,big,menacing
10819,float,light,indirect,sustained,throaty,breathy,adult,medium,rapid,hushed,friendly
10820,float,light,indirect,sustained,throaty,breathy,adult,medium,rapid,hushed,deadpan
10821,float,light,indirect,sustained,throaty,breathy,adult,medium,rapid,hushed,menacing
10822,float,light,indirect,sustained,throaty,breathy,adult,medium,rapid,medium,friendly
10823,float,light,indirect,sustained,throaty,breathy,adult,medium,rapid,medium,deadpan
10824,float,light,indirect,sustained,throaty,breathy,adult,medium,rapid,medium,menacing
10825,float,light,indirect,sustained,throaty,breathy,adult,medium,rapid,big,friendly
10826,float,light,indirect,sustained,throaty,breathy,adult,medium,rapid,big,deadpan
10827,float,light,indirect,sustained,throaty,breathy,adult,medium,rapid,big,menacing
10828,float,light,indirect,sustained,throaty,breathy,adult,huge,slow,hushed,friendly
10829,float,light,indirect,sustained,throaty,breathy,adult,huge,slow,hushed,deadpan
10830,float,light,indirect,sustained,throaty,breathy,adult,huge,slow,hushed,menacing
10831,float,light,indirect,sustained,throaty,breathy,adult,huge,slow,medium,friendly
10832,float,light,indirect,sustained,throaty,breathy,adult,huge,slow,medium,deadpan
10833,float,light,indirect,sustained,throaty,breathy,adult,huge,slow,medium,menacing
10834,float,light,indirect,sustained,throaty,breathy,adult,huge,slow,big,friendly
10835,float,light,indirect,sustained,throaty,breathy,adult,huge,slow,big,deadpan
10836,float,light,indirect,sustained,throaty,breathy,adult,huge,slow,big,menacing
10837,float,light,indirect,sustained,throaty,breathy,adult,huge,steady,hushed,friendly
10838,float,light,indirect,sustained,throaty,breathy,adult,huge,steady,hushed,deadpan
10839,float,light,indirect,sustained,throaty,breathy,adult,huge,steady,hushed,menacing
10840,float,light,indirect,sustained,throaty,breathy,adult,huge,steady,medium,friendly
10841,float,light,indirect,sustained,throaty,breathy,adult,huge,steady,medium,deadpan
10842,float,light,indirect,sustained,throaty,breathy,adult,huge,steady,medium,menacing
10843,float,light,indirect,sustained,throaty,breathy,adult,huge,steady,big,friendly
10844,float,light,indirect,sustained,throaty,breathy,adult,huge,steady,big,deadpan
10845,float,light,indirect,sustained,throaty,breathy,adult,huge,steady,big,menacing
10846,float,light,indirect,sustained,throaty,breathy,adult,huge,rapid,hushed,friendly
10847,float,light,indirect,sustained,throaty,breathy,adult,huge,rapid,hushed,deadpan
10848,float,light,indirect,sustained,throaty,breathy,adult,huge,rapid,hushed,menacing
10849,float,light,indirect,sustained,throaty,breathy,adult,huge,rapid,medium,friendly
10850,float,light,indirect,sustained,throaty,breathy,adult,huge,rapid,medium,deadpan
10851,float,light,indirect,sustained,throaty,breathy,adult,huge,rapid,medium,menacing
10852,float,light,indirect,sustained,throaty,breathy,adult,huge,rapid,big,friendly
10853,float,light,indirect,sustained,throaty,breathy,adult,huge,rapid,big,deadpan
10854,float,light,indirect,sustained,throaty,breathy,adult,huge,rapid,big,menacing
10855,float,light,indirect,sustained,throaty,breathy,elder,tiny,slow,hushed,friendly
10856,float,light,indirect,sustained,throaty,breathy,elder,tiny,slow,hushed,deadpan
10857,float,light,indirect,sustained,throaty,breathy,elder,tiny,slow,hushed,menacing
10858,float,light,indirect,sustained,throaty,breathy,elder,tiny,slow,medium,friendly
10859,float,light,indirect,sustained,throaty,breathy,elder,tiny,slow,medium,deadpan
10860,float,light,indirect,sustained,throaty,breathy,elder,tiny,slow,medium,menacing
10861,float,light,indirect,sustained,throaty,breathy,elder,tiny,slow,big,friendly
10862,float,light,indirect,sustained,throaty,breathy,elder,tiny,slow,big,deadpan
10863,float,light,indirect,sustained,throaty,breathy,elder,tiny,slow,big,menacing
10864,float,light,indirect,sustained,throaty,breathy,elder,tiny,steady,hushed,friendly
10865,float,light,indirect,sustained,throaty,breathy,elder,tiny,steady,hushed,deadpan
10866,float,light,indirect,sustained,throaty,breathy,elder,tiny,steady,hushed,menacing
10867,float,light,indirect,sustained,throaty,breathy,elder,tiny,steady,medium,friendly
10868,float,light,indirect,sustained,throaty,breathy,elder,tiny,steady,medium,deadpan
10869,float,light,indirect,sustained,throaty,breathy,elder,tiny,steady,medium,menacing
10870,float,light,indirect,sustained,throaty,breathy,elder,tiny,steady,big,friendly
10871,float,light,indirect,sustained,throaty,breathy,elder,tiny,steady,big,deadpan
10872,float,light,indirect,sustained,throaty,breathy,elder,tiny,steady,big,menacing
10873,float,light,indirect,sustained,throaty,breathy,elder,tiny,rapid,hushed,friendly
10874,float,light,indirect,sustained,throaty,breathy,elder,tiny,rapid,hushed,deadpan
10875,float,light,indirect,sustained,throaty,breathy,elder,tiny,rapid,hushed,menacing
10876,float,light,indirect,sustained,throaty,breathy,elder,tiny,rapid,medium,friendly
10877,float,light,indirect,sustained,throaty,breathy,elder,tiny,rapid,medium,deadpan
10878,float,light,indirect,sustained,throaty,breathy,elder,tiny,rapid,medium,menacing
10879,float,light,indirect,sustained,throaty,breathy,elder,tiny,rapid,big,friendly
10880,float,light,indirect,sustained,throaty,breathy,elder,tiny,rapid,big,deadpan
10881,float,light,indirect,sustained,throaty,breathy,elder,tiny,rapid,big,menacing
10882,float,light,indirect,sustained,throaty,breathy,elder,medium,slow,hushed,friendly
10883,float,light,indirect,sustained,throaty,breathy,elder,medium,slow,hushed,deadpan
10884,float,light,indirect,sustained,throaty,breathy,elder,medium,slow,hushed,menacing
10885,float,light,indirect,sustained,throaty,breathy,elder,medium,slow,medium,friendly
10886,float,light,indirect,sustained,throaty,breathy,elder,medium,slow,medium,deadpan
10887,float,light,indirect,sustained,throaty,breathy,elder,medium,slow,medium,menacing
10888,float,light,indirect,sustained,throaty,breathy,elder,medium,slow,big,friendly
10889,float,light,indirect,sustained,throaty,breathy,elder,medium,slow,big,deadpan
10890,float,light,indirect,sustained,throaty,breathy,elder,medium,slow,big,menacing
10891,float,light,indirect,sustained,throaty,breathy,elder,medium,steady,hushed,friendly
10892,float,light,indirect,sustained,throaty,breathy,elder,medium,steady,hushed,deadpan
10893,float,light,indirect,sustained,throaty,breathy,elder,medium,steady,hushed,menacing
10894,float,light,indirect,sustained,throaty,breathy,elder,medium,steady,medium,friendly
10895,float,light,indirect,sustained,throaty,breathy,elder,medium,steady,medium,deadpan
10896,float,light,indirect,sustained,throaty,breathy,elder,medium,steady,medium,menacing
10897,float,light,indirect,sustained,throaty,breathy,elder,medium,steady,big,friendly
10898,float,light,indirect,sustained,throaty,breathy,elder,medium,steady,big,deadpan
10899,float,light,indirect,sustained,throaty,breathy,elder,medium,steady,big,menacing
10900,float,light,indirect,sustained,throaty,breathy,elder,medium,rapid,hushed,friendly
10901,float,light,indirect,sustained,throaty,breathy,elder,medium,rapid,hushed,deadpan
10902,float,light,indirect,sustained,throaty,breathy,elder,medium,rapid,hushed,menacing
10903,float,light,indirect,sustained,throaty,breathy,elder,medium,rapid,medium,friendly
10904,float,light,indirect,sustained,throaty,breathy,elder,medium,rapid,medium,deadpan
10905,float,light,indirect,sustained,throaty,breathy,elder,medium,rapid,medium,menacing
10906,float,light,indirect,sustained,throaty,breathy,elder,medium,rapid,big,friendly
10907,float,light,indirect,sustained,throaty,breathy,elder,medium,rapid,big,deadpan
10908,float,light,indirect,sustained,throaty,breathy,elder,medium,rapid,big,menacing
10909,float,light,indirect,sustained,throaty,breathy,elder,huge,slow,hushed,friendly
10910,float,light,indirect,sustained,throaty,breathy,elder,huge,slow,hushed,deadpan
10911,float,light,indirect,sustained,throaty,breathy,elder,huge,slow,hushed,menacing
10912,float,light,indirect,sustained,throaty,breathy,elder,huge,slow,medium,friendly
10913,float,light,indirect,sustained,throaty,breathy,elder,huge,slow,medium,deadpan
10914,float,light,indirect,sustained,throaty,breathy,elder,huge,slow,medium,menacing
10915,float,light,indirect,sustained,throaty,breathy,elder,huge,slow,big,friendly
10916,float,light,indirect,sustained,throaty,breathy,elder,huge,slow,big,deadpan
10917,float,light,indirect,sustained,throaty,breathy,elder,huge,slow,big,menacing
10918,float,light,indirect,sustained,throaty,breathy,elder,huge,steady,hushed,friendly
10919,float,light,indirect,sustained,throaty,breathy,elder,huge,steady,hushed,deadpan
10920,float,light,indirect,sustained,throaty,breathy,elder,huge,steady,hushed,menacing
10921,float,light,indirect,sustained,throaty,breathy,elder,huge,steady,medium,friendly
10922,float,light,indirect,sustained,throaty,breathy,elder,huge,steady,medium,deadpan
10923,float,light,indirect,sustained,throaty,breathy,elder,huge,steady,medium,menacing
10924,float,light,indirect,sustained,throaty,breathy,elder,huge,steady,big,friendly
10925,float,light,indirect,sustained,throaty,breathy,elder,huge,steady,big,deadpan
10926,float,light,indirect,sustained,throaty,breathy,elder,huge,steady,big,menacing
10927,float,light,indirect,sustained,throaty,breathy,elder,huge,rapid,hushed,friendly
10928,float,light,indirect,sustained,throaty,breathy,elder,huge,rapid,hushed,deadpan
10929,float,light,indirect,sustained,throaty,breathy,elder,huge,rapid,hushed,menacing
10930,float,light,indirect,sustained,throaty,breathy,elder,huge,rapid,medium,friendly
10931,float,light,indirect,sustained,throaty,breathy,elder,huge,rapid,medium,deadpan
10932,float,light,indirect,sustained,throaty,breathy,elder,huge,rapid,medium,menacing
10933,float,light,indirect,sustained,throaty,breathy,elder,huge,rapid,big,friendly
10934,float,light,indirect,sustained,throaty,breathy,elder,huge,rapid,big,deadpan
10935,float,light,indirect,sustained,throaty,breathy,elder,huge,rapid,big,menacing
10936,float,light,indirect,sustained,throaty,dry,kid-ish,tiny,slow,hushed,friendly
10937,float,light,indirect,sustained,throaty,dry,kid-ish,tiny,slow,hushed,deadpan
10938,float,light,indirect,sustained,throaty,dry,kid-ish,tiny,slow,hushed,menacing
10939,float,light,indirect,sustained,throaty,dry,kid-ish,tiny,slow,medium,friendly
10940,float,light,indirect,sustained,throaty,dry,kid-ish,tiny,slow,medium,deadpan
10941,float,light,indirect,sustained,throaty,dry,kid-ish,tiny,slow,medium,menacing
10942,float,light,indirect,sustained,throaty,dry,kid-ish,tiny,slow,big,friendly
10943,float,light,indirect,sustained,throaty,dry,kid-ish,tiny,slow,big,deadpan
10944,float,light,indirect,sustained,throaty,dry,kid-ish,tiny,slow,big,menacing
10945,float,light,indirect,sustained,throaty,dry,kid-ish,tiny,steady,hushed,friendly
10946,float,light,indirect,sustained,throaty,dry,kid-ish,tiny,steady,hushed,deadpan
10947,float,light,indirect,sustained,throaty,dry,kid-ish,tiny,steady,hushed,menacing
10948,float,light,indirect,sustained,throaty,dry,kid-ish,tiny,steady,medium,friendly
10949,float,light,indirect,sustained,throaty,dry,kid-ish,tiny,steady,medium,deadpan
10950,float,light,indirect,sustained,throaty,dry,kid-ish,tiny,steady,medium,menacing
10951,float,light,indirect,sustained,throaty,dry,kid-ish,tiny,steady,big,friendly
10952,float,light,indirect,sustained,throaty,dry,kid-ish,tiny,steady,big,deadpan
10953,float,light,indirect,sustained,throaty,dry,kid-ish,tiny,steady,big,menacing
10954,float,light,indirect,sustained,throaty,dry,kid-ish,tiny,rapid,hushed,friendly
10955,float,light,indirect,sustained,throaty,dry,kid-ish,tiny,rapid,hushed,deadpan
10956,float,light,indirect,sustained,throaty,dry,kid-ish,tiny,rapid,hushed,menacing
10957,float,light,indirect,sustained,throaty,dry,kid-ish,tiny,rapid,medium,friendly
10958,float,light,indirect,sustained,throaty,dry,kid-ish,tiny,rapid,medium,deadpan
10959,float,light,indirect,sustained,throaty,dry,kid-ish,tiny,rapid,medium,menacing
10960,float,light,indirect,sustained,throaty,dry,kid-ish,tiny,rapid,big,friendly
10961,float,light,indirect,sustained,throaty,dry,kid-ish,tiny,rapid,big,deadpan
10962,float,light,indirect,sustained,throaty,dry,kid-ish,tiny,rapid,big,menacing
10963,float,light,indirect,sustained,throaty,dry,kid-ish,medium,slow,hushed,friendly
10964,float,light,indirect,sustained,throaty,dry,kid-ish,medium,slow,hushed,deadpan
10965,float,light,indirect,sustained,throaty,dry,kid-ish,medium,slow,hushed,menacing
10966,float,light,indirect,sustained,throaty,dry,kid-ish,medium,slow,medium,friendly
10967,float,light,indirect,sustained,throaty,dry,kid-ish,medium,slow,medium,deadpan
10968,float,light,indirect,sustained,throaty,dry,kid-ish,medium,slow,medium,menacing
10969,float,light,indirect,sustained,throaty,dry,kid-ish,medium,slow,big,friendly
10970,float,light,indirect,sustained,throaty,dry,kid-ish,medium,slow,big,deadpan
10971,float,light,indirect,sustained,throaty,dry,kid-ish,medium,slow,big,menacing
10972,float,light,indirect,sustained,throaty,dry,kid-ish,medium,steady,hushed,friendly
10973,float,light,indirect,sustained,throaty,dry,kid-ish,medium,steady,hushed,deadpan
10974,float,light,indirect,sustained,throaty,dry,kid-ish,medium,steady,hushed,menacing
10975,float,light,indirect,sustained,throaty,dry,kid-ish,medium,steady,medium,friendly
10976,float,light,indirect,sustained,throaty,dry,kid-ish,medium,steady,medium,deadpan
10977,float,light,indirect,sustained,throaty,dry,kid-ish,medium,steady,medium,menacing
10978,float,light,indirect,sustained,throaty,dry,kid-ish,medium,steady,big,friendly
10979,float,light,indirect,sustained,throaty,dry,kid-ish,medium,steady,big,deadpan
10980,float,light,indirect,sustained,throaty,dry,kid-ish,medium,steady,big,menacing
10981,float,light,indirect,sustained,throaty,dry,kid-ish,medium,rapid,hushed,friendly
10982,float,light,indirect,sustained,throaty,dry,kid-ish,medium,rapid,hushed,deadpan
10983,float,light,indirect,sustained,throaty,dry,kid-ish,medium,rapid,hushed,menacing
10984,float,light,indirect,sustained,throaty,dry,kid-ish,medium,rapid,medium,friendly
10985,float,light,indirect,sustained,throaty,dry,kid-ish,medium,rapid,medium,deadpan
10986,float,light,indirect,sustained,throaty,dry,kid-ish,medium,rapid,medium,menacing
10987,float,light,indirect,sustained,throaty,dry,kid-ish,medium,rapid,big,friendly
10988,float,light,indirect,sustained,throaty,dry,kid-ish,medium,rapid,big,deadpan
10989,float,light,indirect,sustained,throaty,dry,kid-ish,medium,rapid,big,menacing
10990,float,light,indirect,sustained,throaty,dry,kid-ish,huge,slow,hushed,friendly
10991,float,light,indirect,sustained,throaty,dry,kid-ish,huge,slow,hushed,deadpan
10992,float,light,indirect,sustained,throaty,dry,kid-ish,huge,slow,hushed,menacing
10993,float,light,indirect,sustained,throaty,dry,kid-ish,huge,slow,medium,friendly
10994,float,light,indirect,sustained,throaty,dry,kid-ish,huge,slow,medium,deadpan
10995,float,light,indirect,sustained,throaty,dry,kid-ish,huge,slow,medium,menacing
10996,float,light,indirect,sustained,throaty,dry,kid-ish,huge,slow,big,friendly
10997,float,light,indirect,sustained,throaty,dry,kid-ish,huge,slow,big,deadpan
10998,float,light,indirect,sustained,throaty,dry,kid-ish,huge,slow,big,menacing
10999,float,light,indirect,sustained,throaty,dry,kid-ish,huge,steady,hushed,friendly
11000,float,light,indirect,sustained,throaty,dry,kid-ish,huge,steady,hushed,deadpan
11001,float,light,indirect,sustained,throaty,dry,kid-ish,huge,steady,hushed,menacing
11002,float,light,indirect,sustained,throaty,dry,kid-ish,huge,steady,medium,friendly
11003,float,light,indirect,sustained,throaty,dry,kid-ish,huge,steady,medium,deadpan
11004,float,light,indirect,sustained,throaty,dry,kid-ish,huge,steady,medium,menacing
11005,float,light,indirect,sustained,throaty,dry,kid-ish,huge,steady,big,friendly
11006,float,light,indirect,sustained,throaty,dry,kid-ish,huge,steady,big,deadpan
11007,float,light,indirect,sustained,throaty,dry,kid-ish,huge,steady,big,menacing
11008,float,light,indirect,sustained,throaty,dry,kid-ish,huge,rapid,hushed,friendly
11009,float,light,indirect,sustained,throaty,dry,kid-ish,huge,rapid,hushed,deadpan
11010,float,light,indirect,sustained,throaty,dry,kid-ish,huge,rapid,hushed,menacing
11011,float,light,indirect,sustained,throaty,dry,kid-ish,huge,rapid,medium,friendly
11012,float,light,indirect,sustained,throaty,dry,kid-ish,huge,rapid,medium,deadpan
11013,float,light,indirect,sustained,throaty,dry,kid-ish,huge,rapid,medium,menacing
11014,float,light,indirect,sustained,throaty,dry,kid-ish,huge,rapid,big,friendly
11015,float,light,indirect,sustained,throaty,dry,kid-ish,huge,rapid,big,deadpan
11016,float,light,indirect,sustained,throaty,dry,kid-ish,huge,rapid,big,menacing
11017,float,light,indirect,sustained,throaty,dry,adult,tiny,slow,hushed,friendly
11018,float,light,indirect,sustained,throaty,dry,adult,tiny,slow,hushed,deadpan
11019,float,light,indirect,sustained,throaty,dry,adult,tiny,slow,hushed,menacing
11020,float,light,indirect,sustained,throaty,dry,adult,tiny,slow,medium,friendly
11021,float,light,indirect,sustained,throaty,dry,adult,tiny,slow,medium,deadpan
11022,float,light,indirect,sustained,throaty,dry,adult,tiny,slow,medium,menacing
11023,float,light,indirect,sustained,throaty,dry,adult,tiny,slow,big,friendly
11024,float,light,indirect,sustained,throaty,dry,adult,tiny,slow,big,deadpan
11025,float,light,indirect,sustained,throaty,dry,adult,tiny,slow,big,menacing
11026,float,light,indirect,sustained,throaty,dry,adult,tiny,steady,hushed,friendly
11027,float,light,indirect,sustained,throaty,dry,adult,tiny,steady,hushed,deadpan
11028,float,light,indirect,sustained,throaty,dry,adult,tiny,steady,hushed,menacing
11029,float,light,indirect,sustained,throaty,dry,adult,tiny,steady,medium,friendly
11030,float,light,indirect,sustained,throaty,dry,adult,tiny,steady,medium,deadpan
11031,float,light,indirect,sustained,throaty,dry,adult,tiny,steady,medium,menacing
11032,float,light,indirect,sustained,throaty,dry,adult,tiny,steady,big,friendly
11033,float,light,indirect,sustained,throaty,dry,adult,tiny,steady,big,deadpan
11034,float,light,indirect,sustained,throaty,dry,adult,tiny,steady,big,menacing
11035,float,light,indirect,sustained,throaty,dry,adult,tiny,rapid,hushed,friendly
11036,float,light,indirect,sustained,throaty,dry,adult,tiny,rapid,hushed,deadpan
11037,float,light,indirect,sustained,throaty,dry,adult,tiny,rapid,hushed,menacing
11038,float,light,indirect,sustained,throaty,dry,adult,tiny,rapid,medium,friendly
11039,float,light,indirect,sustained,throaty,dry,adult,tiny,rapid,medium,deadpan
11040,float,light,indirect,sustained,throaty,dry,adult,tiny,rapid,medium,menacing
11041,float,light,indirect,sustained,throaty,dry,adult,tiny,rapid,big,friendly
11042,float,light,indirect,sustained,throaty,dry,adult,tiny,rapid,big,deadpan
11043,float,light,indirect,sustained,throaty,dry,adult,tiny,rapid,big,menacing
11044,float,light,indirect,sustained,throaty,dry,adult,medium,slow,hushed,friendly
11045,float,light,indirect,sustained,throaty,dry,adult,medium,slow,hushed,deadpan
11046,float,light,indirect,sustained,throaty,dry,adult,medium,slow,hushed,menacing
11047,float,light,indirect,sustained,throaty,dry,adult,medium,slow,medium,friendly
11048,float,light,indirect,sustained,throaty,dry,adult,medium,slow,medium,deadpan
11049,float,light,indirect,sustained,throaty,dry,adult,medium,slow,medium,menacing
11050,float,light,indirect,sustained,throaty,dry,adult,medium,slow,big,friendly
11051,float,light,indirect,sustained,throaty,dry,adult,medium,slow,big,deadpan
11052,float,light,indirect,sustained,throaty,dry,adult,medium,slow,big,menacing
11053,float,light,indirect,sustained,throaty,dry,adult,medium,steady,hushed,friendly
11054,float,light,indirect,sustained,throaty,dry,adult,medium,steady,hushed,deadpan
11055,float,light,indirect,sustained,throaty,dry,adult,medium,steady,hushed,menacing
11056,float,light,indirect,sustained,throaty,dry,adult,medium,steady,medium,friendly
11057,float,light,indirect,sustained,throaty,dry,adult,medium,steady,medium,deadpan
11058,float,light,indirect,sustained,throaty,dry,adult,medium,steady,medium,menacing
11059,float,light,indirect,sustained,throaty,dry,adult,medium,steady,big,friendly
11060,float,light,indirect,sustained,throaty,dry,adult,medium,steady,big,deadpan
11061,float,light,indirect,sustained,throaty,dry,adult,medium,steady,big,menacing
11062,float,light,indirect,sustained,throaty,dry,adult,medium,rapid,hushed,friendly
11063,float,light,indirect,sustained,throaty,dry,adult,medium,rapid,hushed,deadpan
11064,float,light,indirect,sustained,throaty,dry,adult,medium,rapid,hushed,menacing
11065,float,light,indirect,sustained,throaty,dry,adult,medium,rapid,medium,friendly
11066,float,light,indirect,sustained,throaty,dry,adult,medium,rapid,medium,deadpan
11067,float,light,indirect,sustained,throaty,dry,adult,medium,rapid,medium,menacing
11068,float,light,indirect,sustained,throaty,dry,adult,medium,rapid,big,friendly
11069,float,light,indirect,sustained,throaty,dry,adult,medium,rapid,big,deadpan
11070,float,light,indirect,sustained,throaty,dry,adult,medium,rapid,big,menacing
11071,float,light,indirect,sustained,throaty,dry,adult,huge,slow,hushed,friendly
11072,float,light,indirect,sustained,throaty,dry,adult,huge,slow,hushed,deadpan
11073,float,light,indirect,sustained,throaty,dry,adult,huge,slow,hushed,menacing
11074,float,light,indirect,sustained,throaty,dry,adult,huge,slow,medium,friendly
11075,float,light,indirect,sustained,throaty,dry,adult,huge,slow,medium,deadpan
11076,float,light,indirect,sustained,throaty,dry,adult,huge,slow,medium,menacing
11077,float,light,indirect,sustained,throaty,dry,adult,huge,slow,big,friendly
11078,float,light,indirect,sustained,throaty,dry,adult,huge,slow,big,deadpan
11079,float,light,indirect,sustained,throaty,dry,adult,huge,slow,big,menacing
11080,float,light,indirect,sustained,throaty,dry,adult,huge,steady,hushed,friendly
11081,float,light,indirect,sustained,throaty,dry,adult,huge,steady,hushed,deadpan
11082,float,light,indirect,sustained,throaty,dry,adult,huge,steady,hushed,menacing
11083,float,light,indirect,sustained,throaty,dry,adult,huge,steady,medium,friendly
11084,float,light,indirect,sustained,throaty,dry,adult,huge,steady,medium,deadpan
11085,float,light,indirect,sustained,throaty,dry,adult,huge,steady,medium,menacing
11086,float,light,indirect,sustained,throaty,dry,adult,huge,steady,big,friendly
11087,float,light,indirect,sustained,throaty,dry,adult,huge,steady,big,deadpan
11088,float,light,indirect,sustained,throaty,dry,adult,huge,steady,big,menacing
11089,float,light,indirect,sustained,throaty,dry,adult,huge,rapid,hushed,friendly
11090,float,light,indirect,sustained,throaty,dry,adult,huge,rapid,hushed,deadpan
11091,float,light,indirect,sustained,throaty,dry,adult,huge,rapid,hushed,menacing
11092,float,light,indirect,sustained,throaty,dry,adult,huge,rapid,medium,friendly
11093,float,light,indirect,sustained,throaty,dry,adult,huge,rapid,medium,deadpan
11094,float,light,indirect,sustained,throaty,dry,adult,huge,rapid,medium,menacing
11095,float,light,indirect,sustained,throaty,dry,adult,huge,rapid,big,friendly
11096,float,light,indirect,sustained,throaty,dry,adult,huge,rapid,big,deadpan
11097,float,light,indirect,sustained,throaty,dry,adult,huge,rapid,big,menacing
11098,float,light,indirect,sustained,throaty,dry,elder,tiny,slow,hushed,friendly
11099,float,light,indirect,sustained,throaty,dry,elder,tiny,slow,hushed,deadpan
11100,float,light,indirect,sustained,throaty,dry,elder,tiny,slow,hushed,menacing
11101,float,light,indirect,sustained,throaty,dry,elder,tiny,slow,medium,friendly
11102,float,light,indirect,sustained,throaty,dry,elder,tiny,slow,medium,deadpan
11103,float,light,indirect,sustained,throaty,dry,elder,tiny,slow,medium,menacing
11104,float,light,indirect,sustained,throaty,dry,elder,tiny,slow,big,friendly
11105,float,light,indirect,sustained,throaty,dry,elder,tiny,slow,big,deadpan
11106,float,light,indirect,sustained,throaty,dry,elder,tiny,slow,big,menacing
11107,float,light,indirect,sustained,throaty,dry,elder,tiny,steady,hushed,friendly
11108,float,light,indirect,sustained,throaty,dry,elder,tiny,steady,hushed,deadpan
11109,float,light,indirect,sustained,throaty,dry,elder,tiny,steady,hushed,menacing
11110,float,light,indirect,sustained,throaty,dry,elder,tiny,steady,medium,friendly
11111,float,light,indirect,sustained,throaty,dry,elder,tiny,steady,medium,deadpan
11112,float,light,indirect,sustained,throaty,dry,elder,tiny,steady,medium,menacing
11113,float,light,indirect,sustained,throaty,dry,elder,tiny,steady,big,friendly
11114,float,light,indirect,sustained,throaty,dry,elder,tiny,steady,big,deadpan
11115,float,light,indirect,sustained,throaty,dry,elder,tiny,steady,big,menacing
11116,float,light,indirect,sustained,throaty,dry,elder,tiny,rapid,hushed,friendly
11117,float,light,indirect,sustained,throaty,dry,elder,tiny,rapid,hushed,deadpan
11118,float,light,indirect,sustained,throaty,dry,elder,tiny,rapid,hushed,menacing
11119,float,light,indirect,sustained,throaty,dry,elder,tiny,rapid,medium,friendly
11120,float,light,indirect,sustained,throaty,dry,elder,tiny,rapid,medium,deadpan
11121,float,light,indirect,sustained,throaty,dry,elder,tiny,rapid,medium,menacing
11122,float,light,indirect,sustained,throaty,dry,elder,tiny,rapid,big,friendly
11123,float,light,indirect,sustained,throaty,dry,elder,tiny,rapid,big,deadpan
11124,float,light,indirect,sustained,throaty,dry,elder,tiny,rapid,big,menacing
11125,float,light,indirect,sustained,throaty,dry,elder,medium,slow,hushed,friendly
11126,float,light,indirect,sustained,throaty,dry,elder,medium,slow,hushed,deadpan
11127,float,light,indirect,sustained,throaty,dry,elder,medium,slow,hushed,menacing
11128,float,light,indirect,sustained,throaty,dry,elder,medium,slow,medium,friendly
11129,float,light,indirect,sustained,throaty,dry,elder,medium,slow,medium,deadpan
11130,float,light,indirect,sustained,throaty,dry,elder,medium,slow,medium,menacing
11131,float,light,indirect,sustained,throaty,dry,elder,medium,slow,big,friendly
11132,float,light,indirect,sustained,throaty,dry,elder,medium,slow,big,deadpan
11133,float,light,indirect,sustained,throaty,dry,elder,medium,slow,big,menacing
11134,float,light,indirect,sustained,throaty,dry,elder,medium,steady,hushed,friendly
11135,float,light,indirect,sustained,throaty,dry,elder,medium,steady,hushed,deadpan
11136,float,light,indirect,sustained,throaty,dry,elder,medium,steady,hushed,menacing
11137,float,light,indirect,sustained,throaty,dry,elder,medium,steady,medium,friendly
11138,float,light,indirect,sustained,throaty,dry,elder,medium,steady,medium,deadpan
11139,float,light,indirect,sustained,throaty,dry,elder,medium,steady,medium,menacing
11140,float,light,indirect,sustained,throaty,dry,elder,medium,steady,big,friendly
11141,float,light,indirect,sustained,throaty,dry,elder,medium,steady,big,deadpan
11142,float,light,indirect,sustained,throaty,dry,elder,medium,steady,big,menacing
11143,float,light,indirect,sustained,throaty,dry,elder,medium,rapid,hushed,friendly
11144,float,light,indirect,sustained,throaty,dry,elder,medium,rapid,hushed,deadpan
11145,float,light,indirect,sustained,throaty,dry,elder,medium,rapid,hushed,menacing
11146,float,light,indirect,sustained,throaty,dry,elder,medium,rapid,medium,friendly
11147,float,light,indirect,sustained,throaty,dry,elder,medium,rapid,medium,deadpan
11148,float,light,indirect,sustained,throaty,dry,elder,medium,rapid,medium,menacing
11149,float,light,indirect,sustained,throaty,dry,elder,medium,rapid,big,friendly
11150,float,light,indirect,sustained,throaty,dry,elder,medium,rapid,big,deadpan
11151,float,light,indirect,sustained,throaty,dry,elder,medium,rapid,big,menacing
11152,float,light,indirect,sustained,throaty,dry,elder,huge,slow,hushed,friendly
11153,float,light,indirect,sustained,throaty,dry,elder,huge,slow,hushed,deadpan
11154,float,light,indirect,sustained,throaty,dry,elder,huge,slow,hushed,menacing
11155,float,light,indirect,sustained,throaty,dry,elder,huge,slow,medium,friendly
11156,float,light,indirect,sustained,throaty,dry,elder,huge,slow,medium,deadpan
11157,float,light,indirect,sustained,throaty,dry,elder,huge,slow,medium,menacing
11158,float,light,indirect,sustained,throaty,dry,elder,huge,slow,big,friendly
11159,float,light,indirect,sustained,throaty,dry,elder,huge,slow,big,deadpan
11160,float,light,indirect,sustained,throaty,dry,elder,huge,slow,big,menacing
11161,float,light,indirect,sustained,throaty,dry,elder,huge,steady,hushed,friendly
11162,float,light,indirect,sustained,throaty,dry,elder,huge,steady,hushed,deadpan
11163,float,light,indirect,sustained,throaty,dry,elder,huge,steady,hushed,menacing
11164,float,light,indirect,sustained,throaty,dry,elder,huge,steady,medium,friendly
11165,float,light,indirect,sustained,throaty,dry,elder,huge,steady,medium,deadpan
11166,float,light,indirect,sustained,throaty,dry,elder,huge,steady,medium,menacing
11167,float,light,indirect,sustained,throaty,dry,elder,huge,steady,big,friendly
11168,float,light,indirect,sustained,throaty,dry,elder,huge,steady,big,deadpan
11169,float,light,indirect,sustained,throaty,dry,elder,huge,steady,big,menacing
11170,float,light,indirect,sustained,throaty,dry,elder,huge,rapid,hushed,friendly
11171,float,light,indirect,sustained,throaty,dry,elder,huge,rapid,hushed,deadpan
11172,float,light,indirect,sustained,throaty,dry,elder,huge,rapid,hushed,menacing
11173,float,light,indirect,sustained,throaty,dry,elder,huge,rapid,medium,friendly
11174,float,light,indirect,sustained,throaty,dry,elder,huge,rapid,medium,deadpan
11175,float,light,indirect,sustained,throaty,dry,elder,huge,rapid,medium,menacing
11176,float,light,indirect,sustained,throaty,dry,elder,huge,rapid,big,friendly
11177,float,light,indirect,sustained,throaty,dry,elder,huge,rapid,big,deadpan
11178,float,light,indirect,sustained,throaty,dry,elder,huge,rapid,big,menacing
11179,float,light,indirect,sustained,balanced,breathy,kid-ish,tiny,slow,hushed,friendly
11180,float,light,indirect,sustained,balanced,breathy,kid-ish,tiny,slow,hushed,deadpan
11181,float,light,indirect,sustained,balanced,breathy,kid-ish,tiny,slow,hushed,menacing
11182,float,light,indirect,sustained,balanced,breathy,kid-ish,tiny,slow,medium,friendly
11183,float,light,indirect,sustained,balanced,breathy,kid-ish,tiny,slow,medium,deadpan
11184,float,light,indirect,sustained,balanced,breathy,kid-ish,tiny,slow,medium,menacing
11185,float,light,indirect,sustained,balanced,breathy,kid-ish,tiny,slow,big,friendly
11186,float,light,indirect,sustained,balanced,breathy,kid-ish,tiny,slow,big,deadpan
11187,float,light,indirect,sustained,balanced,breathy,kid-ish,tiny,slow,big,menacing
11188,float,light,indirect,sustained,balanced,breathy,kid-ish,tiny,steady,hushed,friendly
11189,float,light,indirect,sustained,balanced,breathy,kid-ish,tiny,steady,hushed,deadpan
11190,float,light,indirect,sustained,balanced,breathy,kid-ish,tiny,steady,hushed,menacing
11191,float,light,indirect,sustained,balanced,breathy,kid-ish,tiny,steady,medium,friendly
11192,float,light,indirect,sustained,balanced,breathy,kid-ish,tiny,steady,medium,deadpan
11193,float,light,indirect,sustained,balanced,breathy,kid-ish,tiny,steady,medium,menacing
11194,float,light,indirect,sustained,balanced,breathy,kid-ish,tiny,steady,big,friendly
11195,float,light,indirect,sustained,balanced,breathy,kid-ish,tiny,steady,big,deadpan
11196,float,light,indirect,sustained,balanced,breathy,kid-ish,tiny,steady,big,menacing
11197,float,light,indirect,sustained,balanced,breathy,kid-ish,tiny,rapid,hushed,friendly
11198,float,light,indirect,sustained,balanced,breathy,kid-ish,tiny,rapid,hushed,deadpan
11199,float,light,indirect,sustained,balanced,breathy,kid-ish,tiny,rapid,hushed,menacing
11200,float,light,indirect,sustained,balanced,breathy,kid-ish,tiny,rapid,medium,friendly
11201,float,light,indirect,sustained,balanced,breathy,kid-ish,tiny,rapid,medium,deadpan
11202,float,light,indirect,sustained,balanced,breathy,kid-ish,tiny,rapid,medium,menacing
11203,float,light,indirect,sustained,balanced,breathy,kid-ish,tiny,rapid,big,friendly
11204,float,light,indirect,sustained,balanced,breathy,kid-ish,tiny,rapid,big,deadpan
11205,float,light,indirect,sustained,balanced,breathy,kid-ish,tiny,rapid,big,menacing
11206,float,light,indirect,sustained,balanced,breathy,kid-ish,medium,slow,hushed,friendly
11207,float,light,indirect,sustained,balanced,breathy,kid-ish,medium,slow,hushed,deadpan
11208,float,light,indirect,sustained,balanced,breathy,kid-ish,medium,slow,hushed,menacing
11209,float,light,indirect,sustained,balanced,breathy,kid-ish,medium,slow,medium,friendly
11210,float,light,indirect,sustained,balanced,breathy,kid-ish,medium,slow,medium,deadpan
11211,float,light,indirect,sustained,balanced,breathy,kid-ish,medium,slow,medium,menacing
11212,float,light,indirect,sustained,balanced,breathy,kid-ish,medium,slow,big,friendly
11213,float,light,indirect,sustained,balanced,breathy,kid-ish,medium,slow,big,deadpan
11214,float,light,indirect,sustained,balanced,breathy,kid-ish,medium,slow,big,menacing
11215,float,light,indirect,sustained,balanced,breathy,kid-ish,medium,steady,hushed,friendly
11216,float,light,indirect,sustained,balanced,breathy,kid-ish,medium,steady,hushed,deadpan
11217,float,light,indirect,sustained,balanced,breathy,kid-ish,medium,steady,hushed,menacing
11218,float,light,indirect,sustained,balanced,breathy,kid-ish,medium,steady,medium,friendly
11219,float,light,indirect,sustained,balanced,breathy,kid-ish,medium,steady,medium,deadpan
11220,float,light,indirect,sustained,balanced,breathy,kid-ish,medium,steady,medium,menacing
11221,float,light,indirect,sustained,balanced,breathy,kid-ish,medium,steady,big,friendly
11222,float,light,indirect,sustained,balanced,breathy,kid-ish,medium,steady,big,deadpan
11223,float,light,indirect,sustained,balanced,breathy,kid-ish,medium,steady,big,menacing
11224,float,light,indirect,sustained,balanced,breathy,kid-ish,medium,rapid,hushed,friendly
11225,float,light,indirect,sustained,balanced,breathy,kid-ish,medium,rapid,hushed,deadpan
11226,float,light,indirect,sustained,balanced,breathy,kid-ish,medium,rapid,hushed,menacing
11227,float,light,indirect,sustained,balanced,breathy,kid-ish,medium,rapid,medium,friendly
11228,float,light,indirect,sustained,balanced,breathy,kid-ish,medium,rapid,medium,deadpan
11229,float,light,indirect,sustained,balanced,breathy,kid-ish,medium,rapid,medium,menacing
11230,float,light,indirect,sustained,balanced,breathy,kid-ish,medium,rapid,big,friendly
11231,float,light,indirect,sustained,balanced,breathy,kid-ish,medium,rapid,big,deadpan
11232,float,light,indirect,sustained,balanced,breathy,kid-ish,medium,rapid,big,menacing
11233,float,light,indirect,sustained,balanced,breathy,kid-ish,huge,slow,hushed,friendly
11234,float,light,indirect,sustained,balanced,breathy,kid-ish,huge,slow,hushed,deadpan
11235,float,light,indirect,sustained,balanced,breathy,kid-ish,huge,slow,hushed,menacing
11236,float,light,indirect,sustained,balanced,breathy,kid-ish,huge,slow,medium,friendly
11237,float,light,indirect,sustained,balanced,breathy,kid-ish,huge,slow,medium,deadpan
11238,float,light,indirect,sustained,balanced,breathy,kid-ish,huge,slow,medium,menacing
11239,float,light,indirect,sustained,balanced,breathy,kid-ish,huge,slow,big,friendly
11240,float,light,indirect,sustained,balanced,breathy,kid-ish,huge,slow,big,deadpan
11241,float,light,indirect,sustained,balanced,breathy,kid-ish,huge,slow,big,menacing
11242,float,light,indirect,sustained,balanced,breathy,kid-ish,huge,steady,hushed,friendly
11243,float,light,indirect,sustained,balanced,breathy,kid-ish,huge,steady,hushed,deadpan
11244,float,light,indirect,sustained,balanced,breathy,kid-ish,huge,steady,hushed,menacing
11245,float,light,indirect,sustained,balanced,breathy,kid-ish,huge,steady,medium,friendly
11246,float,light,indirect,sustained,balanced,breathy,kid-ish,huge,steady,medium,deadpan
11247,float,light,indirect,sustained,balanced,breathy,kid-ish,huge,steady,medium,menacing
11248,float,light,indirect,sustained,balanced,breathy,kid-ish,huge,steady,big,friendly
11249,float,light,indirect,sustained,balanced,breathy,kid-ish,huge,steady,big,deadpan
11250,float,light,indirect,sustained,balanced,breathy,kid-ish,huge,steady,big,menacing
11251,float,light,indirect,sustained,balanced,breathy,kid-ish,huge,rapid,hushed,friendly
11252,float,light,indirect,sustained,balanced,breathy,kid-ish,huge,rapid,hushed,deadpan
11253,float,light,indirect,sustained,balanced,breathy,kid-ish,huge,rapid,hushed,menacing
11254,float,light,indirect,sustained,balanced,breathy,kid-ish,huge,rapid,medium,friendly
11255,float,light,indirect,sustained,balanced,breathy,kid-ish,huge,rapid,medium,deadpan
11256,float,light,indirect,sustained,balanced,breathy,kid-ish,huge,rapid,medium,menacing
11257,float,light,indirect,sustained,balanced,breathy,kid-ish,huge,rapid,big,friendly
11258,float,light,indirect,sustained,balanced,breathy,kid-ish,huge,rapid,big,deadpan
11259,float,light,indirect,sustained,balanced,breathy,kid-ish,huge,rapid,big,menacing
11260,float,light,indirect,sustained,balanced,breathy,adult,tiny,slow,hushed,friendly
11261,float,light,indirect,sustained,balanced,breathy,adult,tiny,slow,hushed,deadpan
11262,float,light,indirect,sustained,balanced,breathy,adult,tiny,slow,hushed,menacing
11263,float,light,indirect,sustained,balanced,breathy,adult,tiny,slow,medium,friendly
11264,float,light,indirect,sustained,balanced,breathy,adult,tiny,slow,medium,deadpan
11265,float,light,indirect,sustained,balanced,breathy,adult,tiny,slow,medium,menacing
11266,float,light,indirect,sustained,balanced,breathy,adult,tiny,slow,big,friendly
11267,float,light,indirect,sustained,balanced,breathy,adult,tiny,slow,big,deadpan
11268,float,light,indirect,sustained,balanced,breathy,adult,tiny,slow,big,menacing
11269,float,light,indirect,sustained,balanced,breathy,adult,tiny,steady,hushed,friendly
11270,float,light,indirect,sustained,balanced,breathy,adult,tiny,steady,hushed,deadpan
11271,float,light,indirect,sustained,balanced,breathy,adult,tiny,steady,hushed,menacing
11272,float,light,indirect,sustained,balanced,breathy,adult,tiny,steady,medium,friendly
11273,float,light,indirect,sustained,balanced,breathy,adult,tiny,steady,medium,deadpan
11274,float,light,indirect,sustained,balanced,breathy,adult,tiny,steady,medium,menacing
11275,float,light,indirect,sustained,balanced,breathy,adult,tiny,steady,big,friendly
11276,float,light,indirect,sustained,balanced,breathy,adult,tiny,steady,big,deadpan
11277,float,light,indirect,sustained,balanced,breathy,adult,tiny,steady,big,menacing
11278,float,light,indirect,sustained,balanced,breathy,adult,tiny,rapid,hushed,friendly
11279,float,light,indirect,sustained,balanced,breathy,adult,tiny,rapid,hushed,deadpan
11280,float,light,indirect,sustained,balanced,breathy,adult,tiny,rapid,hushed,menacing
11281,float,light,indirect,sustained,balanced,breathy,adult,tiny,rapid,medium,friendly
11282,float,light,indirect,sustained,balanced,breathy,adult,tiny,rapid,medium,deadpan
11283,float,light,indirect,sustained,balanced,breathy,adult,tiny,rapid,medium,menacing
11284,float,light,indirect,sustained,balanced,breathy,adult,tiny,rapid,big,friendly
11285,float,light,indirect,sustained,balanced,breathy,adult,tiny,rapid,big,deadpan
11286,float,light,indirect,sustained,balanced,breathy,adult,tiny,rapid,big,menacing
11287,float,light,indirect,sustained,balanced,breathy,adult,medium,slow,hushed,friendly
11288,float,light,indirect,sustained,balanced,breathy,adult,medium,slow,hushed,deadpan
11289,float,light,indirect,sustained,balanced,breathy,adult,medium,slow,hushed,menacing
11290,float,light,indirect,sustained,balanced,breathy,adult,medium,slow,medium,friendly
11291,float,light,indirect,sustained,balanced,breathy,adult,medium,slow,medium,deadpan
11292,float,light,indirect,sustained,balanced,breathy,adult,medium,slow,medium,menacing
11293,float,light,indirect,sustained,balanced,breathy,adult,medium,slow,big,friendly
11294,float,light,indirect,sustained,balanced,breathy,adult,medium,slow,big,deadpan
11295,float,light,indirect,sustained,balanced,breathy,adult,medium,slow,big,menacing
11296,float,light,indirect,sustained,balanced,breathy,adult,medium,steady,hushed,friendly
11297,float,light,indirect,sustained,balanced,breathy,adult,medium,steady,hushed,deadpan
11298,float,light,indirect,sustained,balanced,breathy,adult,medium,steady,hushed,menacing
11299,float,light,indirect,sustained,balanced,breathy,adult,medium,steady,medium,friendly
11300,float,light,indirect,sustained,balanced,breathy,adult,medium,steady,medium,deadpan
11301,float,light,indirect,sustained,balanced,breathy,adult,medium,steady,medium,menacing
11302,float,light,indirect,sustained,balanced,breathy,adult,medium,steady,big,friendly
11303,float,light,indirect,sustained,balanced,breathy,adult,medium,steady,big,deadpan
11304,float,light,indirect,sustained,balanced,breathy,adult,medium,steady,big,menacing
11305,float,light,indirect,sustained,balanced,breathy,adult,medium,rapid,hushed,friendly
11306,float,light,indirect,sustained,balanced,breathy,adult,medium,rapid,hushed,deadpan
11307,float,light,indirect,sustained,balanced,breathy,adult,medium,rapid,hushed,menacing
11308,float,light,indirect,sustained,balanced,breathy,adult,medium,rapid,medium,friendly
11309,float,light,indirect,sustained,balanced,breathy,adult,medium,rapid,medium,deadpan
11310,float,light,indirect,sustained,balanced,breathy,adult,medium,rapid,medium,menacing
11311,float,light,indirect,sustained,balanced,breathy,adult,medium,rapid,big,friendly
11312,float,light,indirect,sustained,balanced,breathy,adult,medium,rapid,big,deadpan
11313,float,light,indirect,sustained,balanced,breathy,adult,medium,rapid,big,menacing
11314,float,light,indirect,sustained,balanced,breathy,adult,huge,slow,hushed,friendly
11315,float,light,indirect,sustained,balanced,breathy,adult,huge,slow,hushed,deadpan
11316,float,light,indirect,sustained,balanced,breathy,adult,huge,slow,hushed,menacing
11317,float,light,indirect,sustained,balanced,breathy,adult,huge,slow,medium,friendly
11318,float,light,indirect,sustained,balanced,breathy,adult,huge,slow,medium,deadpan
11319,float,light,indirect,sustained,balanced,breathy,adult,huge,slow,medium,menacing
11320,float,light,indirect,sustained,balanced,breathy,adult,huge,slow,big,friendly
11321,float,light,indirect,sustained,balanced,breathy,adult,huge,slow,big,deadpan
11322,float,light,indirect,sustained,balanced,breathy,adult,huge,slow,big,menacing
11323,float,light,indirect,sustained,balanced,breathy,adult,huge,steady,hushed,friendly
11324,float,light,indirect,sustained,balanced,breathy,adult,huge,steady,hushed,deadpan
11325,float,light,indirect,sustained,balanced,breathy,adult,huge,steady,hushed,menacing
11326,float,light,indirect,sustained,balanced,breathy,adult,huge,steady,medium,friendly
11327,float,light,indirect,sustained,balanced,breathy,adult,huge,steady,medium,deadpan
11328,float,light,indirect,sustained,balanced,breathy,adult,huge,steady,medium,menacing
11329,float,light,indirect,sustained,balanced,breathy,adult,huge,steady,big,friendly
11330,float,light,indirect,sustained,balanced,breathy,adult,huge,steady,big,deadpan
11331,float,light,indirect,sustained,balanced,breathy,adult,huge,steady,big,menacing
11332,float,light,indirect,sustained,balanced,breathy,adult,huge,rapid,hushed,friendly
11333,float,light,indirect,sustained,balanced,breathy,adult,huge,rapid,hushed,deadpan
11334,float,light,indirect,sustained,balanced,breathy,adult,huge,rapid,hushed,menacing
11335,float,light,indirect,sustained,balanced,breathy,adult,huge,rapid,medium,friendly
11336,float,light,indirect,sustained,balanced,breathy,adult,huge,rapid,medium,deadpan
11337,float,light,indirect,sustained,balanced,breathy,adult,huge,rapid,medium,menacing
11338,float,light,indirect,sustained,balanced,breathy,adult,huge,rapid,big,friendly
11339,float,light,indirect,sustained,balanced,breathy,adult,huge,rapid,big,deadpan
11340,float,light,indirect,sustained,balanced,breathy,adult,huge,rapid,big,menacing
11341,float,light,indirect,sustained,balanced,breathy,elder,tiny,slow,hushed,friendly
11342,float,light,indirect,sustained,balanced,breathy,elder,tiny,slow,hushed,deadpan
11343,float,light,indirect,sustained,balanced,breathy,elder,tiny,slow,hushed,menacing
11344,float,light,indirect,sustained,balanced,breathy,elder,tiny,slow,medium,friendly
11345,float,light,indirect,sustained,balanced,breathy,elder,tiny,slow,medium,deadpan
11346,float,light,indirect,sustained,balanced,breathy,elder,tiny,slow,medium,menacing
11347,float,light,indirect,sustained,balanced,breathy,elder,tiny,slow,big,friendly
11348,float,light,indirect,sustained,balanced,breathy,elder,tiny,slow,big,deadpan
11349,float,light,indirect,sustained,balanced,breathy,elder,tiny,slow,big,menacing
11350,float,light,indirect,sustained,balanced,breathy,elder,tiny,steady,hushed,friendly
11351,float,light,indirect,sustained,balanced,breathy,elder,tiny,steady,hushed,deadpan
11352,float,light,indirect,sustained,balanced,breathy,elder,tiny,steady,hushed,menacing
11353,float,light,indirect,sustained,balanced,breathy,elder,tiny,steady,medium,friendly
11354,float,light,indirect,sustained,balanced,breathy,elder,tiny,steady,medium,deadpan
11355,float,light,indirect,sustained,balanced,breathy,elder,tiny,steady,medium,menacing
11356,float,light,indirect,sustained,balanced,breathy,elder,tiny,steady,big,friendly
11357,float,light,indirect,sustained,balanced,breathy,elder,tiny,steady,big,deadpan
11358,float,light,indirect,sustained,balanced,breathy,elder,tiny,steady,big,menacing
11359,float,light,indirect,sustained,balanced,breathy,elder,tiny,rapid,hushed,friendly
11360,float,light,indirect,sustained,balanced,breathy,elder,tiny,rapid,hushed,deadpan
11361,float,light,indirect,sustained,balanced,breathy,elder,tiny,rapid,hushed,menacing
11362,float,light,indirect,sustained,balanced,breathy,elder,tiny,rapid,medium,friendly
11363,float,light,indirect,sustained,balanced,breathy,elder,tiny,rapid,medium,deadpan
11364,float,light,indirect,sustained,balanced,breathy,elder,tiny,rapid,medium,menacing
11365,float,light,indirect,sustained,balanced,breathy,elder,tiny,rapid,big,friendly
11366,float,light,indirect,sustained,balanced,breathy,elder,tiny,rapid,big,deadpan
11367,float,light,indirect,sustained,balanced,breathy,elder,tiny,rapid,big,menacing
11368,float,light,indirect,sustained,balanced,breathy,elder,medium,slow,hushed,friendly
11369,float,light,indirect,sustained,balanced,breathy,elder,medium,slow,hushed,deadpan
11370,float,light,indirect,sustained,balanced,breathy,elder,medium,slow,hushed,menacing
11371,float,light,indirect,sustained,balanced,breathy,elder,medium,slow,medium,friendly
11372,float,light,indirect,sustained,balanced,breathy,elder,medium,slow,medium,deadpan
11373,float,light,indirect,sustained,balanced,breathy,elder,medium,slow,medium,menacing
11374,float,light,indirect,sustained,balanced,breathy,elder,medium,slow,big,friendly
11375,float,light,indirect,sustained,balanced,breathy,elder,medium,slow,big,deadpan
11376,float,light,indirect,sustained,balanced,breathy,elder,medium,slow,big,menacing
11377,float,light,indirect,sustained,balanced,breathy,elder,medium,steady,hushed,friendly
11378,float,light,indirect,sustained,balanced,breathy,elder,medium,steady,hushed,deadpan
11379,float,light,indirect,sustained,balanced,breathy,elder,medium,steady,hushed,menacing
11380,float,light,indirect,sustained,balanced,breathy,elder,medium,steady,medium,friendly
11381,float,light,indirect,sustained,balanced,breathy,elder,medium,steady,medium,deadpan
11382,float,light,indirect,sustained,balanced,breathy,elder,medium,steady,medium,menacing
11383,float,light,indirect,sustained,balanced,breathy,elder,medium,steady,big,friendly
11384,float,light,indirect,sustained,balanced,breathy,elder,medium,steady,big,deadpan
11385,float,light,indirect,sustained,balanced,breathy,elder,medium,steady,big,menacing
11386,float,light,indirect,sustained,balanced,breathy,elder,medium,rapid,hushed,friendly
11387,float,light,indirect,sustained,balanced,breathy,elder,medium,rapid,hushed,deadpan
11388,float,light,indirect,sustained,balanced,breathy,elder,medium,rapid,hushed,menacing
11389,float,light,indirect,sustained,balanced,breathy,elder,medium,rapid,medium,friendly
11390,float,light,indirect,sustained,balanced,breathy,elder,medium,rapid,medium,deadpan
11391,float,light,indirect,sustained,balanced,breathy,elder,medium,rapid,medium,menacing
11392,float,light,indirect,sustained,balanced,breathy,elder,medium,rapid,big,friendly
11393,float,light,indirect,sustained,balanced,breathy,elder,medium,rapid,big,deadpan
11394,float,light,indirect,sustained,balanced,breathy,elder,medium,rapid,big,menacing
11395,float,light,indirect,sustained,balanced,breathy,elder,huge,slow,hushed,friendly
11396,float,light,indirect,sustained,balanced,breathy,elder,huge,slow,hushed,deadpan
11397,float,light,indirect,sustained,balanced,breathy,elder,huge,slow,hushed,menacing
11398,float,light,indirect,sustained,balanced,breathy,elder,huge,slow,medium,friendly
11399,float,light,indirect,sustained,balanced,breathy,elder,huge,slow,medium,deadpan
11400,float,light,indirect,sustained,balanced,breathy,elder,huge,slow,medium,menacing
11401,float,light,indirect,sustained,balanced,breathy,elder,huge,slow,big,friendly
11402,float,light,indirect,sustained,balanced,breathy,elder,huge,slow,big,deadpan
11403,float,light,indirect,sustained,balanced,breathy,elder,huge,slow,big,menacing
11404,float,light,indirect,sustained,balanced,breathy,elder,huge,steady,hushed,friendly
11405,float,light,indirect,sustained,balanced,breathy,elder,huge,steady,hushed,deadpan
11406,float,light,indirect,sustained,balanced,breathy,elder,huge,steady,hushed,menacing
11407,float,light,indirect,sustained,balanced,breathy,elder,huge,steady,medium,friendly
11408,float,light,indirect,sustained,balanced,breathy,elder,huge,steady,medium,deadpan
11409,float,light,indirect,sustained,balanced,breathy,elder,huge,steady,medium,menacing
11410,float,light,indirect,sustained,balanced,breathy,elder,huge,steady,big,friendly
11411,float,light,indirect,sustained,balanced,breathy,elder,huge,steady,big,deadpan
11412,float,light,indirect,sustained,balanced,breathy,elder,huge,steady,big,menacing
11413,float,light,indirect,sustained,balanced,breathy,elder,huge,rapid,hushed,friendly
11414,float,light,indirect,sustained,balanced,breathy,elder,huge,rapid,hushed,deadpan
11415,float,light,indirect,sustained,balanced,breathy,elder,huge,rapid,hushed,menacing
11416,float,light,indirect,sustained,balanced,breathy,elder,huge,rapid,medium,friendly
11417,float,light,indirect,sustained,balanced,breathy,elder,huge,rapid,medium,deadpan
11418,float,light,indirect,sustained,balanced,breathy,elder,huge,rapid,medium,menacing
11419,float,light,indirect,sustained,balanced,breathy,elder,huge,rapid,big,friendly
11420,float,light,indirect,sustained,balanced,breathy,elder,huge,rapid,big,deadpan
11421,float,light,indirect,sustained,balanced,breathy,elder,huge,rapid,big,menacing
11422,float,light,indirect,sustained,balanced,dry,kid-ish,tiny,slow,hushed,friendly
11423,float,light,indirect,sustained,balanced,dry,kid-ish,tiny,slow,hushed,deadpan
11424,float,light,indirect,sustained,balanced,dry,kid-ish,tiny,slow,hushed,menacing
11425,float,light,indirect,sustained,balanced,dry,kid-ish,tiny,slow,medium,friendly
11426,float,light,indirect,sustained,balanced,dry,kid-ish,tiny,slow,medium,deadpan
11427,float,light,indirect,sustained,balanced,dry,kid-ish,tiny,slow,medium,menacing
11428,float,light,indirect,sustained,balanced,dry,kid-ish,tiny,slow,big,friendly
11429,float,light,indirect,sustained,balanced,dry,kid-ish,tiny,slow,big,deadpan
11430,float,light,indirect,sustained,balanced,dry,kid-ish,tiny,slow,big,menacing
11431,float,light,indirect,sustained,balanced,dry,kid-ish,tiny,steady,hushed,friendly
11432,float,light,indirect,sustained,balanced,dry,kid-ish,tiny,steady,hushed,deadpan
11433,float,light,indirect,sustained,balanced,dry,kid-ish,tiny,steady,hushed,menacing
11434,float,light,indirect,sustained,balanced,dry,kid-ish,tiny,steady,medium,friendly
11435,float,light,indirect,sustained,balanced,dry,kid-ish,tiny,steady,medium,deadpan
11436,float,light,indirect,sustained,balanced,dry,kid-ish,tiny,steady,medium,menacing
11437,float,light,indirect,sustained,balanced,dry,kid-ish,tiny,steady,big,friendly
11438,float,light,indirect,sustained,balanced,dry,kid-ish,tiny,steady,big,deadpan
11439,float,light,indirect,sustained,balanced,dry,kid-ish,tiny,steady,big,menacing
11440,float,light,indirect,sustained,balanced,dry,kid-ish,tiny,rapid,hushed,friendly
11441,float,light,indirect,sustained,balanced,dry,kid-ish,tiny,rapid,hushed,deadpan
11442,float,light,indirect,sustained,balanced,dry,kid-ish,tiny,rapid,hushed,menacing
11443,float,light,indirect,sustained,balanced,dry,kid-ish,tiny,rapid,medium,friendly
11444,float,light,indirect,sustained,balanced,dry,kid-ish,tiny,rapid,medium,deadpan
11445,float,light,indirect,sustained,balanced,dry,kid-ish,tiny,rapid,medium,menacing
11446,float,light,indirect,sustained,balanced,dry,kid-ish,tiny,rapid,big,friendly
11447,float,light,indirect,sustained,balanced,dry,kid-ish,tiny,rapid,big,deadpan
11448,float,light,indirect,sustained,balanced,dry,kid-ish,tiny,rapid,big,menacing
11449,float,light,indirect,sustained,balanced,dry,kid-ish,medium,slow,hushed,friendly
11450,float,light,indirect,sustained,balanced,dry,kid-ish,medium,slow,hushed,deadpan
11451,float,light,indirect,sustained,balanced,dry,kid-ish,medium,slow,hushed,menacing
11452,float,light,indirect,sustained,balanced,dry,kid-ish,medium,slow,medium,friendly
11453,float,light,indirect,sustained,balanced,dry,kid-ish,medium,slow,medium,deadpan
11454,float,light,indirect,sustained,balanced,dry,kid-ish,medium,slow,medium,menacing
11455,float,light,indirect,sustained,balanced,dry,kid-ish,medium,slow,big,friendly
11456,float,light,indirect,sustained,balanced,dry,kid-ish,medium,slow,big,deadpan
11457,float,light,indirect,sustained,balanced,dry,kid-ish,medium,slow,big,menacing
11458,float,light,indirect,sustained,balanced,dry,kid-ish,medium,steady,hushed,friendly
11459,float,light,indirect,sustained,balanced,dry,kid-ish,medium,steady,hushed,deadpan
11460,float,light,indirect,sustained,balanced,dry,kid-ish,medium,steady,hushed,menacing
11461,float,light,indirect,sustained,balanced,dry,kid-ish,medium,steady,medium,friendly
11462,float,light,indirect,sustained,balanced,dry,kid-ish,medium,steady,medium,deadpan
11463,float,light,indirect,sustained,balanced,dry,kid-ish,medium,steady,medium,menacing
11464,float,light,indirect,sustained,balanced,dry,kid-ish,medium,steady,big,friendly
11465,float,light,indirect,sustained,balanced,dry,kid-ish,medium,steady,big,deadpan
11466,float,light,indirect,sustained,balanced,dry,kid-ish,medium,steady,big,menacing
11467,float,light,indirect,sustained,balanced,dry,kid-ish,medium,rapid,hushed,friendly
11468,float,light,indirect,sustained,balanced,dry,kid-ish,medium,rapid,hushed,deadpan
11469,float,light,indirect,sustained,balanced,dry,kid-ish,medium,rapid,hushed,menacing
11470,float,light,indirect,sustained,balanced,dry,kid-ish,medium,rapid,medium,friendly
11471,float,light,indirect,sustained,balanced,dry,kid-ish,medium,rapid,medium,deadpan
11472,float,light,indirect,sustained,balanced,dry,kid-ish,medium,rapid,medium,menacing
11473,float,light,indirect,sustained,balanced,dry,kid-ish,medium,rapid,big,friendly
11474,float,light,indirect,sustained,balanced,dry,kid-ish,medium,rapid,big,deadpan
11475,float,light,indirect,sustained,balanced,dry,kid-ish,medium,rapid,big,menacing
11476,float,light,indirect,sustained,balanced,dry,kid-ish,huge,slow,hushed,friendly
11477,float,light,indirect,sustained,balanced,dry,kid-ish,huge,slow,hushed,deadpan
11478,float,light,indirect,sustained,balanced,dry,kid-ish,huge,slow,hushed,menacing
11479,float,light,indirect,sustained,balanced,dry,kid-ish,huge,slow,medium,friendly
11480,float,light,indirect,sustained,balanced,dry,kid-ish,huge,slow,medium,deadpan
11481,float,light,indirect,sustained,balanced,dry,kid-ish,huge,slow,medium,menacing
11482,float,light,indirect,sustained,balanced,dry,kid-ish,huge,slow,big,friendly
11483,float,light,indirect,sustained,balanced,dry,kid-ish,huge,slow,big,deadpan
11484,float,light,indirect,sustained,balanced,dry,kid-ish,huge,slow,big,menacing
11485,float,light,indirect,sustained,balanced,dry,kid-ish,huge,steady,hushed,friendly
11486,float,light,indirect,sustained,balanced,dry,kid-ish,huge,steady,hushed,deadpan
11487,float,light,indirect,sustained,balanced,dry,kid-ish,huge,steady,hushed,menacing
11488,float,light,indirect,sustained,balanced,dry,kid-ish,huge,steady,medium,friendly
11489,float,light,indirect,sustained,balanced,dry,kid-ish,huge,steady,medium,deadpan
11490,float,light,indirect,sustained,balanced,dry,kid-ish,huge,steady,medium,menacing
11491,float,light,indirect,sustained,balanced,dry,kid-ish,huge,steady,big,friendly
11492,float,light,indirect,sustained,balanced,dry,kid-ish,huge,steady,big,deadpan
11493,float,light,indirect,sustained,balanced,dry,kid-ish,huge,steady,big,menacing
11494,float,light,indirect,sustained,balanced,dry,kid-ish,huge,rapid,hushed,friendly
11495,float,light,indirect,sustained,balanced,dry,kid-ish,huge,rapid,hushed,deadpan
11496,float,light,indirect,sustained,balanced,dry,kid-ish,huge,rapid,hushed,menacing
11497,float,light,indirect,sustained,balanced,dry,kid-ish,huge,rapid,medium,friendly
11498,float,light,indirect,sustained,balanced,dry,kid-ish,huge,rapid,medium,deadpan
11499,float,light,indirect,sustained,balanced,dry,kid-ish,huge,rapid,medium,menacing
11500,float,light,indirect,sustained,balanced,dry,kid-ish,huge,rapid,big,friendly
11501,float,light,indirect,sustained,balanced,dry,kid-ish,huge,rapid,big,deadpan
11502,float,light,indirect,sustained,balanced,dry,kid-ish,huge,rapid,big,menacing
11503,float,light,indirect,sustained,balanced,dry,adult,tiny,slow,hushed,friendly
11504,float,light,indirect,sustained,balanced,dry,adult,tiny,slow,hushed,deadpan
11505,float,light,indirect,sustained,balanced,dry,adult,tiny,slow,hushed,menacing
11506,float,light,indirect,sustained,balanced,dry,adult,tiny,slow,medium,friendly
11507,float,light,indirect,sustained,balanced,dry,adult,tiny,slow,medium,deadpan
11508,float,light,indirect,sustained,balanced,dry,adult,tiny,slow,medium,menacing
11509,float,light,indirect,sustained,balanced,dry,adult,tiny,slow,big,friendly
11510,float,light,indirect,sustained,balanced,dry,adult,tiny,slow,big,deadpan
11511,float,light,indirect,sustained,balanced,dry,adult,tiny,slow,big,menacing
11512,float,light,indirect,sustained,balanced,dry,adult,tiny,steady,hushed,friendly
11513,float,light,indirect,sustained,balanced,dry,adult,tiny,steady,hushed,deadpan
11514,float,light,indirect,sustained,balanced,dry,adult,tiny,steady,hushed,menacing
11515,float,light,indirect,sustained,balanced,dry,adult,tiny,steady,medium,friendly
11516,float,light,indirect,sustained,balanced,dry,adult,tiny,steady,medium,deadpan
11517,float,light,indirect,sustained,balanced,dry,adult,tiny,steady,medium,menacing
11518,float,light,indirect,sustained,balanced,dry,adult,tiny,steady,big,friendly
11519,float,light,indirect,sustained,balanced,dry,adult,tiny,steady,big,deadpan
11520,float,light,indirect,sustained,balanced,dry,adult,tiny,steady,big,menacing
11521,float,light,indirect,sustained,balanced,dry,adult,tiny,rapid,hushed,friendly
11522,float,light,indirect,sustained,balanced,dry,adult,tiny,rapid,hushed,deadpan
11523,float,light,indirect,sustained,balanced,dry,adult,tiny,rapid,hushed,menacing
11524,float,light,indirect,sustained,balanced,dry,adult,tiny,rapid,medium,friendly
11525,float,light,indirect,sustained,balanced,dry,adult,tiny,rapid,medium,deadpan
11526,float,light,indirect,sustained,balanced,dry,adult,tiny,rapid,medium,menacing
11527,float,light,indirect,sustained,balanced,dry,adult,tiny,rapid,big,friendly
11528,float,light,indirect,sustained,balanced,dry,adult,tiny,rapid,big,deadpan
11529,float,light,indirect,sustained,balanced,dry,adult,tiny,rapid,big,menacing
11530,float,light,indirect,sustained,balanced,dry,adult,medium,slow,hushed,friendly
11531,float,light,indirect,sustained,balanced,dry,adult,medium,slow,hushed,deadpan
11532,float,light,indirect,sustained,balanced,dry,adult,medium,slow,hushed,menacing
11533,float,light,indirect,sustained,balanced,dry,adult,medium,slow,medium,friendly
11534,float,light,indirect,sustained,balanced,dry,adult,medium,slow,medium,deadpan
11535,float,light,indirect,sustained,balanced,dry,adult,medium,slow,medium,menacing
11536,float,light,indirect,sustained,balanced,dry,adult,medium,slow,big,friendly
11537,float,light,indirect,sustained,balanced,dry,adult,medium,slow,big,deadpan
11538,float,light,indirect,sustained,balanced,dry,adult,medium,slow,big,menacing
11539,float,light,indirect,sustained,balanced,dry,adult,medium,steady,hushed,friendly
11540,float,light,indirect,sustained,balanced,dry,adult,medium,steady,hushed,deadpan
11541,float,light,indirect,sustained,balanced,dry,adult,medium,steady,hushed,menacing
11542,float,light,indirect,sustained,balanced,dry,adult,medium,steady,medium,friendly
11543,float,light,indirect,sustained,balanced,dry,adult,medium,steady,medium,deadpan
11544,float,light,indirect,sustained,balanced,dry,adult,medium,steady,medium,menacing
11545,float,light,indirect,sustained,balanced,dry,adult,medium,steady,big,friendly
11546,float,light,indirect,sustained,balanced,dry,adult,medium,steady,big,deadpan
11547,float,light,indirect,sustained,balanced,dry,adult,medium,steady,big,menacing
11548,float,light,indirect,sustained,balanced,dry,adult,medium,rapid,hushed,friendly
11549,float,light,indirect,sustained,balanced,dry,adult,medium,rapid,hushed,deadpan
11550,float,light,indirect,sustained,balanced,dry,adult,medium,rapid,hushed,menacing
11551,float,light,indirect,sustained,balanced,dry,adult,medium,rapid,medium,friendly
11552,float,light,indirect,sustained,balanced,dry,adult,medium,rapid,medium,deadpan
11553,float,light,indirect,sustained,balanced,dry,adult,medium,rapid,medium,menacing
11554,float,light,indirect,sustained,balanced,dry,adult,medium,rapid,big,friendly
11555,float,light,indirect,sustained,balanced,dry,adult,medium,rapid,big,deadpan
11556,float,light,indirect,sustained,balanced,dry,adult,medium,rapid,big,menacing
11557,float,light,indirect,sustained,balanced,dry,adult,huge,slow,hushed,friendly
11558,float,light,indirect,sustained,balanced,dry,adult,huge,slow,hushed,deadpan
11559,float,light,indirect,sustained,balanced,dry,adult,huge,slow,hushed,menacing
11560,float,light,indirect,sustained,balanced,dry,adult,huge,slow,medium,friendly
11561,float,light,indirect,sustained,balanced,dry,adult,huge,slow,medium,deadpan
11562,float,light,indirect,sustained,balanced,dry,adult,huge,slow,medium,menacing
11563,float,light,indirect,sustained,balanced,dry,adult,huge,slow,big,friendly
11564,float,light,indirect,sustained,balanced,dry,adult,huge,slow,big,deadpan
11565,float,light,indirect,sustained,balanced,dry,adult,huge,slow,big,menacing
11566,float,light,indirect,sustained,balanced,dry,adult,huge,steady,hushed,friendly
11567,float,light,indirect,sustained,balanced,dry,adult,huge,steady,hushed,deadpan
11568,float,light,indirect,sustained,balanced,dry,adult,huge,steady,hushed,menacing
11569,float,light,indirect,sustained,balanced,dry,adult,huge,steady,medium,friendly
11570,float,light,indirect,sustained,balanced,dry,adult,huge,steady,medium,deadpan
11571,float,light,indirect,sustained,balanced,dry,adult,huge,steady,medium,menacing
11572,float,light,indirect,sustained,balanced,dry,adult,huge,steady,big,friendly
11573,float,light,indirect,sustained,balanced,dry,adult,huge,steady,big,deadpan
11574,float,light,indirect,sustained,balanced,dry,adult,huge,steady,big,menacing
11575,float,light,indirect,sustained,balanced,dry,adult,huge,rapid,hushed,friendly
11576,float,light,indirect,sustained,balanced,dry,adult,huge,rapid,hushed,deadpan
11577,float,light,indirect,sustained,balanced,dry,adult,huge,rapid,hushed,menacing
11578,float,light,indirect,sustained,balanced,dry,adult,huge,rapid,medium,friendly
11579,float,light,indirect,sustained,balanced,dry,adult,huge,rapid,medium,deadpan
11580,float,light,indirect,sustained,balanced,dry,adult,huge,rapid,medium,menacing
11581,float,light,indirect,sustained,balanced,dry,adult,huge,rapid,big,friendly
11582,float,light,indirect,sustained,balanced,dry,adult,huge,rapid,big,deadpan
11583,float,light,indirect,sustained,balanced,dry,adult,huge,rapid,big,menacing
11584,float,light,indirect,sustained,balanced,dry,elder,tiny,slow,hushed,friendly
11585,float,light,indirect,sustained,balanced,dry,elder,tiny,slow,hushed,deadpan
11586,float,light,indirect,sustained,balanced,dry,elder,tiny,slow,hushed,menacing
11587,float,light,indirect,sustained,balanced,dry,elder,tiny,slow,medium,friendly
11588,float,light,indirect,sustained,balanced,dry,elder,tiny,slow,medium,deadpan
11589,float,light,indirect,sustained,balanced,dry,elder,tiny,slow,medium,menacing
11590,float,light,indirect,sustained,balanced,dry,elder,tiny,slow,big,friendly
11591,float,light,indirect,sustained,balanced,dry,elder,tiny,slow,big,deadpan
11592,float,light,indirect,sustained,balanced,dry,elder,tiny,slow,big,menacing
11593,float,light,indirect,sustained,balanced,dry,elder,tiny,steady,hushed,friendly
11594,float,light,indirect,sustained,balanced,dry,elder,tiny,steady,hushed,deadpan
11595,float,light,indirect,sustained,balanced,dry,elder,tiny,steady,hushed,menacing
11596,float,light,indirect,sustained,balanced,dry,elder,tiny,steady,medium,friendly
11597,float,light,indirect,sustained,balanced,dry,elder,tiny,steady,medium,deadpan
11598,float,light,indirect,sustained,balanced,dry,elder,tiny,steady,medium,menacing
11599,float,light,indirect,sustained,balanced,dry,elder,tiny,steady,big,friendly
11600,float,light,indirect,sustained,balanced,dry,elder,tiny,steady,big,deadpan
11601,float,light,indirect,sustained,balanced,dry,elder,tiny,steady,big,menacing
11602,float,light,indirect,sustained,balanced,dry,elder,tiny,rapid,hushed,friendly
11603,float,light,indirect,sustained,balanced,dry,elder,tiny,rapid,hushed,deadpan
11604,float,light,indirect,sustained,balanced,dry,elder,tiny,rapid,hushed,menacing
11605,float,light,indirect,sustained,balanced,dry,elder,tiny,rapid,medium,friendly
11606,float,light,indirect,sustained,balanced,dry,elder,tiny,rapid,medium,deadpan
11607,float,light,indirect,sustained,balanced,dry,elder,tiny,rapid,medium,menacing
11608,float,light,indirect,sustained,balanced,dry,elder,tiny,rapid,big,friendly
11609,float,light,indirect,sustained,balanced,dry,elder,tiny,rapid,big,deadpan
11610,float,light,indirect,sustained,balanced,dry,elder,tiny,rapid,big,menacing
11611,float,light,indirect,sustained,balanced,dry,elder,medium,slow,hushed,friendly
11612,float,light,indirect,sustained,balanced,dry,elder,medium,slow,hushed,deadpan
11613,float,light,indirect,sustained,balanced,dry,elder,medium,slow,hushed,menacing
11614,float,light,indirect,sustained,balanced,dry,elder,medium,slow,medium,friendly
11615,float,light,indirect,sustained,balanced,dry,elder,medium,slow,medium,deadpan
11616,float,light,indirect,sustained,balanced,dry,elder,medium,slow,medium,menacing
11617,float,light,indirect,sustained,balanced,dry,elder,medium,slow,big,friendly
11618,float,light,indirect,sustained,balanced,dry,elder,medium,slow,big,deadpan
11619,float,light,indirect,sustained,balanced,dry,elder,medium,slow,big,menacing
11620,float,light,indirect,sustained,balanced,dry,elder,medium,steady,hushed,friendly
11621,float,light,indirect,sustained,balanced,dry,elder,medium,steady,hushed,deadpan
11622,float,light,indirect,sustained,balanced,dry,elder,medium,steady,hushed,menacing
11623,float,light,indirect,sustained,balanced,dry,elder,medium,steady,medium,friendly
11624,float,light,indirect,sustained,balanced,dry,elder,medium,steady,medium,deadpan
11625,float,light,indirect,sustained,balanced,dry,elder,medium,steady,medium,menacing
11626,float,light,indirect,sustained,balanced,dry,elder,medium,steady,big,friendly
11627,float,light,indirect,sustained,balanced,dry,elder,medium,steady,big,deadpan
11628,float,light,indirect,sustained,balanced,dry,elder,medium,steady,big,menacing
11629,float,light,indirect,sustained,balanced,dry,elder,medium,rapid,hushed,friendly
11630,float,light,indirect,sustained,balanced,dry,elder,medium,rapid,hushed,deadpan
11631,float,light,indirect,sustained,balanced,dry,elder,medium,rapid,hushed,menacing
11632,float,light,indirect,sustained,balanced,dry,elder,medium,rapid,medium,friendly
11633,float,light,indirect,sustained,balanced,dry,elder,medium,rapid,medium,deadpan
11634,float,light,indirect,sustained,balanced,dry,elder,medium,rapid,medium,menacing
11635,float,light,indirect,sustained,balanced,dry,elder,medium,rapid,big,friendly
11636,float,light,indirect,sustained,balanced,dry,elder,medium,rapid,big,deadpan
11637,float,light,indirect,sustained,balanced,dry,elder,medium,rapid,big,menacing
11638,float,light,indirect,sustained,balanced,dry,elder,huge,slow,hushed,friendly
11639,float,light,indirect,sustained,balanced,dry,elder,huge,slow,hushed,deadpan
11640,float,light,indirect,sustained,balanced,dry,elder,huge,slow,hushed,menacing
11641,float,light,indirect,sustained,balanced,dry,elder,huge,slow,medium,friendly
11642,float,light,indirect,sustained,balanced,dry,elder,huge,slow,medium,deadpan
11643,float,light,indirect,sustained,balanced,dry,elder,huge,slow,medium,menacing
11644,float,light,indirect,sustained,balanced,dry,elder,huge,slow,big,friendly
11645,float,light,indirect,sustained,balanced,dry,elder,huge,slow,big,deadpan
11646,float,light,indirect,sustained,balanced,dry,elder,huge,slow,big,menacing
11647,float,light,indirect,sustained,balanced,dry,elder,huge,steady,hushed,friendly
11648,float,light,indirect,sustained,balanced,dry,elder,huge,steady,hushed,deadpan
11649,float,light,indirect,sustained,balanced,dry,elder,huge,steady,hushed,menacing
11650,float,light,indirect,sustained,balanced,dry,elder,huge,steady,medium,friendly
11651,float,light,indirect,sustained,balanced,dry,elder,huge,steady,medium,deadpan
11652,float,light,indirect,sustained,balanced,dry,elder,huge,steady,medium,menacing
11653,float,light,indirect,sustained,balanced,dry,elder,huge,steady,big,friendly
11654,float,light,indirect,sustained,balanced,dry,elder,huge,steady,big,deadpan
11655,float,light,indirect,sustained,balanced,dry,elder,huge,steady,big,menacing
11656,float,light,indirect,sustained,balanced,dry,elder,huge,rapid,hushed,friendly
11657,float,light,indirect,sustained,balanced,dry,elder,huge,rapid,hushed,deadpan
11658,float,light,indirect,sustained,balanced,dry,elder,huge,rapid,hushed,menacing
11659,float,light,indirect,sustained,balanced,dry,elder,huge,rapid,medium,friendly
11660,float,light,indirect,sustained,balanced,dry,elder,huge,rapid,medium,deadpan
11661,float,light,indirect,sustained,balanced,dry,elder,huge,rapid,medium,menacing
11662,float,light,indirect,sustained,balanced,dry,elder,huge,rapid,big,friendly
11663,float,light,indirect,sustained,balanced,dry,elder,huge,rapid,big,deadpan
11664,float,light,indirect,sustained,balanced,dry,elder,huge,rapid,big,menacing
